ISO-10303-21;
HEADER;
FILE_DESCRIPTION (( 'STEP AP214' ),
    '1' );
FILE_NAME ('SSOP-16.STEP',
    '2015-12-12T22:59:39',
    ( '' ),
    ( '' ),
    'SwSTEP 2.0',
    'SolidWorks 2015',
    '' );
FILE_SCHEMA (( 'AUTOMOTIVE_DESIGN' ));
ENDSEC;

DATA;
#1 = EDGE_CURVE ( 'NONE', #7523, #4062, #2482, .T. ) ;
#2 = CARTESIAN_POINT ( 'NONE',  ( 0.8349999999999989700, -0.8946558305423294400, -2.965119263301911400 ) ) ;
#3 = ADVANCED_FACE ( 'NONE', ( #253 ), #2958, .F. ) ;
#4 = VERTEX_POINT ( 'NONE', #6411 ) ;
#5 = VECTOR ( 'NONE', #5501, 1000.000000000000000 ) ;
#6 = CARTESIAN_POINT ( 'NONE',  ( 2.974999999999998300, -0.8885781443239865200, 2.999587534657339700 ) ) ;
#7 = ORIENTED_EDGE ( 'NONE', *, *, #2748, .F. ) ;
#8 = CARTESIAN_POINT ( 'NONE',  ( -1.705000000000000300, -0.1289223137816567200, 2.627014461887075200 ) ) ;
#9 = VECTOR ( 'NONE', #3328, 1000.000000000000000 ) ;
#10 = DIRECTION ( 'NONE',  ( 0.0000000000000000000, 1.000000000000000000, 2.168404344971009900E-016 ) ) ;
#11 = DIRECTION ( 'NONE',  ( 0.0000000000000000000, 2.168404344971009900E-016, 1.000000000000000000 ) ) ;
#12 = ORIENTED_EDGE ( 'NONE', *, *, #2098, .F. ) ;
#13 = DIRECTION ( 'NONE',  ( 1.000000000000000000, -0.0000000000000000000, -0.0000000000000000000 ) ) ;
#14 = ORIENTED_EDGE ( 'NONE', *, *, #2414, .T. ) ;
#15 = CARTESIAN_POINT ( 'NONE',  ( 0.0000000000000000000, -0.9293854660757164800, 2.768157712699470100 ) ) ;
#16 = PRODUCT_DEFINITION ( 'UNKNOWN', '', #7633, #8544 ) ;
#17 = CARTESIAN_POINT ( 'NONE',  ( -4.645000000000001400, -0.9235781443239867700, 2.970219047566134300 ) ) ;
#18 = ORIENTED_EDGE ( 'NONE', *, *, #3300, .F. ) ;
#19 = AXIS2_PLACEMENT_3D ( 'NONE', #5092, #1030, #325 ) ;
#20 = ORIENTED_EDGE ( 'NONE', *, *, #400, .F. ) ;
#21 = FACE_OUTER_BOUND ( 'NONE', #3249, .T. ) ;
#22 = EDGE_LOOP ( 'NONE', ( #7265, #5301, #5381, #4659 ) ) ;
#23 = VECTOR ( 'NONE', #6011, 1000.000000000000000 ) ;
#24 = VECTOR ( 'NONE', #1026, 1000.000000000000200 ) ;
#25 = CIRCLE ( 'NONE', #3886, 0.2350000000000004000 ) ;
#26 = CARTESIAN_POINT ( 'NONE',  ( -0.4350000000000013900, -0.8946558305423294400, -2.965119263301911400 ) ) ;
#27 = ORIENTED_EDGE ( 'NONE', *, *, #3546, .F. ) ;
#28 = CARTESIAN_POINT ( 'NONE',  ( -2.105000000000001300, -0.1000000000000000100, -1.599999999999999900 ) ) ;
#29 = PRESENTATION_LAYER_ASSIGNMENT (  '', '', ( #4793 ) ) ;
#30 = VECTOR ( 'NONE', #4710, 1000.000000000000000 ) ;
#31 = ORIENTED_EDGE ( 'NONE', *, *, #4261, .F. ) ;
#32 = ORIENTED_EDGE ( 'NONE', *, *, #6922, .T. ) ;
#33 = ORIENTED_EDGE ( 'NONE', *, *, #5771, .F. ) ;
#34 = AXIS2_PLACEMENT_3D ( 'NONE', #7314, #4609, #4025 ) ;
#35 = LINE ( 'NONE', #6866, #2070 ) ;
#36 = VECTOR ( 'NONE', #497, 1000.000000000000000 ) ;
#37 = ORIENTED_EDGE ( 'NONE', *, *, #2435, .T. ) ;
#38 = VERTEX_POINT ( 'NONE', #4333 ) ;
#39 = DIRECTION ( 'NONE',  ( 0.0000000000000000000, 0.0000000000000000000, 1.000000000000000000 ) ) ;
#40 = CARTESIAN_POINT ( 'NONE',  ( 0.4349999999999987800, 0.1000000000000000100, 1.599999999999999900 ) ) ;
#41 = VERTEX_POINT ( 'NONE', #280 ) ;
#42 = ORIENTED_EDGE ( 'NONE', *, *, #5988, .F. ) ;
#43 = CYLINDRICAL_SURFACE ( 'NONE', #4974, 0.2350000000000002400 ) ;
#44 = DIRECTION ( 'NONE',  ( 0.0000000000000000000, 0.0000000000000000000, -1.000000000000000000 ) ) ;
#45 = DIRECTION ( 'NONE',  ( 0.0000000000000000000, -0.9848077530122073500, -0.1736481776669340500 ) ) ;
#46 = EDGE_CURVE ( 'NONE', #2755, #2716, #3895, .T. ) ;
#47 = CARTESIAN_POINT ( 'NONE',  ( 4.645000000000001400, 0.4800880834868125900, -2.519629497316660900 ) ) ;
#48 = ORIENTED_EDGE ( 'NONE', *, *, #1184, .F. ) ;
#49 = CARTESIAN_POINT ( 'NONE',  ( 2.105000000000000000, -0.8885781443239865200, 2.999587534657339700 ) ) ;
#50 = CARTESIAN_POINT ( 'NONE',  ( -0.8350000000000015200, -0.1000000000000000100, 1.599999999999999900 ) ) ;
#51 = CARTESIAN_POINT ( 'NONE',  ( -0.8350000000000015200, -0.1349999999999994500, 2.592546190531647400 ) ) ;
#52 = LINE ( 'NONE', #5978, #3928 ) ;
#53 = EDGE_CURVE ( 'NONE', #5932, #3225, #890, .T. ) ;
#54 = CARTESIAN_POINT ( 'NONE',  ( 4.645000000000001400, -0.1000000000000000100, -1.599999999999999900 ) ) ;
#55 = SURFACE_SIDE_STYLE ('',( #1045 ) ) ;
#56 = DIRECTION ( 'NONE',  ( -0.0000000000000000000, 0.9848077530122073500, -0.1736481776669340500 ) ) ;
#57 = ORIENTED_EDGE ( 'NONE', *, *, #7689, .T. ) ;
#58 = EDGE_CURVE ( 'NONE', #2572, #8689, #8296, .T. ) ;
#59 = VECTOR ( 'NONE', #4453, 1000.000000000000000 ) ;
#60 = ORIENTED_EDGE ( 'NONE', *, *, #5895, .F. ) ;
#61 = DIRECTION ( 'NONE',  ( -1.000000000000000000, 0.0000000000000000000, 0.0000000000000000000 ) ) ;
#62 = DIRECTION ( 'NONE',  ( -0.0000000000000000000, -2.168404344971009900E-016, -1.000000000000000000 ) ) ;
#63 = LINE ( 'NONE', #3734, #4683 ) ;
#64 = EDGE_CURVE ( 'NONE', #1349, #3746, #7670, .T. ) ;
#65 = AXIS2_PLACEMENT_3D ( 'NONE', #1690, #6428, #2384 ) ;
#66 = AXIS2_PLACEMENT_3D ( 'NONE', #6450, #1755, #5822 ) ;
#67 = CARTESIAN_POINT ( 'NONE',  ( 4.645000000000000500, -1.123578144323987200, 3.555000000000000200 ) ) ;
#68 = ORIENTED_EDGE ( 'NONE', *, *, #4274, .T. ) ;
#69 = CARTESIAN_POINT ( 'NONE',  ( 0.4349999999999987800, -0.8946558305423292200, -2.965119263301912300 ) ) ;
#70 = CIRCLE ( 'NONE', #7927, 0.2350000000000004000 ) ;
#71 = DIRECTION ( 'NONE',  ( 1.000000000000000000, 0.0000000000000000000, 0.0000000000000000000 ) ) ;
#72 = DIRECTION ( 'NONE',  ( -7.080503983578801900E-016, -0.0000000000000000000, -1.000000000000000000 ) ) ;
#73 = CARTESIAN_POINT ( 'NONE',  ( -4.645000000000001400, -0.9235781443239869900, 3.555000000000000200 ) ) ;
#74 = AXIS2_PLACEMENT_3D ( 'NONE', #6376, #7087, #6326 ) ;
#75 = ORIENTED_EDGE ( 'NONE', *, *, #6398, .F. ) ;
#76 = MECHANICAL_DESIGN_GEOMETRIC_PRESENTATION_REPRESENTATION (  '', ( #3651 ), #6444 ) ;
#77 = LINE ( 'NONE', #5680, #2113 ) ;
#78 = CARTESIAN_POINT ( 'NONE',  ( 4.245000000000000100, -0.1000000000000000100, -1.599999999999999900 ) ) ;
#79 = ADVANCED_FACE ( 'NONE', ( #4847 ), #6299, .T. ) ;
#80 = AXIS2_PLACEMENT_3D ( 'NONE', #1714, #2376, #2408 ) ;
#81 = ORIENTED_EDGE ( 'NONE', *, *, #5497, .F. ) ;
#82 = CYLINDRICAL_SURFACE ( 'NONE', #4618, 0.03500000000000019100 ) ;
#83 = AXIS2_PLACEMENT_3D ( 'NONE', #6874, #6071, #3994 ) ;
#84 = PLANE ( 'NONE',  #375 ) ;
#85 = DIRECTION ( 'NONE',  ( -2.168404344971009900E-016, 2.168404344971009900E-016, -1.000000000000000000 ) ) ;
#86 = CARTESIAN_POINT ( 'NONE',  ( 4.645000000000001400, -0.8946558305423297800, 2.965119263301910100 ) ) ;
#87 = LINE ( 'NONE', #835, #4285 ) ;
#88 = ORIENTED_EDGE ( 'NONE', *, *, #8700, .T. ) ;
#89 = PRESENTATION_STYLE_ASSIGNMENT (( #6174 ) ) ;
#90 = ORIENTED_EDGE ( 'NONE', *, *, #1311, .T. ) ;
#91 = EDGE_CURVE ( 'NONE', #6501, #4, #5271, .T. ) ;
#92 = CARTESIAN_POINT ( 'NONE',  ( -1.705000000000000300, -0.1289223137816567200, 2.627014461887075200 ) ) ;
#93 = CARTESIAN_POINT ( 'NONE',  ( 0.8349999999999989700, -0.1349999999999994500, -2.592546190531647400 ) ) ;
#94 = ORIENTED_EDGE ( 'NONE', *, *, #1416, .F. ) ;
#95 = FACE_OUTER_BOUND ( 'NONE', #3772, .T. ) ;
#96 = CARTESIAN_POINT ( 'NONE',  ( -2.975000000000001400, -1.123578144323987200, -3.555000000000000200 ) ) ;
#97 = CARTESIAN_POINT ( 'NONE',  ( -4.645000000000001400, -0.8885781443239865200, -2.999587534657339700 ) ) ;
#98 = DIRECTION ( 'NONE',  ( -0.0000000000000000000, 0.0000000000000000000, -1.000000000000000000 ) ) ;
#99 = ORIENTED_EDGE ( 'NONE', *, *, #1605, .T. ) ;
#100 = ADVANCED_FACE ( 'NONE', ( #5887 ), #922, .T. ) ;
#101 = VECTOR ( 'NONE', #2329, 1000.000000000000000 ) ;
#102 = CARTESIAN_POINT ( 'NONE',  ( 0.8349999999999998500, -0.09999999999999925600, 2.592546190531647400 ) ) ;
#103 = CARTESIAN_POINT ( 'NONE',  ( 0.0000000000000000000, 1.000000000000000000, 0.0000000000000000000 ) ) ;
#104 = DIRECTION ( 'NONE',  ( 1.000000000000000000, -0.0000000000000000000, 0.0000000000000000000 ) ) ;
#105 = DIRECTION ( 'NONE',  ( 0.0000000000000000000, 0.0000000000000000000, 1.000000000000000000 ) ) ;
#106 = VECTOR ( 'NONE', #7735, 1000.000000000000000 ) ;
#107 = UNCERTAINTY_MEASURE_WITH_UNIT (LENGTH_MEASURE( 1.000000000000000100E-005 ), #7529, 'distance_accuracy_value', 'NONE');
#108 = ORIENTED_EDGE ( 'NONE', *, *, #3412, .T. ) ;
#109 = EDGE_CURVE ( 'NONE', #4217, #2789, #6111, .T. ) ;
#110 = DIRECTION ( 'NONE',  ( 0.0000000000000000000, 0.0000000000000000000, -1.000000000000000000 ) ) ;
#111 = CARTESIAN_POINT ( 'NONE',  ( 2.974999999999998300, -0.1000000000000000100, 1.599999999999999900 ) ) ;
#112 = PLANE ( 'NONE',  #1676 ) ;
#113 = LINE ( 'NONE', #6637, #4835 ) ;
#114 = CARTESIAN_POINT ( 'NONE',  ( 4.645000000000001400, -0.1349999999999994500, -2.592546190531647400 ) ) ;
#115 = ORIENTED_EDGE ( 'NONE', *, *, #1513, .T. ) ;
#116 = ORIENTED_EDGE ( 'NONE', *, *, #6879, .T. ) ;
#117 = LINE ( 'NONE', #3168, #1176 ) ;
#118 = EDGE_CURVE ( 'NONE', #3241, #4258, #679, .T. ) ;
#119 = EDGE_LOOP ( 'NONE', ( #362, #3918, #4026, #2744 ) ) ;
#120 = ADVANCED_FACE ( 'NONE', ( #1314 ), #8388, .T. ) ;
#121 = EDGE_CURVE ( 'NONE', #4010, #2605, #8521, .T. ) ;
#122 = CARTESIAN_POINT ( 'NONE',  ( 0.4349999999999987800, -0.09999999999999925600, 2.592546190531647400 ) ) ;
#123 = ORIENTED_EDGE ( 'NONE', *, *, #2574, .T. ) ;
#124 = VECTOR ( 'NONE', #8269, 1000.000000000000000 ) ;
#125 = CARTESIAN_POINT ( 'NONE',  ( 4.245000000000000100, -0.8885781443239865200, -2.999587534657339700 ) ) ;
#126 = ORIENTED_EDGE ( 'NONE', *, *, #2346, .F. ) ;
#127 = ORIENTED_EDGE ( 'NONE', *, *, #6432, .T. ) ;
#128 = ORIENTED_EDGE ( 'NONE', *, *, #3638, .F. ) ;
#129 = ADVANCED_FACE ( 'NONE', ( #5062 ), #7830, .F. ) ;
#130 = CYLINDRICAL_SURFACE ( 'NONE', #2992, 0.03500000000000019800 ) ;
#131 = ORIENTED_EDGE ( 'NONE', *, *, #298, .T. ) ;
#132 = ORIENTED_EDGE ( 'NONE', *, *, #3511, .F. ) ;
#133 = ORIENTED_EDGE ( 'NONE', *, *, #8597, .F. ) ;
#134 = CARTESIAN_POINT ( 'NONE',  ( 0.4349999999999987800, -0.1000000000000000100, 1.599999999999999900 ) ) ;
#135 = ORIENTED_EDGE ( 'NONE', *, *, #8106, .T. ) ;
#136 = VECTOR ( 'NONE', #6339, 1000.000000000000000 ) ;
#137 = DIRECTION ( 'NONE',  ( 0.0000000000000000000, 0.1736481776669342400, -0.9848077530122073500 ) ) ;
#138 = AXIS2_PLACEMENT_3D ( 'NONE', #4260, #6856, #2823 ) ;
#139 = EDGE_LOOP ( 'NONE', ( #1853, #5763, #8517, #1071 ) ) ;
#140 = ORIENTED_EDGE ( 'NONE', *, *, #5631, .F. ) ;
#141 = ORIENTED_EDGE ( 'NONE', *, *, #2628, .T. ) ;
#142 = CARTESIAN_POINT ( 'NONE',  ( 1.704999999999999000, -0.1000000000000000100, 1.599999999999999900 ) ) ;
#143 = FACE_OUTER_BOUND ( 'NONE', #119, .T. ) ;
#144 = CARTESIAN_POINT ( 'NONE',  ( 2.974999999999998300, -0.8885781443239865200, -2.999587534657339700 ) ) ;
#145 = VECTOR ( 'NONE', #4574, 1000.000000000000200 ) ;
#146 = EDGE_LOOP ( 'NONE', ( #4801, #3486, #5080, #322 ) ) ;
#147 = AXIS2_PLACEMENT_3D ( 'NONE', #4947, #6263, #6993 ) ;
#148 = ORIENTED_EDGE ( 'NONE', *, *, #6347, .F. ) ;
#149 = CARTESIAN_POINT ( 'NONE',  ( -3.375000000000001300, 0.1000000000000000100, -1.599999999999999900 ) ) ;
#150 = ORIENTED_EDGE ( 'NONE', *, *, #8016, .F. ) ;
#151 = CARTESIAN_POINT ( 'NONE',  ( 0.8349999999999998500, -0.8885781443239865200, 2.999587534657339700 ) ) ;
#152 = VERTEX_POINT ( 'NONE', #4499 ) ;
#153 = DIRECTION ( 'NONE',  ( 0.0000000000000000000, 0.1736481776669341100, -0.9848077530122073500 ) ) ;
#154 = FACE_OUTER_BOUND ( 'NONE', #4853, .T. ) ;
#155 = EDGE_CURVE ( 'NONE', #5370, #5583, #4126, .T. ) ;
#156 = DIRECTION ( 'NONE',  ( 0.0000000000000000000, -0.1736481776669340800, 0.9848077530122074700 ) ) ;
#157 = EDGE_CURVE ( 'NONE', #3438, #3507, #1622, .T. ) ;
#158 = AXIS2_PLACEMENT_3D ( 'NONE', #8216, #1450, #6151 ) ;
#159 = ORIENTED_EDGE ( 'NONE', *, *, #4038, .T. ) ;
#160 = CARTESIAN_POINT ( 'NONE',  ( 2.105000000000000000, -0.8946558305423297800, 2.965119263301910100 ) ) ;
#161 = FACE_OUTER_BOUND ( 'NONE', #5292, .T. ) ;
#162 = DIRECTION ( 'NONE',  ( 2.168404344971009900E-016, 0.0000000000000000000, 1.000000000000000000 ) ) ;
#163 = ORIENTED_EDGE ( 'NONE', *, *, #4806, .T. ) ;
#164 = VECTOR ( 'NONE', #1457, 1000.000000000000000 ) ;
#165 = CARTESIAN_POINT ( 'NONE',  ( 2.105000000000000000, -0.8885781443239865200, 2.999587534657339700 ) ) ;
#166 = EDGE_CURVE ( 'NONE', #6274, #6041, #7888, .T. ) ;
#167 = CARTESIAN_POINT ( 'NONE',  ( -2.105000000000001300, -0.1000000000000000100, 1.599999999999999900 ) ) ;
#168 = DIRECTION ( 'NONE',  ( 0.0000000000000000000, 0.0000000000000000000, -1.000000000000000000 ) ) ;
#169 = ADVANCED_FACE ( 'NONE', ( #8620 ), #7807, .F. ) ;
#170 = ORIENTED_EDGE ( 'NONE', *, *, #8700, .F. ) ;
#171 = DIRECTION ( 'NONE',  ( 1.000000000000000000, 0.0000000000000000000, 0.0000000000000000000 ) ) ;
#172 = ADVANCED_FACE ( 'NONE', ( #7243 ), #8543, .F. ) ;
#173 = CARTESIAN_POINT ( 'NONE',  ( 0.4349999999999987800, -0.1349999999999994500, 2.592546190531647400 ) ) ;
#174 = CARTESIAN_POINT ( 'NONE',  ( 0.4349999999999986700, -1.123578144323987200, -3.555000000000000200 ) ) ;
#175 = DIRECTION ( 'NONE',  ( 0.0000000000000000000, 1.000000000000000000, 0.0000000000000000000 ) ) ;
#176 = EDGE_CURVE ( 'NONE', #2293, #2063, #6516, .T. ) ;
#177 = ORIENTED_EDGE ( 'NONE', *, *, #279, .T. ) ;
#178 = FACE_OUTER_BOUND ( 'NONE', #3516, .T. ) ;
#179 = PLANE ( 'NONE',  #3944 ) ;
#180 = CARTESIAN_POINT ( 'NONE',  ( -4.645000000000001400, -0.06527036446661323200, 2.818876228225292800 ) ) ;
#181 = EDGE_LOOP ( 'NONE', ( #7268, #2963, #6242, #234 ) ) ;
#182 = AXIS2_PLACEMENT_3D ( 'NONE', #4384, #5052, #5805 ) ;
#183 = ORIENTED_EDGE ( 'NONE', *, *, #8615, .F. ) ;
#184 = FACE_OUTER_BOUND ( 'NONE', #5682, .T. ) ;
#185 = PLANE ( 'NONE',  #2607 ) ;
#186 = ADVANCED_FACE ( 'NONE', ( #6717 ), #5898, .F. ) ;
#187 = PRESENTATION_LAYER_ASSIGNMENT (  '', '', ( #5245 ) ) ;
#188 = DIRECTION ( 'NONE',  ( 0.0000000000000000000, 7.744301232039248600E-016, 1.000000000000000000 ) ) ;
#189 = ORIENTED_EDGE ( 'NONE', *, *, #3607, .F. ) ;
#190 = DIRECTION ( 'NONE',  ( 2.168404344971009900E-016, 0.0000000000000000000, 1.000000000000000000 ) ) ;
#191 = VECTOR ( 'NONE', #2165, 1000.000000000000000 ) ;
#192 = ORIENTED_EDGE ( 'NONE', *, *, #7944, .F. ) ;
#193 = LINE ( 'NONE', #3627, #8358 ) ;
#194 = CARTESIAN_POINT ( 'NONE',  ( -1.705000000000001200, -0.1349999999999994500, -2.592546190531647400 ) ) ;
#195 = EDGE_CURVE ( 'NONE', #6245, #1153, #4328, .T. ) ;
#196 = AXIS2_PLACEMENT_3D ( 'NONE', #5648, #8245, #6333 ) ;
#197 = CARTESIAN_POINT ( 'NONE',  ( 4.245000000000001900, -1.123578144323987200, -3.555000000000000200 ) ) ;
#198 = AXIS2_PLACEMENT_3D ( 'NONE', #7036, #3708, #4401 ) ;
#199 = ORIENTED_EDGE ( 'NONE', *, *, #3511, .T. ) ;
#200 = DIRECTION ( 'NONE',  ( 1.000000000000000000, -0.0000000000000000000, -0.0000000000000000000 ) ) ;
#201 = FACE_OUTER_BOUND ( 'NONE', #8519, .T. ) ;
#202 = LINE ( 'NONE', #1526, #6064 ) ;
#203 = DIRECTION ( 'NONE',  ( 0.0000000000000000000, 1.000000000000000000, 0.0000000000000000000 ) ) ;
#204 = AXIS2_PLACEMENT_3D ( 'NONE', #6754, #4083, #6006 ) ;
#205 = EDGE_LOOP ( 'NONE', ( #5195, #7905, #3406, #3860 ) ) ;
#206 = FACE_OUTER_BOUND ( 'NONE', #6342, .T. ) ;
#207 = DIRECTION ( 'NONE',  ( -1.000000000000000000, 0.0000000000000000000, 0.0000000000000000000 ) ) ;
#208 = ORIENTED_EDGE ( 'NONE', *, *, #6239, .F. ) ;
#209 = VERTEX_POINT ( 'NONE', #1818 ) ;
#210 = LINE ( 'NONE', #7546, #1154 ) ;
#211 = ADVANCED_FACE ( 'NONE', ( #462 ), #2697, .T. ) ;
#212 = CARTESIAN_POINT ( 'NONE',  ( -0.8350000000000015200, 0.1000000000000000100, 1.599999999999999900 ) ) ;
#213 = CARTESIAN_POINT ( 'NONE',  ( 1.704999999999999000, -0.1000000000000000100, -1.599999999999999900 ) ) ;
#214 = ADVANCED_FACE ( 'NONE', ( #3674 ), #1840, .T. ) ;
#215 = EDGE_CURVE ( 'NONE', #5907, #2807, #4540, .T. ) ;
#216 = DIRECTION ( 'NONE',  ( 0.0000000000000000000, 2.168404344971009900E-016, 1.000000000000000000 ) ) ;
#217 = LINE ( 'NONE', #2348, #7956 ) ;
#218 = CARTESIAN_POINT ( 'NONE',  ( -0.4350000000000005000, -0.09999999999999925600, 2.592546190531647400 ) ) ;
#219 = EDGE_LOOP ( 'NONE', ( #4007, #8642, #6190, #7027 ) ) ;
#220 = ORIENTED_EDGE ( 'NONE', *, *, #2515, .F. ) ;
#221 = EDGE_CURVE ( 'NONE', #3792, #1489, #7019, .T. ) ;
#222 = DIRECTION ( 'NONE',  ( 0.0000000000000000000, 0.0000000000000000000, 1.000000000000000000 ) ) ;
#223 = DIRECTION ( 'NONE',  ( -1.000000000000000000, 0.0000000000000000000, 0.0000000000000000000 ) ) ;
#224 = CARTESIAN_POINT ( 'NONE',  ( -0.8350000000000015200, 0.4800880834868125900, -2.519629497316660900 ) ) ;
#225 = VERTEX_POINT ( 'NONE', #1097 ) ;
#226 = CARTESIAN_POINT ( 'NONE',  ( -0.8350000000000015200, -0.8885781443239865200, 2.999587534657339700 ) ) ;
#227 = VECTOR ( 'NONE', #7505, 1000.000000000000000 ) ;
#228 = EDGE_CURVE ( 'NONE', #266, #773, #1304, .T. ) ;
#229 = ORIENTED_EDGE ( 'NONE', *, *, #7860, .T. ) ;
#230 = LINE ( 'NONE', #4931, #5473 ) ;
#231 = VECTOR ( 'NONE', #6763, 1000.000000000000000 ) ;
#232 = CARTESIAN_POINT ( 'NONE',  ( 2.105000000000000400, -1.123578144323986300, -0.005099784264223251400 ) ) ;
#233 = ORIENTED_EDGE ( 'NONE', *, *, #6001, .F. ) ;
#234 = ORIENTED_EDGE ( 'NONE', *, *, #4579, .F. ) ;
#235 = CARTESIAN_POINT ( 'NONE',  ( 1.704999999999999000, -0.1289223137816567200, -2.627014461887075200 ) ) ;
#236 = CARTESIAN_POINT ( 'NONE',  ( -2.105000000000001300, -0.8946558305423296700, 2.965119263301910100 ) ) ;
#237 = EDGE_LOOP ( 'NONE', ( #7367, #4387, #2708, #2297 ) ) ;
#238 = CYLINDRICAL_SURFACE ( 'NONE', #2416, 0.03500000000000019100 ) ;
#239 = VERTEX_POINT ( 'NONE', #7319 ) ;
#240 = VECTOR ( 'NONE', #3138, 1000.000000000000000 ) ;
#241 = EDGE_CURVE ( 'NONE', #2635, #2123, #3127, .T. ) ;
#242 = AXIS2_PLACEMENT_3D ( 'NONE', #8307, #4334, #6302 ) ;
#243 = CIRCLE ( 'NONE', #5090, 0.03500000000000030900 ) ;
#244 = VECTOR ( 'NONE', #5908, 1000.000000000000000 ) ;
#245 = PLANE ( 'NONE',  #3597 ) ;
#246 = AXIS2_PLACEMENT_3D ( 'NONE', #4219, #2124, #3509 ) ;
#247 = EDGE_CURVE ( 'NONE', #2453, #2471, #8403, .T. ) ;
#248 = DIRECTION ( 'NONE',  ( 0.0000000000000000000, 9.227252531791510400E-016, -1.000000000000000000 ) ) ;
#249 = DIRECTION ( 'NONE',  ( 1.000000000000000000, 0.0000000000000000000, 0.0000000000000000000 ) ) ;
#250 = ORIENTED_EDGE ( 'NONE', *, *, #1925, .T. ) ;
#251 = PLANE ( 'NONE',  #2757 ) ;
#252 = FACE_OUTER_BOUND ( 'NONE', #4907, .T. ) ;
#253 = FACE_OUTER_BOUND ( 'NONE', #2378, .T. ) ;
#254 = DIRECTION ( 'NONE',  ( -1.000000000000000000, -2.710505431213754200E-016, -4.358825176006376800E-032 ) ) ;
#255 = ORIENTED_EDGE ( 'NONE', *, *, #7789, .F. ) ;
#256 = ORIENTED_EDGE ( 'NONE', *, *, #7689, .F. ) ;
#257 = VECTOR ( 'NONE', #4909, 1000.000000000000000 ) ;
#258 = FACE_OUTER_BOUND ( 'NONE', #2263, .T. ) ;
#259 = DIRECTION ( 'NONE',  ( 0.0000000000000000000, -0.9848077530122073500, 0.1736481776669340500 ) ) ;
#260 = DIRECTION ( 'NONE',  ( 0.0000000000000000000, 0.0000000000000000000, 1.000000000000000000 ) ) ;
#261 = CARTESIAN_POINT ( 'NONE',  ( 4.245000000000001000, -0.9235781443239867700, -2.999587534657339700 ) ) ;
#262 = DIRECTION ( 'NONE',  ( 1.000000000000000000, 0.0000000000000000000, 0.0000000000000000000 ) ) ;
#263 = VERTEX_POINT ( 'NONE', #538 ) ;
#264 = AXIS2_PLACEMENT_3D ( 'NONE', #4471, #1789, #6529 ) ;
#265 = DIRECTION ( 'NONE',  ( 0.0000000000000000000, -0.1736481776669340800, -0.9848077530122074700 ) ) ;
#266 = VERTEX_POINT ( 'NONE', #1939 ) ;
#267 = CARTESIAN_POINT ( 'NONE',  ( -2.105000000000001300, -0.1349999999999994500, -2.592546190531647400 ) ) ;
#268 = VERTEX_POINT ( 'NONE', #6667 ) ;
#269 = ADVANCED_FACE ( 'NONE', ( #8314 ), #2535, .T. ) ;
#270 = FACE_OUTER_BOUND ( 'NONE', #8144, .T. ) ;
#271 = ORIENTED_EDGE ( 'NONE', *, *, #6574, .F. ) ;
#272 = PLANE ( 'NONE',  #7704 ) ;
#273 = DIRECTION ( 'NONE',  ( 0.0000000000000000000, 0.0000000000000000000, -1.000000000000000000 ) ) ;
#274 = CARTESIAN_POINT ( 'NONE',  ( 4.645000000000001400, 0.1000000000000000100, -1.599999999999999900 ) ) ;
#275 = DIRECTION ( 'NONE',  ( 0.0000000000000000000, 9.227252531791510400E-016, -1.000000000000000000 ) ) ;
#276 = EDGE_CURVE ( 'NONE', #7409, #4341, #4764, .T. ) ;
#277 = DIRECTION ( 'NONE',  ( -0.0000000000000000000, 2.168404344971009900E-016, 1.000000000000000000 ) ) ;
#278 = VECTOR ( 'NONE', #8685, 1000.000000000000000 ) ;
#279 = EDGE_CURVE ( 'NONE', #4062, #2918, #7358, .T. ) ;
#280 = CARTESIAN_POINT ( 'NONE',  ( -4.245000000000000100, -1.123578144323986900, 3.555000000000000200 ) ) ;
#281 = CARTESIAN_POINT ( 'NONE',  ( 0.8349999999999988500, -0.8946558305423292200, -2.965119263301912300 ) ) ;
#282 = CARTESIAN_POINT ( 'NONE',  ( -5.333673019291534700, -1.000000000000000000, -2.123673019291533800 ) ) ;
#283 = VECTOR ( 'NONE', #4779, 1000.000000000000000 ) ;
#284 = DIRECTION ( 'NONE',  ( 1.000000000000000000, -8.425943506694156900E-032, -4.336808689942019700E-016 ) ) ;
#285 = CARTESIAN_POINT ( 'NONE',  ( 1.704999999999999000, -0.9235781443239867700, -2.999587534657339700 ) ) ;
#286 = EDGE_LOOP ( 'NONE', ( #150, #5382, #1146, #7517 ) ) ;
#287 = DIRECTION ( 'NONE',  ( -1.000000000000000000, 0.0000000000000000000, 0.0000000000000000000 ) ) ;
#288 = EDGE_CURVE ( 'NONE', #3792, #4899, #1742, .T. ) ;
#289 = FACE_OUTER_BOUND ( 'NONE', #2851, .T. ) ;
#290 = CARTESIAN_POINT ( 'NONE',  ( 3.374999999999998700, -0.9235781443239868800, -3.555000000000000200 ) ) ;
#291 = DIRECTION ( 'NONE',  ( 0.0000000000000000000, 0.0000000000000000000, -1.000000000000000000 ) ) ;
#292 = CARTESIAN_POINT ( 'NONE',  ( 1.704999999999999000, -0.1349999999999994500, 2.592546190531647400 ) ) ;
#293 = EDGE_LOOP ( 'NONE', ( #3192, #5371, #5007, #7993 ) ) ;
#294 = LINE ( 'NONE', #4159, #7293 ) ;
#295 = EDGE_CURVE ( 'NONE', #448, #4164, #5177, .T. ) ;
#296 = CARTESIAN_POINT ( 'NONE',  ( 0.4349999999999987800, -0.8885781443239865200, 2.999587534657339700 ) ) ;
#297 = DIRECTION ( 'NONE',  ( -0.0000000000000000000, 0.0000000000000000000, 1.000000000000000000 ) ) ;
#298 = EDGE_CURVE ( 'NONE', #7217, #5026, #7784, .T. ) ;
#299 = ORIENTED_EDGE ( 'NONE', *, *, #2172, .F. ) ;
#300 = CIRCLE ( 'NONE', #5415, 0.2350000000000004000 ) ;
#301 = VERTEX_POINT ( 'NONE', #8128 ) ;
#302 = EDGE_LOOP ( 'NONE', ( #3981, #2600, #1200, #4507 ) ) ;
#303 = CARTESIAN_POINT ( 'NONE',  ( 2.974999999999998300, -0.1349999999999994500, 2.592546190531647400 ) ) ;
#304 = ADVANCED_FACE ( 'NONE', ( #5697 ), #8738, .T. ) ;
#305 = CARTESIAN_POINT ( 'NONE',  ( 4.245000000000000100, -0.1000000000000000100, 2.825000000000000200 ) ) ;
#306 = DIRECTION ( 'NONE',  ( 0.0000000000000000000, 0.0000000000000000000, 1.000000000000000000 ) ) ;
#307 = CARTESIAN_POINT ( 'NONE',  ( -2.105000000000001300, -1.123578144323987200, -3.555000000000000200 ) ) ;
#308 = AXIS2_PLACEMENT_3D ( 'NONE', #7580, #7541, #5600 ) ;
#309 = ORIENTED_EDGE ( 'NONE', *, *, #6312, .T. ) ;
#310 = LINE ( 'NONE', #2614, #1359 ) ;
#311 = FACE_OUTER_BOUND ( 'NONE', #3951, .T. ) ;
#312 = PLANE ( 'NONE',  #5563 ) ;
#313 = EDGE_LOOP ( 'NONE', ( #5346, #4604, #453, #2224 ) ) ;
#314 = VECTOR ( 'NONE', #2721, 1000.000000000000000 ) ;
#315 = DIRECTION ( 'NONE',  ( 1.000000000000000000, -0.0000000000000000000, -0.0000000000000000000 ) ) ;
#316 = CARTESIAN_POINT ( 'NONE',  ( -3.375000000000001300, 0.1000000000000000100, -1.599999999999999900 ) ) ;
#317 = DIRECTION ( 'NONE',  ( 0.0000000000000000000, 0.0000000000000000000, 1.000000000000000000 ) ) ;
#318 = VERTEX_POINT ( 'NONE', #7495 ) ;
#319 = CYLINDRICAL_SURFACE ( 'NONE', #1970, 0.2350000000000004000 ) ;
#320 = ORIENTED_EDGE ( 'NONE', *, *, #7904, .F. ) ;
#321 = EDGE_CURVE ( 'NONE', #6737, #3652, #2595, .T. ) ;
#322 = ORIENTED_EDGE ( 'NONE', *, *, #1894, .T. ) ;
#323 = DIRECTION ( 'NONE',  ( 0.0000000000000000000, 0.1736481776669342400, -0.9848077530122073500 ) ) ;
#324 = CARTESIAN_POINT ( 'NONE',  ( 4.245000000000000100, -0.09419267824826982300, 2.823976012489516600 ) ) ;
#325 = DIRECTION ( 'NONE',  ( -2.168404344971009900E-016, 0.0000000000000000000, -1.000000000000000000 ) ) ;
#326 = MECHANICAL_DESIGN_GEOMETRIC_PRESENTATION_REPRESENTATION (  '', ( #607 ), #4300 ) ;
#327 = CARTESIAN_POINT ( 'NONE',  ( -0.4350000000000014400, -1.123578144323987200, -3.555000000000000200 ) ) ;
#328 = LINE ( 'NONE', #2765, #7322 ) ;
#329 = DIRECTION ( 'NONE',  ( -0.0000000000000000000, 0.0000000000000000000, -1.000000000000000000 ) ) ;
#330 = EDGE_LOOP ( 'NONE', ( #5590, #829, #5730, #7444 ) ) ;
#331 = ORIENTED_EDGE ( 'NONE', *, *, #7232, .T. ) ;
#332 = FILL_AREA_STYLE_COLOUR ( '', #4750 ) ;
#333 = DIRECTION ( 'NONE',  ( 0.0000000000000000000, -0.1736481776669340800, -0.9848077530122074700 ) ) ;
#334 = CARTESIAN_POINT ( 'NONE',  ( -4.245000000000000100, -0.9235781443239873300, 2.999587534657338800 ) ) ;
#335 = VECTOR ( 'NONE', #3214, 1000.000000000000000 ) ;
#336 = DIRECTION ( 'NONE',  ( -1.000000000000000000, 0.0000000000000000000, 0.0000000000000000000 ) ) ;
#337 = ORIENTED_EDGE ( 'NONE', *, *, #404, .F. ) ;
#338 = EDGE_LOOP ( 'NONE', ( #208, #2345, #5233, #2984 ) ) ;
#339 = EDGE_CURVE ( 'NONE', #3716, #5392, #7034, .T. ) ;
#340 = FACE_OUTER_BOUND ( 'NONE', #6841, .T. ) ;
#341 = ORIENTED_EDGE ( 'NONE', *, *, #1534, .F. ) ;
#342 = ORIENTED_EDGE ( 'NONE', *, *, #8123, .T. ) ;
#343 = DIRECTION ( 'NONE',  ( 0.0000000000000000000, 0.1736481776669341100, -0.9848077530122073500 ) ) ;
#344 = CARTESIAN_POINT ( 'NONE',  ( 4.645000000000001400, -0.8946558305423294400, 2.965119263301911400 ) ) ;
#345 = LINE ( 'NONE', #3492, #1075 ) ;
#346 = CARTESIAN_POINT ( 'NONE',  ( -0.4350000000000015500, -1.123578144323986900, -2.999587534657339700 ) ) ;
#347 = VERTEX_POINT ( 'NONE', #3478 ) ;
#348 = EDGE_CURVE ( 'NONE', #2453, #3842, #3238, .T. ) ;
#349 = CARTESIAN_POINT ( 'NONE',  ( -0.4350000000000005000, -0.09419267824826990700, 2.823976012489516600 ) ) ;
#350 = VECTOR ( 'NONE', #8121, 1000.000000000000000 ) ;
#351 = DIRECTION ( 'NONE',  ( 0.0000000000000000000, 1.000000000000000000, 0.0000000000000000000 ) ) ;
#352 = ADVANCED_FACE ( 'NONE', ( #7467 ), #2679, .F. ) ;
#353 = ORIENTED_EDGE ( 'NONE', *, *, #3924, .F. ) ;
#354 = EDGE_CURVE ( 'NONE', #1044, #2471, #775, .T. ) ;
#355 = FACE_OUTER_BOUND ( 'NONE', #302, .T. ) ;
#356 = CARTESIAN_POINT ( 'NONE',  ( 4.245000000000001900, -0.9235781443239868800, -3.555000000000000200 ) ) ;
#357 = ORIENTED_EDGE ( 'NONE', *, *, #1771, .F. ) ;
#358 = CARTESIAN_POINT ( 'NONE',  ( 2.974999999999998300, 0.1000000000000007500, 2.592546190531647400 ) ) ;
#359 = CARTESIAN_POINT ( 'NONE',  ( -2.975000000000000100, -0.09419267824826990700, 2.823976012489516600 ) ) ;
#360 = VECTOR ( 'NONE', #5654, 1000.000000000000000 ) ;
#361 = LINE ( 'NONE', #3858, #6920 ) ;
#362 = ORIENTED_EDGE ( 'NONE', *, *, #8715, .F. ) ;
#363 = DIRECTION ( 'NONE',  ( -1.000000000000000000, 0.0000000000000000000, 0.0000000000000000000 ) ) ;
#364 = EDGE_LOOP ( 'NONE', ( #3235, #4222, #1006, #5694 ) ) ;
#365 = EDGE_CURVE ( 'NONE', #4010, #7787, #7141, .T. ) ;
#366 =( GEOMETRIC_REPRESENTATION_CONTEXT ( 3 ) GLOBAL_UNCERTAINTY_ASSIGNED_CONTEXT ( ( #2242 ) ) GLOBAL_UNIT_ASSIGNED_CONTEXT ( ( #4677, #567, #1931 ) ) REPRESENTATION_CONTEXT ( 'NONE', 'WORKASPACE' ) );
#367 = ORIENTED_EDGE ( 'NONE', *, *, #5103, .T. ) ;
#368 = CARTESIAN_POINT ( 'NONE',  ( 2.104999999999999100, -1.123578144323986900, -2.999587534657339700 ) ) ;
#369 = VERTEX_POINT ( 'NONE', #2740 ) ;
#370 = ORIENTED_EDGE ( 'NONE', *, *, #4475, .F. ) ;
#371 = VECTOR ( 'NONE', #4678, 1000.000000000000000 ) ;
#372 = DIRECTION ( 'NONE',  ( -0.0000000000000000000, -0.0000000000000000000, 1.000000000000000000 ) ) ;
#373 = CARTESIAN_POINT ( 'NONE',  ( 0.0000000000000000000, -1.123578144323987200, 3.555000000000000200 ) ) ;
#374 = DIRECTION ( 'NONE',  ( 0.0000000000000000000, 0.0000000000000000000, -1.000000000000000000 ) ) ;
#375 = AXIS2_PLACEMENT_3D ( 'NONE', #7497, #6872, #7559 ) ;
#376 = DIRECTION ( 'NONE',  ( -1.000000000000000000, 0.0000000000000000000, 0.0000000000000000000 ) ) ;
#377 = EDGE_LOOP ( 'NONE', ( #997, #3008, #5247, #467 ) ) ;
#378 = VECTOR ( 'NONE', #446, 1000.000000000000000 ) ;
#379 = AXIS2_PLACEMENT_3D ( 'NONE', #4306, #8400, #4375 ) ;
#380 = DIRECTION ( 'NONE',  ( -7.080503983578801900E-016, -0.0000000000000000000, -1.000000000000000000 ) ) ;
#381 = CARTESIAN_POINT ( 'NONE',  ( 2.105000000000000000, -0.8885781443239865200, 2.999587534657339700 ) ) ;
#382 = AXIS2_PLACEMENT_3D ( 'NONE', #7820, #7918, #3124 ) ;
#383 = ADVANCED_FACE ( 'NONE', ( #5285 ), #4091, .F. ) ;
#384 = AXIS2_PLACEMENT_3D ( 'NONE', #1683, #7794, #6480 ) ;
#385 = PLANE ( 'NONE',  #2817 ) ;
#386 = DIRECTION ( 'NONE',  ( 1.000000000000000000, -0.0000000000000000000, -0.0000000000000000000 ) ) ;
#387 = CARTESIAN_POINT ( 'NONE',  ( 3.374999999999998700, -0.1349999999999994500, -2.592546190531647400 ) ) ;
#388 = CARTESIAN_POINT ( 'NONE',  ( -4.645000000000001400, -0.1289223137816569700, 2.627014461887073900 ) ) ;
#389 = CARTESIAN_POINT ( 'NONE',  ( 2.104999999999999100, -0.09999999999999925600, -2.592546190531647400 ) ) ;
#390 = CARTESIAN_POINT ( 'NONE',  ( 4.245000000000000100, 0.1000000000000000100, -1.599999999999999900 ) ) ;
#391 = EDGE_CURVE ( 'NONE', #2082, #4422, #3793, .T. ) ;
#392 = DIRECTION ( 'NONE',  ( 0.0000000000000000000, 0.0000000000000000000, -1.000000000000000000 ) ) ;
#393 = CARTESIAN_POINT ( 'NONE',  ( 0.8349999999999996300, -1.123578144323986300, -0.005099784264222519300 ) ) ;
#394 = CARTESIAN_POINT ( 'NONE',  ( -2.105000000000001300, 0.1000000000000000100, -1.599999999999999900 ) ) ;
#395 = ADVANCED_FACE ( 'NONE', ( #3029 ), #2718, .F. ) ;
#396 = PLANE ( 'NONE',  #3156 ) ;
#397 = DIRECTION ( 'NONE',  ( 0.0000000000000000000, 1.000000000000000000, 0.0000000000000000000 ) ) ;
#398 = VERTEX_POINT ( 'NONE', #4733 ) ;
#399 = ADVANCED_FACE ( 'NONE', ( #7682 ), #8632, .F. ) ;
#400 = EDGE_CURVE ( 'NONE', #611, #436, #1521, .T. ) ;
#401 = FACE_OUTER_BOUND ( 'NONE', #219, .T. ) ;
#402 = DIRECTION ( 'NONE',  ( -1.000000000000000000, 0.0000000000000000000, 0.0000000000000000000 ) ) ;
#403 = CARTESIAN_POINT ( 'NONE',  ( -4.645000000000001400, -0.1349999999999994500, -2.592546190531647400 ) ) ;
#404 = EDGE_CURVE ( 'NONE', #1504, #3792, #2287, .T. ) ;
#405 = EDGE_LOOP ( 'NONE', ( #5158, #233, #7576, #6965 ) ) ;
#406 = ORIENTED_EDGE ( 'NONE', *, *, #3439, .F. ) ;
#407 = LINE ( 'NONE', #274, #7302 ) ;
#408 = DIRECTION ( 'NONE',  ( -1.000000000000000000, 0.0000000000000000000, -0.0000000000000000000 ) ) ;
#409 = CARTESIAN_POINT ( 'NONE',  ( 0.4349999999999987800, -0.8946558305423297800, -2.965119263301910100 ) ) ;
#410 = LINE ( 'NONE', #1017, #5434 ) ;
#411 = VECTOR ( 'NONE', #3589, 1000.000000000000000 ) ;
#412 = EDGE_CURVE ( 'NONE', #7564, #3993, #1420, .T. ) ;
#413 = FACE_OUTER_BOUND ( 'NONE', #7998, .T. ) ;
#414 = CARTESIAN_POINT ( 'NONE',  ( 0.4349999999999987800, 0.1000000000000000100, -1.599999999999999900 ) ) ;
#415 = ORIENTED_EDGE ( 'NONE', *, *, #3269, .F. ) ;
#416 = CARTESIAN_POINT ( 'NONE',  ( -3.375000000000001300, -0.09419267824826987900, -2.823976012489516600 ) ) ;
#417 = AXIS2_PLACEMENT_3D ( 'NONE', #3259, #6580, #7931 ) ;
#418 = EDGE_CURVE ( 'NONE', #4537, #5766, #8523, .T. ) ;
#419 = CARTESIAN_POINT ( 'NONE',  ( -2.105000000000001300, -1.123578144323987200, -3.555000000000000200 ) ) ;
#420 = VERTEX_POINT ( 'NONE', #4290 ) ;
#421 = FACE_OUTER_BOUND ( 'NONE', #6906, .T. ) ;
#422 = VECTOR ( 'NONE', #5447, 1000.000000000000200 ) ;
#423 = DIRECTION ( 'NONE',  ( 2.710505431213754200E-016, -1.000000000000000000, 0.0000000000000000000 ) ) ;
#424 = ORIENTED_EDGE ( 'NONE', *, *, #1836, .T. ) ;
#425 = VECTOR ( 'NONE', #3355, 1000.000000000000000 ) ;
#426 = CARTESIAN_POINT ( 'NONE',  ( 3.374999999999999600, -0.8885781443239865200, 2.999587534657339700 ) ) ;
#427 = EDGE_LOOP ( 'NONE', ( #7396, #3751, #6013, #3361 ) ) ;
#428 = DIRECTION ( 'NONE',  ( -1.000000000000000000, 0.0000000000000000000, 0.0000000000000000000 ) ) ;
#429 = CIRCLE ( 'NONE', #1911, 0.2350000000000004000 ) ;
#430 = AXIS2_PLACEMENT_3D ( 'NONE', #8169, #7486, #4169 ) ;
#431 = AXIS2_PLACEMENT_3D ( 'NONE', #1060, #8588, #1131 ) ;
#432 = CARTESIAN_POINT ( 'NONE',  ( -4.245000000000000100, 0.1000000000000000100, -1.599999999999999900 ) ) ;
#433 = DIRECTION ( 'NONE',  ( 0.0000000000000000000, 1.000000000000000000, 0.0000000000000000000 ) ) ;
#434 = CYLINDRICAL_SURFACE ( 'NONE', #7806, 0.03500000000000030900 ) ;
#435 = DIRECTION ( 'NONE',  ( -0.1338586929596383700, -0.7591503717798009400, 0.6370027969685276800 ) ) ;
#436 = VERTEX_POINT ( 'NONE', #197 ) ;
#437 = DIRECTION ( 'NONE',  ( 1.000000000000000000, -4.212971753347078400E-032, -2.168404344971009900E-016 ) ) ;
#438 = LINE ( 'NONE', #2616, #4616 ) ;
#439 = EDGE_CURVE ( 'NONE', #5879, #1977, #1636, .T. ) ;
#440 = EDGE_CURVE ( 'NONE', #4426, #7157, #2385, .T. ) ;
#441 = DIRECTION ( 'NONE',  ( 0.0000000000000000000, 0.0000000000000000000, -1.000000000000000000 ) ) ;
#442 = VERTEX_POINT ( 'NONE', #4966 ) ;
#443 = LINE ( 'NONE', #7906, #4840 ) ;
#444 = PRESENTATION_LAYER_ASSIGNMENT (  '', '', ( #1061 ) ) ;
#445 = DIRECTION ( 'NONE',  ( -0.0000000000000000000, 0.0000000000000000000, -1.000000000000000000 ) ) ;
#446 = DIRECTION ( 'NONE',  ( -4.336808689942019700E-016, 2.168404344971009900E-016, -1.000000000000000000 ) ) ;
#447 = LINE ( 'NONE', #3424, #124 ) ;
#448 = VERTEX_POINT ( 'NONE', #8256 ) ;
#449 = VECTOR ( 'NONE', #3669, 1000.000000000000000 ) ;
#450 = DIRECTION ( 'NONE',  ( 0.0000000000000000000, 1.084202172485504900E-016, -1.000000000000000000 ) ) ;
#451 = FACE_OUTER_BOUND ( 'NONE', #1768, .T. ) ;
#452 = ORIENTED_EDGE ( 'NONE', *, *, #3555, .T. ) ;
#453 = ORIENTED_EDGE ( 'NONE', *, *, #5432, .F. ) ;
#454 = SURFACE_SIDE_STYLE ('',( #4343 ) ) ;
#455 = CARTESIAN_POINT ( 'NONE',  ( 0.0000000000000000000, -0.9235781443239861100, -0.005099784264222377100 ) ) ;
#456 = VERTEX_POINT ( 'NONE', #8211 ) ;
#457 = DIRECTION ( 'NONE',  ( -0.0000000000000000000, -0.9848077530122073500, 0.1736481776669340500 ) ) ;
#458 = ORIENTED_EDGE ( 'NONE', *, *, #2574, .F. ) ;
#459 = FACE_OUTER_BOUND ( 'NONE', #5541, .T. ) ;
#460 = ORIENTED_EDGE ( 'NONE', *, *, #654, .F. ) ;
#461 = EDGE_CURVE ( 'NONE', #7932, #4422, #1854, .T. ) ;
#462 = FACE_OUTER_BOUND ( 'NONE', #205, .T. ) ;
#463 = DIRECTION ( 'NONE',  ( 8.425943506694156900E-032, 1.000000000000000000, 0.0000000000000000000 ) ) ;
#464 = ORIENTED_EDGE ( 'NONE', *, *, #7781, .T. ) ;
#465 = VECTOR ( 'NONE', #7786, 1000.000000000000000 ) ;
#466 = DIRECTION ( 'NONE',  ( 1.000000000000000000, 0.0000000000000000000, 0.0000000000000000000 ) ) ;
#467 = ORIENTED_EDGE ( 'NONE', *, *, #8562, .T. ) ;
#468 = CARTESIAN_POINT ( 'NONE',  ( 0.8349999999999998500, -0.8885781443239865200, 2.999587534657339700 ) ) ;
#469 = ORIENTED_EDGE ( 'NONE', *, *, #4376, .T. ) ;
#470 = FACE_OUTER_BOUND ( 'NONE', #867, .T. ) ;
#471 = DIRECTION ( 'NONE',  ( -2.168404344971009900E-016, 2.168404344971009900E-016, -1.000000000000000000 ) ) ;
#472 = ORIENTED_EDGE ( 'NONE', *, *, #1322, .F. ) ;
#473 = ORIENTED_EDGE ( 'NONE', *, *, #7213, .T. ) ;
#474 = VECTOR ( 'NONE', #7106, 1000.000000000000000 ) ;
#475 = FACE_OUTER_BOUND ( 'NONE', #7761, .T. ) ;
#476 = VERTEX_POINT ( 'NONE', #2259 ) ;
#477 = EDGE_CURVE ( 'NONE', #4755, #1226, #35, .T. ) ;
#478 = ORIENTED_EDGE ( 'NONE', *, *, #5477, .T. ) ;
#479 = FILL_AREA_STYLE ('',( #1895 ) ) ;
#480 = EDGE_LOOP ( 'NONE', ( #6838, #7847, #7, #3240 ) ) ;
#481 = ORIENTED_EDGE ( 'NONE', *, *, #1344, .F. ) ;
#482 = DIRECTION ( 'NONE',  ( -1.000000000000000000, 0.0000000000000000000, 0.0000000000000000000 ) ) ;
#483 = VECTOR ( 'NONE', #4364, 1000.000000000000200 ) ;
#484 = ORIENTED_EDGE ( 'NONE', *, *, #1119, .T. ) ;
#485 = DIRECTION ( 'NONE',  ( 1.000000000000000000, -0.0000000000000000000, -0.0000000000000000000 ) ) ;
#486 = PRODUCT_RELATED_PRODUCT_CATEGORY ( 'part', '', ( #2162 ) ) ;
#487 = DIRECTION ( 'NONE',  ( -1.000000000000000000, 0.0000000000000000000, 0.0000000000000000000 ) ) ;
#488 = DIRECTION ( 'NONE',  ( 1.000000000000000000, 0.0000000000000000000, 0.0000000000000000000 ) ) ;
#489 = ORIENTED_EDGE ( 'NONE', *, *, #1072, .F. ) ;
#490 = VECTOR ( 'NONE', #5239, 1000.000000000000000 ) ;
#491 = ADVANCED_FACE ( 'NONE', ( #5791 ), #760, .T. ) ;
#492 = CARTESIAN_POINT ( 'NONE',  ( -3.375000000000001300, -0.8946558305423296700, 2.965119263301910100 ) ) ;
#493 = EDGE_CURVE ( 'NONE', #1206, #1689, #6829, .T. ) ;
#494 = FACE_OUTER_BOUND ( 'NONE', #3268, .T. ) ;
#495 = FILL_AREA_STYLE_COLOUR ( '', #5104 ) ;
#496 = AXIS2_PLACEMENT_3D ( 'NONE', #8139, #1348, #6119 ) ;
#497 = DIRECTION ( 'NONE',  ( 0.0000000000000000000, 1.000000000000000000, 0.0000000000000000000 ) ) ;
#498 = AXIS2_PLACEMENT_3D ( 'NONE', #3104, #5213, #1069 ) ;
#499 = PLANE ( 'NONE',  #4834 ) ;
#500 = EDGE_LOOP ( 'NONE', ( #4416, #7202, #8191, #6498 ) ) ;
#501 = PLANE ( 'NONE',  #382 ) ;
#502 = CYLINDRICAL_SURFACE ( 'NONE', #7472, 0.2350000000000004000 ) ;
#503 = CARTESIAN_POINT ( 'NONE',  ( -5.333673019291534700, -1.000000000000000000, 0.0000000000000000000 ) ) ;
#504 = PLANE ( 'NONE',  #3217 ) ;
#505 = DIRECTION ( 'NONE',  ( 1.000000000000000000, 0.0000000000000000000, 0.0000000000000000000 ) ) ;
#506 = ORIENTED_EDGE ( 'NONE', *, *, #2969, .T. ) ;
#507 = ADVANCED_FACE ( 'NONE', ( #1957 ), #5577, .T. ) ;
#508 = EDGE_CURVE ( 'NONE', #6890, #568, #6196, .T. ) ;
#509 = FACE_OUTER_BOUND ( 'NONE', #5645, .T. ) ;
#510 = CARTESIAN_POINT ( 'NONE',  ( 0.0000000000000000000, -1.123578144323987200, 3.555000000000000200 ) ) ;
#511 = EDGE_CURVE ( 'NONE', #1422, #3466, #5078, .T. ) ;
#512 = VERTEX_POINT ( 'NONE', #1503 ) ;
#513 = VECTOR ( 'NONE', #750, 1000.000000000000000 ) ;
#514 = ORIENTED_EDGE ( 'NONE', *, *, #6035, .T. ) ;
#515 = LINE ( 'NONE', #4994, #2753 ) ;
#516 = CARTESIAN_POINT ( 'NONE',  ( -0.8350000000000015200, -0.1349999999999994500, -2.592546190531647400 ) ) ;
#517 = EDGE_CURVE ( 'NONE', #5060, #7932, #5388, .T. ) ;
#518 = FILL_AREA_STYLE ('',( #495 ) ) ;
#519 = ORIENTED_EDGE ( 'NONE', *, *, #1882, .F. ) ;
#520 = EDGE_LOOP ( 'NONE', ( #5537, #7334, #6535, #1425 ) ) ;
#521 = FACE_OUTER_BOUND ( 'NONE', #6147, .T. ) ;
#522 = PLANE ( 'NONE',  #1749 ) ;
#523 = ADVANCED_FACE ( 'NONE', ( #995 ), #3007, .T. ) ;
#524 = LINE ( 'NONE', #6502, #2451 ) ;
#525 = VERTEX_POINT ( 'NONE', #2317 ) ;
#526 = DIRECTION ( 'NONE',  ( -1.000000000000000000, 0.0000000000000000000, 0.0000000000000000000 ) ) ;
#527 = ADVANCED_FACE ( 'NONE', ( #143 ), #5024, .F. ) ;
#528 = EDGE_CURVE ( 'NONE', #991, #2807, #1195, .T. ) ;
#529 = AXIS2_PLACEMENT_3D ( 'NONE', #54, #2720, #4735 ) ;
#530 = EDGE_LOOP ( 'NONE', ( #370, #7671, #4237, #1698 ) ) ;
#531 = PLANE ( 'NONE',  #1040 ) ;
#532 = VECTOR ( 'NONE', #1577, 1000.000000000000200 ) ;
#533 = DIRECTION ( 'NONE',  ( -1.000000000000000000, 0.0000000000000000000, 0.0000000000000000000 ) ) ;
#534 = AXIS2_PLACEMENT_3D ( 'NONE', #3081, #8367, #6384 ) ;
#535 = ORIENTED_EDGE ( 'NONE', *, *, #7232, .F. ) ;
#536 = ORIENTED_EDGE ( 'NONE', *, *, #4110, .F. ) ;
#537 = DIRECTION ( 'NONE',  ( -1.000000000000000000, 0.0000000000000000000, 0.0000000000000000000 ) ) ;
#538 = CARTESIAN_POINT ( 'NONE',  ( -1.705000000000000300, -0.1000000000000000100, 1.599999999999999900 ) ) ;
#539 = DIRECTION ( 'NONE',  ( 0.0000000000000000000, -0.9848077530122073500, -0.1736481776669340500 ) ) ;
#540 = CIRCLE ( 'NONE', #8422, 0.03500000000000030900 ) ;
#541 = ORIENTED_EDGE ( 'NONE', *, *, #7668, .T. ) ;
#542 = EDGE_CURVE ( 'NONE', #2755, #4374, #6610, .T. ) ;
#543 = ORIENTED_EDGE ( 'NONE', *, *, #4225, .T. ) ;
#544 = SHAPE_DEFINITION_REPRESENTATION ( #2019, #7337 ) ;
#545 =( NAMED_UNIT ( * ) PLANE_ANGLE_UNIT ( ) SI_UNIT ( $, .RADIAN. ) );
#546 = AXIS2_PLACEMENT_3D ( 'NONE', #3200, #4602, #1224 ) ;
#547 = CARTESIAN_POINT ( 'NONE',  ( 4.645000000000000500, -1.123578144323987200, 3.970219047566133900 ) ) ;
#548 = CYLINDRICAL_SURFACE ( 'NONE', #4338, 0.2350000000000002400 ) ;
#549 = CARTESIAN_POINT ( 'NONE',  ( -2.105000000000001300, 0.1000000000000007500, 2.592546190531647400 ) ) ;
#550 = EDGE_LOOP ( 'NONE', ( #8271, #1787, #812, #613 ) ) ;
#551 = ADVANCED_FACE ( 'NONE', ( #6405 ), #8416, .T. ) ;
#552 = EDGE_LOOP ( 'NONE', ( #2183, #1193, #5964, #8511 ) ) ;
#553 = VECTOR ( 'NONE', #463, 1000.000000000000000 ) ;
#554 = ORIENTED_EDGE ( 'NONE', *, *, #5385, .F. ) ;
#555 = ORIENTED_EDGE ( 'NONE', *, *, #2684, .F. ) ;
#556 = DIRECTION ( 'NONE',  ( 0.0000000000000000000, 0.0000000000000000000, 1.000000000000000000 ) ) ;
#557 = EDGE_CURVE ( 'NONE', #7117, #3471, #4652, .T. ) ;
#558 = VECTOR ( 'NONE', #2188, 1000.000000000000000 ) ;
#559 = CARTESIAN_POINT ( 'NONE',  ( -2.105000000000001300, -0.06527036446661303700, -2.818876228225294200 ) ) ;
#560 = ORIENTED_EDGE ( 'NONE', *, *, #3269, .T. ) ;
#561 = CARTESIAN_POINT ( 'NONE',  ( 0.0000000000000000000, -1.123578144323986300, -0.005099784264222338000 ) ) ;
#562 = VECTOR ( 'NONE', #4721, 1000.000000000000000 ) ;
#563 = PRESENTATION_STYLE_ASSIGNMENT (( #2068 ) ) ;
#564 = CARTESIAN_POINT ( 'NONE',  ( -2.975000000000001000, -0.8946558305423296700, -2.965119263301910100 ) ) ;
#565 = DIRECTION ( 'NONE',  ( 1.000000000000000000, 0.0000000000000000000, 0.0000000000000000000 ) ) ;
#566 = EDGE_LOOP ( 'NONE', ( #192, #1678, #6202, #3809 ) ) ;
#567 =( NAMED_UNIT ( * ) PLANE_ANGLE_UNIT ( ) SI_UNIT ( $, .RADIAN. ) );
#568 = VERTEX_POINT ( 'NONE', #7047 ) ;
#569 = EDGE_LOOP ( 'NONE', ( #7179, #1738, #2702, #5938 ) ) ;
#570 = VECTOR ( 'NONE', #1300, 1000.000000000000000 ) ;
#571 = CARTESIAN_POINT ( 'NONE',  ( 0.0000000000000000000, 0.5232985629623194700, 2.207728344383774700 ) ) ;
#572 = ORIENTED_EDGE ( 'NONE', *, *, #8649, .T. ) ;
#573 = VERTEX_POINT ( 'NONE', #4437 ) ;
#574 = EDGE_LOOP ( 'NONE', ( #6448, #744, #967, #2547 ) ) ;
#575 = VECTOR ( 'NONE', #966, 1000.000000000000000 ) ;
#576 = LINE ( 'NONE', #1318, #1421 ) ;
#577 = DIRECTION ( 'NONE',  ( 1.929617827783994400E-032, -1.000000000000000000, 2.832769448823989800E-016 ) ) ;
#578 = ADVANCED_FACE ( 'NONE', ( #7996 ), #8205, .F. ) ;
#579 = EDGE_CURVE ( 'NONE', #5367, #8581, #5996, .T. ) ;
#580 = ORIENTED_EDGE ( 'NONE', *, *, #1771, .T. ) ;
#581 = ORIENTED_EDGE ( 'NONE', *, *, #4216, .F. ) ;
#582 = DIRECTION ( 'NONE',  ( 1.929617827783994400E-032, -1.000000000000000000, 2.832769448823989800E-016 ) ) ;
#583 = VECTOR ( 'NONE', #8090, 1000.000000000000200 ) ;
#584 = DIRECTION ( 'NONE',  ( -0.1710878697460323200, 0.9702875252478150300, 0.1710878697460323200 ) ) ;
#585 = FILL_AREA_STYLE ('',( #8694 ) ) ;
#586 = EDGE_CURVE ( 'NONE', #1366, #8303, #4443, .T. ) ;
#587 = AXIS2_PLACEMENT_3D ( 'NONE', #1649, #3022, #2281 ) ;
#588 = ORIENTED_EDGE ( 'NONE', *, *, #3534, .T. ) ;
#589 = EDGE_CURVE ( 'NONE', #5535, #3842, #4016, .T. ) ;
#590 = LINE ( 'NONE', #5260, #7909 ) ;
#591 = CARTESIAN_POINT ( 'NONE',  ( -1.705000000000001400, -1.123578144323986900, -3.555000000000000200 ) ) ;
#592 = CARTESIAN_POINT ( 'NONE',  ( 2.974999999999998300, 0.1000000000000000100, 1.599999999999999900 ) ) ;
#593 = CARTESIAN_POINT ( 'NONE',  ( 1.705000000000001000, -1.123578144323986300, -0.005099784264223446500 ) ) ;
#594 = VECTOR ( 'NONE', #6878, 1000.000000000000000 ) ;
#595 = AXIS2_PLACEMENT_3D ( 'NONE', #4234, #6238, #45 ) ;
#596 = CARTESIAN_POINT ( 'NONE',  ( 2.105000000000000000, -0.1349999999999994500, 2.592546190531647400 ) ) ;
#597 = DIRECTION ( 'NONE',  ( 0.0000000000000000000, 0.0000000000000000000, 1.000000000000000000 ) ) ;
#598 = DIRECTION ( 'NONE',  ( -0.0000000000000000000, -0.0000000000000000000, 1.000000000000000000 ) ) ;
#599 = DIRECTION ( 'NONE',  ( -1.000000000000000000, 0.0000000000000000000, 0.0000000000000000000 ) ) ;
#600 = CYLINDRICAL_SURFACE ( 'NONE', #4134, 0.2350000000000004000 ) ;
#601 = EDGE_CURVE ( 'NONE', #3146, #2524, #879, .T. ) ;
#602 = CARTESIAN_POINT ( 'NONE',  ( -3.375000000000001300, -0.09419267824826982300, 2.823976012489516600 ) ) ;
#603 = EDGE_CURVE ( 'NONE', #8259, #6476, #3462, .T. ) ;
#604 = DIRECTION ( 'NONE',  ( 1.000000000000000000, -0.0000000000000000000, -0.0000000000000000000 ) ) ;
#605 = LINE ( 'NONE', #3375, #3941 ) ;
#606 = DIRECTION ( 'NONE',  ( -6.505213034913029600E-016, 0.0000000000000000000, -1.000000000000000000 ) ) ;
#607 = STYLED_ITEM ( 'NONE', ( #89 ), #5153 ) ;
#608 = DIRECTION ( 'NONE',  ( 1.000000000000000000, -0.0000000000000000000, -0.0000000000000000000 ) ) ;
#609 = PLANE ( 'NONE',  #1687 ) ;
#610 = ADVANCED_FACE ( 'NONE', ( #7982 ), #272, .F. ) ;
#611 = VERTEX_POINT ( 'NONE', #356 ) ;
#612 = CARTESIAN_POINT ( 'NONE',  ( 4.245000000000001000, -0.9235781443239867700, -2.999587534657339700 ) ) ;
#613 = ORIENTED_EDGE ( 'NONE', *, *, #674, .F. ) ;
#614 = CARTESIAN_POINT ( 'NONE',  ( -2.975000000000000100, -0.09999999999999925600, 2.592546190531647400 ) ) ;
#615 = CARTESIAN_POINT ( 'NONE',  ( 2.974999999999998300, -0.1000000000000000100, -1.599999999999999900 ) ) ;
#616 = DIRECTION ( 'NONE',  ( 2.168404344971009900E-016, 0.0000000000000000000, 1.000000000000000000 ) ) ;
#617 = PLANE ( 'NONE',  #5418 ) ;
#618 = EDGE_CURVE ( 'NONE', #7413, #8044, #5484, .T. ) ;
#619 = ORIENTED_EDGE ( 'NONE', *, *, #7999, .T. ) ;
#620 = LINE ( 'NONE', #5378, #5336 ) ;
#621 = LINE ( 'NONE', #6061, #2644 ) ;
#622 = ORIENTED_EDGE ( 'NONE', *, *, #7620, .T. ) ;
#623 = CIRCLE ( 'NONE', #6959, 0.2350000000000004000 ) ;
#624 = PLANE ( 'NONE',  #4672 ) ;
#625 = VERTEX_POINT ( 'NONE', #7853 ) ;
#626 = DIRECTION ( 'NONE',  ( 0.0000000000000000000, -0.1736481776669340800, 0.9848077530122074700 ) ) ;
#627 = SURFACE_SIDE_STYLE ('',( #4088 ) ) ;
#628 = ORIENTED_EDGE ( 'NONE', *, *, #7389, .F. ) ;
#629 = DIRECTION ( 'NONE',  ( 0.0000000000000000000, -1.000000000000000000, 0.0000000000000000000 ) ) ;
#630 = LINE ( 'NONE', #414, #2760 ) ;
#631 = VECTOR ( 'NONE', #1888, 1000.000000000000000 ) ;
#632 = FACE_OUTER_BOUND ( 'NONE', #6928, .T. ) ;
#633 = EDGE_CURVE ( 'NONE', #4249, #7725, #4542, .T. ) ;
#634 = VECTOR ( 'NONE', #2930, 1000.000000000000000 ) ;
#635 = SURFACE_STYLE_USAGE ( .BOTH. , #3321 ) ;
#636 = ADVANCED_FACE ( 'NONE', ( #6184 ), #7166, .F. ) ;
#637 = FACE_OUTER_BOUND ( 'NONE', #338, .T. ) ;
#638 = DIRECTION ( 'NONE',  ( -1.000000000000000000, 0.0000000000000000000, 0.0000000000000000000 ) ) ;
#639 = AXIS2_PLACEMENT_3D ( 'NONE', #8345, #7640, #5016 ) ;
#640 = DIRECTION ( 'NONE',  ( 1.000000000000000000, -0.0000000000000000000, -0.0000000000000000000 ) ) ;
#641 = DIRECTION ( 'NONE',  ( -0.0000000000000000000, 0.1736481776669340500, 0.9848077530122073500 ) ) ;
#642 = DIRECTION ( 'NONE',  ( 0.0000000000000000000, 1.000000000000000000, 0.0000000000000000000 ) ) ;
#643 = CARTESIAN_POINT ( 'NONE',  ( 4.245000000000000100, -0.1349999999999994500, -2.592546190531647400 ) ) ;
#644 = LINE ( 'NONE', #6845, #3436 ) ;
#645 = VERTEX_POINT ( 'NONE', #2463 ) ;
#646 = AXIS2_PLACEMENT_3D ( 'NONE', #1499, #5571, #4263 ) ;
#647 = EDGE_LOOP ( 'NONE', ( #3480, #1050, #135, #8183 ) ) ;
#648 = ORIENTED_EDGE ( 'NONE', *, *, #5225, .F. ) ;
#649 = CARTESIAN_POINT ( 'NONE',  ( -1.705000000000001200, 0.1000000000000007500, -2.592546190531647400 ) ) ;
#650 = CIRCLE ( 'NONE', #534, 0.2350000000000004000 ) ;
#651 = DIRECTION ( 'NONE',  ( 0.0000000000000000000, 0.1736481776669342400, -0.9848077530122073500 ) ) ;
#652 = CARTESIAN_POINT ( 'NONE',  ( 3.374999999999999600, -0.1000000000000000100, -1.599999999999999900 ) ) ;
#653 = VECTOR ( 'NONE', #5004, 1000.000000000000000 ) ;
#654 = EDGE_CURVE ( 'NONE', #2033, #1366, #3677, .T. ) ;
#655 = AXIS2_PLACEMENT_3D ( 'NONE', #4311, #8343, #3591 ) ;
#656 = EDGE_LOOP ( 'NONE', ( #3906, #4612, #1168, #952 ) ) ;
#657 = AXIS2_PLACEMENT_3D ( 'NONE', #3975, #1890, #556 ) ;
#658 = VECTOR ( 'NONE', #4112, 1000.000000000000000 ) ;
#659 = DIRECTION ( 'NONE',  ( -2.168404344971009900E-016, 2.168404344971009900E-016, -1.000000000000000000 ) ) ;
#660 = AXIS2_PLACEMENT_3D ( 'NONE', #2615, #3339, #6660 ) ;
#661 = ORIENTED_EDGE ( 'NONE', *, *, #5875, .T. ) ;
#662 = LINE ( 'NONE', #8079, #8518 ) ;
#663 = ORIENTED_EDGE ( 'NONE', *, *, #4889, .F. ) ;
#664 = VECTOR ( 'NONE', #861, 1000.000000000000000 ) ;
#665 = VERTEX_POINT ( 'NONE', #4517 ) ;
#666 = VECTOR ( 'NONE', #8672, 1000.000000000000000 ) ;
#667 = LINE ( 'NONE', #8043, #2061 ) ;
#668 = ORIENTED_EDGE ( 'NONE', *, *, #3638, .T. ) ;
#669 = VERTEX_POINT ( 'NONE', #6521 ) ;
#670 = CARTESIAN_POINT ( 'NONE',  ( -2.975000000000001000, -0.8885781443239865200, -2.999587534657339700 ) ) ;
#671 = SURFACE_STYLE_USAGE ( .BOTH. , #6162 ) ;
#672 = CYLINDRICAL_SURFACE ( 'NONE', #3718, 0.2350000000000004000 ) ;
#673 = CARTESIAN_POINT ( 'NONE',  ( 3.374999999999999600, -0.8885781443239865200, 2.999587534657339700 ) ) ;
#674 = EDGE_CURVE ( 'NONE', #2716, #6359, #7891, .T. ) ;
#675 = EDGE_LOOP ( 'NONE', ( #4382, #4141, #7994, #2800 ) ) ;
#676 = PLANE ( 'NONE',  #2773 ) ;
#677 = ORIENTED_EDGE ( 'NONE', *, *, #4324, .T. ) ;
#678 = CARTESIAN_POINT ( 'NONE',  ( 0.4349999999999987800, -0.09999999999999925600, -2.592546190531647400 ) ) ;
#679 = LINE ( 'NONE', #2990, #2713 ) ;
#680 = CARTESIAN_POINT ( 'NONE',  ( -4.245000000000000100, -0.8885781443239866300, 2.999587534657338800 ) ) ;
#681 = LINE ( 'NONE', #4727, #4345 ) ;
#682 = CARTESIAN_POINT ( 'NONE',  ( 1.704999999999999000, -0.09999999999999925600, 2.592546190531647400 ) ) ;
#683 = EDGE_CURVE ( 'NONE', #7782, #5886, #3898, .T. ) ;
#684 = CARTESIAN_POINT ( 'NONE',  ( 0.0000000000000000000, -1.123578144323986300, 0.005099784264222338000 ) ) ;
#685 = ORIENTED_EDGE ( 'NONE', *, *, #7884, .F. ) ;
#686 = CARTESIAN_POINT ( 'NONE',  ( -2.975000000000001000, -0.8885781443239865200, -2.999587534657339700 ) ) ;
#687 = EDGE_LOOP ( 'NONE', ( #2889, #3120, #3212, #668 ) ) ;
#688 = VECTOR ( 'NONE', #8419, 1000.000000000000200 ) ;
#689 = CARTESIAN_POINT ( 'NONE',  ( -2.105000000000001300, -0.1349999999999994500, -2.592546190531647400 ) ) ;
#690 = EDGE_CURVE ( 'NONE', #7204, #4103, #7672, .T. ) ;
#691 = CARTESIAN_POINT ( 'NONE',  ( -0.8350000000000015200, -0.09419267824826987900, -2.823976012489516600 ) ) ;
#692 = VECTOR ( 'NONE', #5189, 1000.000000000000000 ) ;
#693 = CARTESIAN_POINT ( 'NONE',  ( -5.509999999999999800, 0.5232985629623172500, 2.207728344383776500 ) ) ;
#694 = CARTESIAN_POINT ( 'NONE',  ( -1.704999999999999800, -1.123578144323987200, 3.555000000000000200 ) ) ;
#695 = EDGE_CURVE ( 'NONE', #7199, #1808, #7021, .T. ) ;
#696 = EDGE_CURVE ( 'NONE', #665, #7463, #2583, .T. ) ;
#697 = CARTESIAN_POINT ( 'NONE',  ( -3.375000000000001300, -0.06527036446661323200, -2.818876228225292800 ) ) ;
#698 = FACE_OUTER_BOUND ( 'NONE', #8250, .T. ) ;
#699 = PLANE ( 'NONE',  #3345 ) ;
#700 = DIRECTION ( 'NONE',  ( 0.0000000000000000000, -2.168404344971009900E-016, 1.000000000000000000 ) ) ;
#701 = CARTESIAN_POINT ( 'NONE',  ( -3.375000000000001300, -0.9235781443239868800, 3.555000000000000200 ) ) ;
#702 = EDGE_LOOP ( 'NONE', ( #1056, #6114, #3693, #6790 ) ) ;
#703 = LINE ( 'NONE', #5699, #4582 ) ;
#704 = CARTESIAN_POINT ( 'NONE',  ( -0.4350000000000014400, -1.123578144323986900, -2.999587534657339700 ) ) ;
#705 = DIRECTION ( 'NONE',  ( 0.0000000000000000000, 1.000000000000000000, 0.0000000000000000000 ) ) ;
#706 = AXIS2_PLACEMENT_3D ( 'NONE', #6780, #1353, #3432 ) ;
#707 = DIRECTION ( 'NONE',  ( 0.0000000000000000000, -0.0000000000000000000, 1.000000000000000000 ) ) ;
#708 = CARTESIAN_POINT ( 'NONE',  ( 0.0000000000000000000, -0.9235781443239868800, -3.555000000000000200 ) ) ;
#709 = ORIENTED_EDGE ( 'NONE', *, *, #2606, .T. ) ;
#710 = VECTOR ( 'NONE', #734, 1000.000000000000000 ) ;
#711 = PLANE ( 'NONE',  #3810 ) ;
#712 = EDGE_CURVE ( 'NONE', #8689, #1054, #8300, .T. ) ;
#713 = DIRECTION ( 'NONE',  ( 1.451823225083932900E-032, -1.000000000000000000, -1.608122649676636600E-016 ) ) ;
#714 = EDGE_CURVE ( 'NONE', #3652, #5071, #6817, .T. ) ;
#715 = VERTEX_POINT ( 'NONE', #4606 ) ;
#716 = LINE ( 'NONE', #1415, #6148 ) ;
#717 = VECTOR ( 'NONE', #3745, 1000.000000000000000 ) ;
#718 = CARTESIAN_POINT ( 'NONE',  ( 2.104999999999999100, -0.1349999999999994500, -2.592546190531647400 ) ) ;
#719 = ADVANCED_FACE ( 'NONE', ( #3221 ), #3154, .T. ) ;
#720 = ORIENTED_EDGE ( 'NONE', *, *, #6212, .F. ) ;
#721 = ORIENTED_EDGE ( 'NONE', *, *, #1716, .T. ) ;
#722 = CARTESIAN_POINT ( 'NONE',  ( 0.0000000000000000000, -1.123578144323987200, -3.555000000000000200 ) ) ;
#723 =( NAMED_UNIT ( * ) PLANE_ANGLE_UNIT ( ) SI_UNIT ( $, .RADIAN. ) );
#724 = VECTOR ( 'NONE', #85, 1000.000000000000000 ) ;
#725 = LINE ( 'NONE', #5113, #1468 ) ;
#726 = PLANE ( 'NONE',  #1553 ) ;
#727 = LINE ( 'NONE', #1734, #5240 ) ;
#728 = ORIENTED_EDGE ( 'NONE', *, *, #4709, .T. ) ;
#729 = EDGE_CURVE ( 'NONE', #3220, #2315, #4961, .T. ) ;
#730 = CARTESIAN_POINT ( 'NONE',  ( 4.245000000000001000, 0.1000000000000000100, -2.825000000000000200 ) ) ;
#731 = ORIENTED_EDGE ( 'NONE', *, *, #6078, .T. ) ;
#732 = CARTESIAN_POINT ( 'NONE',  ( -3.375000000000001300, -0.1289223137816569700, 2.627014461887073900 ) ) ;
#733 = VECTOR ( 'NONE', #1658, 1000.000000000000000 ) ;
#734 = DIRECTION ( 'NONE',  ( 1.000000000000000000, -0.0000000000000000000, 0.0000000000000000000 ) ) ;
#735 = ADVANCED_FACE ( 'NONE', ( #7771 ), #6593, .T. ) ;
#736 = CARTESIAN_POINT ( 'NONE',  ( -3.375000000000001300, -1.123578144323986900, 2.970219047566134300 ) ) ;
#737 = EDGE_CURVE ( 'NONE', #5267, #5675, #761, .T. ) ;
#738 = VECTOR ( 'NONE', #8213, 1000.000000000000000 ) ;
#739 = CARTESIAN_POINT ( 'NONE',  ( 4.245000000000000100, -1.123578144323986900, 2.999587534657339700 ) ) ;
#740 = EDGE_CURVE ( 'NONE', #3593, #7680, #6103, .T. ) ;
#741 = CARTESIAN_POINT ( 'NONE',  ( -4.645000000000001400, -0.9235781443239867700, -2.999587534657339700 ) ) ;
#742 = DIRECTION ( 'NONE',  ( -2.168404344971009900E-016, -2.168404344971009900E-016, -1.000000000000000000 ) ) ;
#743 = EDGE_LOOP ( 'NONE', ( #777, #3379, #1496, #721 ) ) ;
#744 = ORIENTED_EDGE ( 'NONE', *, *, #6712, .T. ) ;
#745 = ADVANCED_FACE ( 'NONE', ( #4330 ), #501, .T. ) ;
#746 = CARTESIAN_POINT ( 'NONE',  ( 2.974999999999998300, -0.1349999999999994500, -2.592546190531647400 ) ) ;
#747 = DIRECTION ( 'NONE',  ( 1.000000000000000000, 0.0000000000000000000, 0.0000000000000000000 ) ) ;
#748 = DIRECTION ( 'NONE',  ( 1.000000000000000000, 0.0000000000000000000, -0.0000000000000000000 ) ) ;
#749 = EDGE_LOOP ( 'NONE', ( #4643, #481, #4491, #6401 ) ) ;
#750 = DIRECTION ( 'NONE',  ( 2.168404344971009900E-016, 2.168404344971009900E-016, 1.000000000000000000 ) ) ;
#751 = AXIS2_PLACEMENT_3D ( 'NONE', #3925, #7188, #1830 ) ;
#752 = ORIENTED_EDGE ( 'NONE', *, *, #8268, .T. ) ;
#753 = LINE ( 'NONE', #5930, #1283 ) ;
#754 = CARTESIAN_POINT ( 'NONE',  ( -3.375000000000001300, 0.1000000000000007500, 2.592546190531647400 ) ) ;
#755 = ORIENTED_EDGE ( 'NONE', *, *, #5981, .F. ) ;
#756 = CARTESIAN_POINT ( 'NONE',  ( 4.245000000000000100, -0.9235781443239867700, 2.970219047566134300 ) ) ;
#757 = CARTESIAN_POINT ( 'NONE',  ( -4.245000000000000100, -0.09999999999999925600, -2.592546190531647400 ) ) ;
#758 = EDGE_LOOP ( 'NONE', ( #7615, #6810, #7720, #581 ) ) ;
#759 = ORIENTED_EDGE ( 'NONE', *, *, #5215, .T. ) ;
#760 = PLANE ( 'NONE',  #4848 ) ;
#761 = LINE ( 'NONE', #5825, #5064 ) ;
#762 = VECTOR ( 'NONE', #659, 1000.000000000000000 ) ;
#763 = CARTESIAN_POINT ( 'NONE',  ( -1.705000000000001200, 0.1000000000000007500, -2.592546190531647400 ) ) ;
#764 = CARTESIAN_POINT ( 'NONE',  ( -3.375000000000001300, -1.123578144323986900, 2.999587534657339700 ) ) ;
#765 = ORIENTED_EDGE ( 'NONE', *, *, #2927, .F. ) ;
#766 = PLANE ( 'NONE',  #4566 ) ;
#767 = EDGE_CURVE ( 'NONE', #8109, #301, #8193, .T. ) ;
#768 = ADVANCED_FACE ( 'NONE', ( #3018 ), #3374, .F. ) ;
#769 = AXIS2_PLACEMENT_3D ( 'NONE', #4872, #748, #98 ) ;
#770 = LINE ( 'NONE', #8761, #5072 ) ;
#771 = ORIENTED_EDGE ( 'NONE', *, *, #1302, .F. ) ;
#772 = ORIENTED_EDGE ( 'NONE', *, *, #557, .T. ) ;
#773 = VERTEX_POINT ( 'NONE', #3301 ) ;
#774 = AXIS2_PLACEMENT_3D ( 'NONE', #7090, #906, #5669 ) ;
#775 = LINE ( 'NONE', #1305, #6918 ) ;
#776 = VECTOR ( 'NONE', #2076, 1000.000000000000000 ) ;
#777 = ORIENTED_EDGE ( 'NONE', *, *, #3739, .F. ) ;
#778 = CARTESIAN_POINT ( 'NONE',  ( -4.245000000000001000, -0.09999999999999925600, -2.592546190531647400 ) ) ;
#779 = CARTESIAN_POINT ( 'NONE',  ( 2.974999999999998300, -0.1000000000000000100, 1.599999999999999900 ) ) ;
#780 = DIRECTION ( 'NONE',  ( 1.000000000000000000, 0.0000000000000000000, 0.0000000000000000000 ) ) ;
#781 = VERTEX_POINT ( 'NONE', #2579 ) ;
#782 = ORIENTED_EDGE ( 'NONE', *, *, #6488, .T. ) ;
#783 = PLANE ( 'NONE',  #3637 ) ;
#784 = ORIENTED_EDGE ( 'NONE', *, *, #6582, .T. ) ;
#785 = LINE ( 'NONE', #3378, #7796 ) ;
#786 = CARTESIAN_POINT ( 'NONE',  ( -2.975000000000001000, -0.1289223137816569700, -2.627014461887073900 ) ) ;
#787 = EDGE_CURVE ( 'NONE', #5907, #7829, #6719, .T. ) ;
#788 =( NAMED_UNIT ( * ) PLANE_ANGLE_UNIT ( ) SI_UNIT ( $, .RADIAN. ) );
#789 = DIRECTION ( 'NONE',  ( 0.0000000000000000000, -0.9848077530122073500, -0.1736481776669340500 ) ) ;
#790 = ORIENTED_EDGE ( 'NONE', *, *, #2127, .T. ) ;
#791 = ORIENTED_EDGE ( 'NONE', *, *, #508, .T. ) ;
#792 = ADVANCED_FACE ( 'NONE', ( #6297 ), #7311, .T. ) ;
#793 = VECTOR ( 'NONE', #4494, 1000.000000000000000 ) ;
#794 = EDGE_CURVE ( 'NONE', #4217, #8117, #243, .T. ) ;
#795 = ADVANCED_FACE ( 'NONE', ( #2373 ), #609, .F. ) ;
#796 = DIRECTION ( 'NONE',  ( -1.000000000000000000, 0.0000000000000000000, 0.0000000000000000000 ) ) ;
#797 = DIRECTION ( 'NONE',  ( 0.0000000000000000000, 1.000000000000000000, 0.0000000000000000000 ) ) ;
#798 = DIRECTION ( 'NONE',  ( -7.080503983578802800E-016, 0.0000000000000000000, -1.000000000000000000 ) ) ;
#799 = CARTESIAN_POINT ( 'NONE',  ( 0.8349999999999998500, 0.1000000000000000100, 1.599999999999999900 ) ) ;
#800 = PLANE ( 'NONE',  #7986 ) ;
#801 = EDGE_CURVE ( 'NONE', #1616, #7149, #7247, .T. ) ;
#802 = VECTOR ( 'NONE', #3389, 1000.000000000000000 ) ;
#803 = DIRECTION ( 'NONE',  ( -1.000000000000000000, 0.0000000000000000000, 0.0000000000000000000 ) ) ;
#804 = PLANE ( 'NONE',  #6600 ) ;
#805 = VERTEX_POINT ( 'NONE', #2011 ) ;
#806 = VECTOR ( 'NONE', #7790, 1000.000000000000000 ) ;
#807 = EDGE_CURVE ( 'NONE', #3475, #2685, #8405, .T. ) ;
#808 = AXIS2_PLACEMENT_3D ( 'NONE', #8787, #7520, #7468 ) ;
#809 = CARTESIAN_POINT ( 'NONE',  ( -2.105000000000001300, -0.1000000000000000100, 1.599999999999999900 ) ) ;
#810 = ADVANCED_FACE ( 'NONE', ( #7552 ), #4042, .T. ) ;
#811 = STYLED_ITEM ( 'NONE', ( #2975 ), #5416 ) ;
#812 = ORIENTED_EDGE ( 'NONE', *, *, #8433, .F. ) ;
#813 = DIRECTION ( 'NONE',  ( 0.0000000000000000000, -0.1736481776669339900, -0.9848077530122073500 ) ) ;
#814 = COLOUR_RGB ( '',0.2509803921568627400, 0.2509803921568627400, 0.2509803921568627400 ) ;
#815 = PLANE ( 'NONE',  #8547 ) ;
#816 = CARTESIAN_POINT ( 'NONE',  ( 1.704999999999999000, -0.09419267824826987900, -2.823976012489516600 ) ) ;
#817 = STYLED_ITEM ( 'NONE', ( #2237 ), #4096 ) ;
#818 = ORIENTED_EDGE ( 'NONE', *, *, #787, .F. ) ;
#819 = AXIS2_PLACEMENT_3D ( 'NONE', #3161, #2422, #7862 ) ;
#820 = AXIS2_PLACEMENT_3D ( 'NONE', #1628, #5623, #5049 ) ;
#821 = VERTEX_POINT ( 'NONE', #8001 ) ;
#822 = DIRECTION ( 'NONE',  ( 0.0000000000000000000, 7.744301232039248600E-016, 1.000000000000000000 ) ) ;
#823 = CARTESIAN_POINT ( 'NONE',  ( 2.104999999999999100, -0.1289223137816569700, -2.627014461887073900 ) ) ;
#824 = DIRECTION ( 'NONE',  ( 1.000000000000000000, 0.0000000000000000000, 0.0000000000000000000 ) ) ;
#825 = DIRECTION ( 'NONE',  ( -1.000000000000000000, 0.0000000000000000000, -0.0000000000000000000 ) ) ;
#826 = EDGE_LOOP ( 'NONE', ( #6868, #6836, #8238, #5266 ) ) ;
#827 = LINE ( 'NONE', #614, #3961 ) ;
#828 = LINE ( 'NONE', #2045, #5543 ) ;
#829 = ORIENTED_EDGE ( 'NONE', *, *, #58, .F. ) ;
#830 = VECTOR ( 'NONE', #2831, 1000.000000000000000 ) ;
#831 = ORIENTED_EDGE ( 'NONE', *, *, #418, .F. ) ;
#832 = EDGE_CURVE ( 'NONE', #4258, #5392, #1090, .T. ) ;
#833 = PLANE ( 'NONE',  #5909 ) ;
#834 = DIRECTION ( 'NONE',  ( 0.0000000000000000000, 0.1736481776669341100, -0.9848077530122073500 ) ) ;
#835 = CARTESIAN_POINT ( 'NONE',  ( 2.974999999999998300, -0.1289223137816567200, -2.627014461887075200 ) ) ;
#836 = VERTEX_POINT ( 'NONE', #1986 ) ;
#837 = ADVANCED_FACE ( 'NONE', ( #6601 ), #6628, .T. ) ;
#838 = EDGE_LOOP ( 'NONE', ( #3248, #2821, #7254, #2806 ) ) ;
#839 = VECTOR ( 'NONE', #1566, 1000.000000000000000 ) ;
#840 = FACE_OUTER_BOUND ( 'NONE', #1531, .T. ) ;
#841 = VECTOR ( 'NONE', #7271, 1000.000000000000200 ) ;
#842 = PLANE ( 'NONE',  #4403 ) ;
#843 = EDGE_CURVE ( 'NONE', #7742, #8593, #4850, .T. ) ;
#844 = CARTESIAN_POINT ( 'NONE',  ( 2.104999999999999100, -0.09419267824826980900, -2.823976012489516600 ) ) ;
#845 = VECTOR ( 'NONE', #3621, 1000.000000000000000 ) ;
#846 = ADVANCED_FACE ( 'NONE', ( #6391 ), #5400, .T. ) ;
#847 = EDGE_LOOP ( 'NONE', ( #8768, #2808, #1828, #3967 ) ) ;
#848 = EDGE_CURVE ( 'NONE', #4899, #6294, #5274, .T. ) ;
#849 = ORIENTED_EDGE ( 'NONE', *, *, #528, .T. ) ;
#850 = CARTESIAN_POINT ( 'NONE',  ( -1.705000000000000300, -0.8885781443239865200, 2.999587534657339700 ) ) ;
#851 = DIRECTION ( 'NONE',  ( 0.0000000000000000000, 0.1736481776669342400, -0.9848077530122073500 ) ) ;
#852 = DIRECTION ( 'NONE',  ( -1.000000000000000000, 0.0000000000000000000, 0.0000000000000000000 ) ) ;
#853 = CARTESIAN_POINT ( 'NONE',  ( 0.0000000000000000000, -0.9235781443239861100, -0.005099784264222377100 ) ) ;
#854 = LINE ( 'NONE', #4093, #5 ) ;
#855 = ADVANCED_FACE ( 'NONE', ( #2795 ), #7423, .F. ) ;
#856 = CARTESIAN_POINT ( 'NONE',  ( 0.8349999999999989700, -0.09999999999999925600, -2.592546190531647400 ) ) ;
#857 = ORIENTED_EDGE ( 'NONE', *, *, #8138, .F. ) ;
#858 = ORIENTED_EDGE ( 'NONE', *, *, #2216, .F. ) ;
#859 = FACE_OUTER_BOUND ( 'NONE', #4451, .T. ) ;
#860 = EDGE_CURVE ( 'NONE', #5392, #1927, #1726, .T. ) ;
#861 = DIRECTION ( 'NONE',  ( -2.168404344971009900E-016, -2.168404344971009900E-016, -1.000000000000000000 ) ) ;
#862 = PRESENTATION_LAYER_ASSIGNMENT (  '', '', ( #6493 ) ) ;
#863 = EDGE_CURVE ( 'NONE', #7217, #7778, #2261, .T. ) ;
#864 = DIRECTION ( 'NONE',  ( 0.0000000000000000000, 0.0000000000000000000, 1.000000000000000000 ) ) ;
#865 = FACE_OUTER_BOUND ( 'NONE', #5140, .T. ) ;
#866 = ORIENTED_EDGE ( 'NONE', *, *, #5312, .T. ) ;
#867 = EDGE_LOOP ( 'NONE', ( #5044, #6559, #6595, #8654 ) ) ;
#868 = ADVANCED_FACE ( 'NONE', ( #1829 ), #1438, .T. ) ;
#869 = LINE ( 'NONE', #6937, #6090 ) ;
#870 = ORIENTED_EDGE ( 'NONE', *, *, #5546, .F. ) ;
#871 = DIRECTION ( 'NONE',  ( 5.788853483351982000E-032, -1.000000000000000000, 2.832769448823989800E-016 ) ) ;
#872 = CARTESIAN_POINT ( 'NONE',  ( 0.0000000000000000000, -0.9235781443239868800, 3.555000000000000200 ) ) ;
#873 = ORIENTED_EDGE ( 'NONE', *, *, #2725, .F. ) ;
#874 = VECTOR ( 'NONE', #1656, 1000.000000000000000 ) ;
#875 = DIRECTION ( 'NONE',  ( 0.0000000000000000000, 1.000000000000000000, -0.0000000000000000000 ) ) ;
#876 = EDGE_LOOP ( 'NONE', ( #2169, #709, #7537, #6296 ) ) ;
#877 = DIRECTION ( 'NONE',  ( 0.0000000000000000000, -0.1736481776669340800, -0.9848077530122074700 ) ) ;
#878 = DIRECTION ( 'NONE',  ( 0.0000000000000000000, 0.0000000000000000000, 1.000000000000000000 ) ) ;
#879 = LINE ( 'NONE', #7732, #979 ) ;
#880 = FACE_OUTER_BOUND ( 'NONE', #405, .T. ) ;
#881 = ORIENTED_EDGE ( 'NONE', *, *, #6035, .F. ) ;
#882 = DIRECTION ( 'NONE',  ( -1.000000000000000000, -0.0000000000000000000, -0.0000000000000000000 ) ) ;
#883 = ADVANCED_FACE ( 'NONE', ( #8286 ), #6908, .T. ) ;
#884 = VECTOR ( 'NONE', #3099, 1000.000000000000000 ) ;
#885 = ADVANCED_FACE ( 'NONE', ( #1290 ), #2136, .T. ) ;
#886 = ORIENTED_EDGE ( 'NONE', *, *, #6650, .F. ) ;
#887 = CARTESIAN_POINT ( 'NONE',  ( -4.245000000000001000, -0.8946558305423296700, -2.965119263301910100 ) ) ;
#888 = ORIENTED_EDGE ( 'NONE', *, *, #3262, .F. ) ;
#889 = ORIENTED_EDGE ( 'NONE', *, *, #2291, .T. ) ;
#890 = LINE ( 'NONE', #5002, #2057 ) ;
#891 = CIRCLE ( 'NONE', #8717, 0.2350000000000004000 ) ;
#892 = CARTESIAN_POINT ( 'NONE',  ( 0.0000000000000000000, 0.5148177190201993500, -2.716591047919102200 ) ) ;
#893 = CARTESIAN_POINT ( 'NONE',  ( 4.645000000000001400, -0.09419267824826987900, 2.823976012489516600 ) ) ;
#894 = EDGE_CURVE ( 'NONE', #3119, #7361, #7127, .T. ) ;
#895 = CARTESIAN_POINT ( 'NONE',  ( -0.4350000000000005000, -0.8885781443239865200, 2.999587534657339700 ) ) ;
#896 = EDGE_CURVE ( 'NONE', #7675, #4254, #4526, .T. ) ;
#897 = VERTEX_POINT ( 'NONE', #5456 ) ;
#898 = AXIS2_PLACEMENT_3D ( 'NONE', #49, #2016, #5428 ) ;
#899 = VERTEX_POINT ( 'NONE', #6835 ) ;
#900 = DIRECTION ( 'NONE',  ( 0.0000000000000000000, 1.000000000000000000, 0.0000000000000000000 ) ) ;
#901 = DIRECTION ( 'NONE',  ( 1.000000000000000000, 0.0000000000000000000, -0.0000000000000000000 ) ) ;
#902 = ORIENTED_EDGE ( 'NONE', *, *, #2725, .T. ) ;
#903 = LINE ( 'NONE', #416, #5605 ) ;
#904 = DIRECTION ( 'NONE',  ( 1.000000000000000000, -0.0000000000000000000, -0.0000000000000000000 ) ) ;
#905 = CARTESIAN_POINT ( 'NONE',  ( 3.374999999999999600, 0.1000000000000000100, -1.599999999999999900 ) ) ;
#906 = DIRECTION ( 'NONE',  ( -1.000000000000000000, 0.0000000000000000000, 0.0000000000000000000 ) ) ;
#907 = CARTESIAN_POINT ( 'NONE',  ( -0.4350000000000013900, 0.1000000000000007500, -2.592546190531647400 ) ) ;
#908 = CARTESIAN_POINT ( 'NONE',  ( -2.105000000000001300, -1.123578144323986300, -0.005099784264222338000 ) ) ;
#909 = DIRECTION ( 'NONE',  ( -1.000000000000000000, 0.0000000000000000000, 0.0000000000000000000 ) ) ;
#910 = VECTOR ( 'NONE', #1269, 1000.000000000000000 ) ;
#911 = DIRECTION ( 'NONE',  ( 1.000000000000000000, 0.0000000000000000000, 0.0000000000000000000 ) ) ;
#912 = EDGE_CURVE ( 'NONE', #1064, #1616, #6285, .T. ) ;
#913 = CARTESIAN_POINT ( 'NONE',  ( 3.374999999999999600, -0.09999999999999925600, 2.592546190531647400 ) ) ;
#914 = CARTESIAN_POINT ( 'NONE',  ( -4.645000000000000500, -1.123578144323987200, -3.555000000000000200 ) ) ;
#915 = LINE ( 'NONE', #741, #1978 ) ;
#916 = DIRECTION ( 'NONE',  ( 1.000000000000000000, -0.0000000000000000000, -0.0000000000000000000 ) ) ;
#917 = DIRECTION ( 'NONE',  ( -1.000000000000000000, 0.0000000000000000000, 0.0000000000000000000 ) ) ;
#918 = DIRECTION ( 'NONE',  ( 1.000000000000000000, -0.0000000000000000000, -0.0000000000000000000 ) ) ;
#919 = EDGE_CURVE ( 'NONE', #6890, #6306, #3556, .T. ) ;
#920 = ORIENTED_EDGE ( 'NONE', *, *, #4008, .F. ) ;
#921 = CIRCLE ( 'NONE', #3710, 0.2350000000000004000 ) ;
#922 = PLANE ( 'NONE',  #8145 ) ;
#923 = CARTESIAN_POINT ( 'NONE',  ( -4.645000000000001400, -0.8946558305423297800, -2.965119263301910100 ) ) ;
#924 = CARTESIAN_POINT ( 'NONE',  ( -0.4350000000000005000, -0.8885781443239865200, 2.999587534657339700 ) ) ;
#925 = VERTEX_POINT ( 'NONE', #8165 ) ;
#927 = ADVANCED_FACE ( 'NONE', ( #1397 ), #5513, .T. ) ;
#926 = AXIS2_PLACEMENT_3D ( 'NONE', #4267, #200, #3504 ) ;
#928 = EDGE_LOOP ( 'NONE', ( #6419, #2133, #6227, #4636 ) ) ;
#929 = VECTOR ( 'NONE', #7639, 1000.000000000000000 ) ;
#930 = AXIS2_PLACEMENT_3D ( 'NONE', #3753, #2401, #6332 ) ;
#931 = CARTESIAN_POINT ( 'NONE',  ( 3.375000000000000000, -1.123578144323987200, 3.555000000000000200 ) ) ;
#932 = CARTESIAN_POINT ( 'NONE',  ( -2.105000000000001300, -0.1349999999999994500, 2.592546190531647400 ) ) ;
#933 = FACE_OUTER_BOUND ( 'NONE', #2798, .T. ) ;
#934 = VERTEX_POINT ( 'NONE', #4198 ) ;
#935 = SURFACE_STYLE_FILL_AREA ( #5175 ) ;
#936 = DIRECTION ( 'NONE',  ( 0.0000000000000000000, 0.0000000000000000000, 1.000000000000000000 ) ) ;
#937 = EDGE_CURVE ( 'NONE', #2918, #456, #5373, .T. ) ;
#938 = AXIS2_PLACEMENT_3D ( 'NONE', #3429, #2104, #4148 ) ;
#939 = ORIENTED_EDGE ( 'NONE', *, *, #2270, .F. ) ;
#940 = LINE ( 'NONE', #8594, #4711 ) ;
#941 = LINE ( 'NONE', #4674, #3744 ) ;
#942 = SURFACE_STYLE_USAGE ( .BOTH. , #5744 ) ;
#943 = AXIS2_PLACEMENT_3D ( 'NONE', #5469, #6758, #6871 ) ;
#944 = EDGE_LOOP ( 'NONE', ( #4722, #1612, #7449, #5796 ) ) ;
#945 = CIRCLE ( 'NONE', #7936, 0.2350000000000004000 ) ;
#946 = DIRECTION ( 'NONE',  ( 0.0000000000000000000, 0.9848077530122073500, -0.1736481776669340500 ) ) ;
#947 = ORIENTED_EDGE ( 'NONE', *, *, #5362, .F. ) ;
#948 = VECTOR ( 'NONE', #2053, 1000.000000000000200 ) ;
#949 = DIRECTION ( 'NONE',  ( 1.000000000000000000, -0.0000000000000000000, -0.0000000000000000000 ) ) ;
#950 = PLANE ( 'NONE',  #2699 ) ;
#951 = ORIENTED_EDGE ( 'NONE', *, *, #6279, .F. ) ;
#952 = ORIENTED_EDGE ( 'NONE', *, *, #4216, .T. ) ;
#953 = PLANE ( 'NONE',  #1225 ) ;
#954 = DIRECTION ( 'NONE',  ( 4.336808689942019700E-016, -2.168404344971009900E-016, 1.000000000000000000 ) ) ;
#955 = EDGE_CURVE ( 'NONE', #3146, #7506, #2686, .T. ) ;
#956 = DIRECTION ( 'NONE',  ( 1.000000000000000000, -0.0000000000000000000, -0.0000000000000000000 ) ) ;
#957 = VECTOR ( 'NONE', #3529, 1000.000000000000000 ) ;
#958 = DIRECTION ( 'NONE',  ( -0.0000000000000000000, -0.0000000000000000000, 1.000000000000000000 ) ) ;
#959 = EDGE_LOOP ( 'NONE', ( #5368, #5329, #6597, #4020 ) ) ;
#960 = EDGE_CURVE ( 'NONE', #6515, #7506, #2898, .T. ) ;
#961 = CARTESIAN_POINT ( 'NONE',  ( -0.4350000000000013900, -0.9235781443239867700, -2.970219047566134300 ) ) ;
#962 = DIRECTION ( 'NONE',  ( 1.000000000000000000, -0.0000000000000000000, 0.0000000000000000000 ) ) ;
#963 = ADVANCED_FACE ( 'NONE', ( #2474 ), #185, .F. ) ;
#964 = FACE_OUTER_BOUND ( 'NONE', #3458, .T. ) ;
#965 = EDGE_CURVE ( 'NONE', #781, #2793, #7345, .T. ) ;
#966 = DIRECTION ( 'NONE',  ( 1.000000000000000000, 0.0000000000000000000, 0.0000000000000000000 ) ) ;
#967 = ORIENTED_EDGE ( 'NONE', *, *, #3312, .T. ) ;
#968 = ORIENTED_EDGE ( 'NONE', *, *, #7508, .T. ) ;
#969 = LINE ( 'NONE', #4280, #6487 ) ;
#970 = EDGE_LOOP ( 'NONE', ( #5397, #976, #7967, #663 ) ) ;
#971 = CARTESIAN_POINT ( 'NONE',  ( 2.105000000000000000, -0.09419267824826990700, 2.823976012489516600 ) ) ;
#972 = CARTESIAN_POINT ( 'NONE',  ( -2.105000000000001300, -0.8885781443239865200, -2.999587534657339700 ) ) ;
#973 = DIRECTION ( 'NONE',  ( -1.000000000000000000, 0.0000000000000000000, 0.0000000000000000000 ) ) ;
#974 = CARTESIAN_POINT ( 'NONE',  ( 0.8349999999999989700, -0.9293854660757164800, -2.768157712699470100 ) ) ;
#975 = SURFACE_STYLE_FILL_AREA ( #3875 ) ;
#976 = ORIENTED_EDGE ( 'NONE', *, *, #3155, .T. ) ;
#977 = ORIENTED_EDGE ( 'NONE', *, *, #3660, .T. ) ;
#978 = EDGE_CURVE ( 'NONE', #2804, #1579, #3335, .T. ) ;
#979 = VECTOR ( 'NONE', #8381, 1000.000000000000000 ) ;
#980 = FACE_OUTER_BOUND ( 'NONE', #480, .T. ) ;
#981 = ORIENTED_EDGE ( 'NONE', *, *, #8106, .F. ) ;
#982 = CARTESIAN_POINT ( 'NONE',  ( 0.4349999999999987800, -0.8946558305423296700, 2.965119263301910100 ) ) ;
#983 = DIRECTION ( 'NONE',  ( 1.000000000000000000, 0.0000000000000000000, 0.0000000000000000000 ) ) ;
#984 = AXIS2_PLACEMENT_3D ( 'NONE', #1130, #4666, #3299 ) ;
#985 = VERTEX_POINT ( 'NONE', #8274 ) ;
#986 = CARTESIAN_POINT ( 'NONE',  ( 0.8349999999999998500, -0.09419267824826990700, 2.823976012489516600 ) ) ;
#987 = CARTESIAN_POINT ( 'NONE',  ( 0.8349999999999998500, -0.8946558305423292200, 2.965119263301912300 ) ) ;
#988 = CARTESIAN_POINT ( 'NONE',  ( -1.705000000000001200, -0.9235781443239867700, -2.970219047566134300 ) ) ;
#989 = LINE ( 'NONE', #3405, #6107 ) ;
#990 = ORIENTED_EDGE ( 'NONE', *, *, #8772, .F. ) ;
#991 = VERTEX_POINT ( 'NONE', #2214 ) ;
#992 = ORIENTED_EDGE ( 'NONE', *, *, #6226, .F. ) ;
#993 = DIRECTION ( 'NONE',  ( -0.0000000000000000000, 0.0000000000000000000, -1.000000000000000000 ) ) ;
#994 = ORIENTED_EDGE ( 'NONE', *, *, #3730, .T. ) ;
#995 = FACE_OUTER_BOUND ( 'NONE', #5769, .T. ) ;
#996 = VECTOR ( 'NONE', #871, 1000.000000000000000 ) ;
#997 = ORIENTED_EDGE ( 'NONE', *, *, #1809, .F. ) ;
#998 = EDGE_CURVE ( 'NONE', #3568, #3119, #7659, .T. ) ;
#999 = AXIS2_PLACEMENT_3D ( 'NONE', #8565, #1700, #3100 ) ;
#1000 = ADVANCED_FACE ( 'NONE', ( #3448 ), #1492, .F. ) ;
#1001 = AXIS2_PLACEMENT_3D ( 'NONE', #8749, #2213, #5448 ) ;
#1002 = DIRECTION ( 'NONE',  ( -0.0000000000000000000, 0.0000000000000000000, 1.000000000000000000 ) ) ;
#1003 = ORIENTED_EDGE ( 'NONE', *, *, #6057, .T. ) ;
#1004 = PLANE ( 'NONE',  #7814 ) ;
#1005 = ORIENTED_EDGE ( 'NONE', *, *, #6211, .T. ) ;
#1006 = ORIENTED_EDGE ( 'NONE', *, *, #801, .F. ) ;
#1007 = AXIS2_PLACEMENT_3D ( 'NONE', #5809, #3696, #329 ) ;
#1008 = LINE ( 'NONE', #7400, #8735 ) ;
#1009 = ORIENTED_EDGE ( 'NONE', *, *, #354, .F. ) ;
#1010 = DIRECTION ( 'NONE',  ( 0.0000000000000000000, 0.0000000000000000000, -1.000000000000000000 ) ) ;
#1011 = CARTESIAN_POINT ( 'NONE',  ( 3.374999999999999600, -0.09419267824826987900, 2.823976012489516600 ) ) ;
#1012 = EDGE_CURVE ( 'NONE', #4012, #7558, #869, .T. ) ;
#1013 = LINE ( 'NONE', #7902, #2514 ) ;
#1014 = ADVANCED_FACE ( 'NONE', ( #4116 ), #1552, .T. ) ;
#1015 = DIRECTION ( 'NONE',  ( 1.000000000000000000, 0.0000000000000000000, 0.0000000000000000000 ) ) ;
#1016 = EDGE_LOOP ( 'NONE', ( #4353, #3354, #3261, #3610 ) ) ;
#1017 = CARTESIAN_POINT ( 'NONE',  ( 4.245000000000000100, -0.1000000000000000100, 1.599999999999999900 ) ) ;
#1018 = LINE ( 'NONE', #2959, #1440 ) ;
#1019 = CARTESIAN_POINT ( 'NONE',  ( 4.645000000000001400, -1.123578144323986900, 2.999587534657339700 ) ) ;
#1020 = CARTESIAN_POINT ( 'NONE',  ( -4.245000000000000100, -0.1349999999999994500, -2.592546190531647400 ) ) ;
#1021 = EDGE_CURVE ( 'NONE', #8516, #3139, #7235, .T. ) ;
#1022 = LINE ( 'NONE', #349, #8551 ) ;
#1023 = DIRECTION ( 'NONE',  ( 0.0000000000000000000, -0.1736481776669340800, 0.9848077530122074700 ) ) ;
#1024 = PLANE ( 'NONE',  #1608 ) ;
#1025 = ORIENTED_EDGE ( 'NONE', *, *, #461, .T. ) ;
#1026 = DIRECTION ( 'NONE',  ( 0.0000000000000000000, 0.9848077530122073500, 0.1736481776669340500 ) ) ;
#1027 = FACE_OUTER_BOUND ( 'NONE', #2711, .T. ) ;
#1028 = DIRECTION ( 'NONE',  ( 0.0000000000000000000, 0.0000000000000000000, 1.000000000000000000 ) ) ;
#1029 = EDGE_CURVE ( 'NONE', #448, #7770, #8718, .T. ) ;
#1030 = DIRECTION ( 'NONE',  ( 1.000000000000000000, -4.212971753347078400E-032, -2.168404344971009900E-016 ) ) ;
#1031 = PLANE ( 'NONE',  #1007 ) ;
#1032 = EDGE_CURVE ( 'NONE', #7387, #2918, #5876, .T. ) ;
#1033 = EDGE_LOOP ( 'NONE', ( #968, #299, #2135, #5853 ) ) ;
#1034 = VECTOR ( 'NONE', #2489, 1000.000000000000100 ) ;
#1035 = VERTEX_POINT ( 'NONE', #5010 ) ;
#1036 = LINE ( 'NONE', #4467, #7614 ) ;
#1037 = CARTESIAN_POINT ( 'NONE',  ( 0.0000000000000000000, -1.000000000000000000, -2.123673019291533800 ) ) ;
#1038 = CARTESIAN_POINT ( 'NONE',  ( 4.245000000000000100, -0.09999999999999925600, 2.592546190531647400 ) ) ;
#1039 = CARTESIAN_POINT ( 'NONE',  ( 1.704999999999999000, -0.8946558305423292200, -2.965119263301912300 ) ) ;
#1040 = AXIS2_PLACEMENT_3D ( 'NONE', #1230, #6031, #3983 ) ;
#1041 = ORIENTED_EDGE ( 'NONE', *, *, #517, .F. ) ;
#1042 = VECTOR ( 'NONE', #7777, 1000.000000000000000 ) ;
#1043 = FACE_OUTER_BOUND ( 'NONE', #7119, .T. ) ;
#1044 = VERTEX_POINT ( 'NONE', #2289 ) ;
#1045 = SURFACE_STYLE_FILL_AREA ( #4181 ) ;
#1046 = DIRECTION ( 'NONE',  ( -1.000000000000000000, 0.0000000000000000000, -0.0000000000000000000 ) ) ;
#1047 = AXIS2_PLACEMENT_3D ( 'NONE', #4865, #3491, #3423 ) ;
#1048 = ORIENTED_EDGE ( 'NONE', *, *, #8016, .T. ) ;
#1049 = DIRECTION ( 'NONE',  ( -7.080503983578801900E-016, -0.0000000000000000000, -1.000000000000000000 ) ) ;
#1050 = ORIENTED_EDGE ( 'NONE', *, *, #696, .T. ) ;
#1051 = VECTOR ( 'NONE', #6491, 1000.000000000000000 ) ;
#1052 = LINE ( 'NONE', #907, #8060 ) ;
#1053 = ADVANCED_FACE ( 'NONE', ( #3208 ), #2967, .F. ) ;
#1054 = VERTEX_POINT ( 'NONE', #5677 ) ;
#1055 = VECTOR ( 'NONE', #598, 1000.000000000000000 ) ;
#1056 = ORIENTED_EDGE ( 'NONE', *, *, #2291, .F. ) ;
#1057 = EDGE_CURVE ( 'NONE', #7915, #2758, #6807, .T. ) ;
#1058 = DIRECTION ( 'NONE',  ( 0.0000000000000000000, -0.1736481776669340800, 0.9848077530122074700 ) ) ;
#1059 = EDGE_CURVE ( 'NONE', #7971, #7157, #230, .T. ) ;
#1060 = CARTESIAN_POINT ( 'NONE',  ( -3.375000000000001300, -0.1000000000000000100, -1.599999999999999900 ) ) ;
#1061 = STYLED_ITEM ( 'NONE', ( #5228 ), #4619 ) ;
#1062 = FACE_OUTER_BOUND ( 'NONE', #4839, .T. ) ;
#1063 = DIRECTION ( 'NONE',  ( 0.0000000000000000000, 2.168404344971009900E-016, 1.000000000000000000 ) ) ;
#1064 = VERTEX_POINT ( 'NONE', #419 ) ;
#1065 = DIRECTION ( 'NONE',  ( -1.000000000000000000, -2.710505431213754200E-016, 0.0000000000000000000 ) ) ;
#1066 = CARTESIAN_POINT ( 'NONE',  ( -1.704999999999999800, -0.9235781443239868800, 3.555000000000000200 ) ) ;
#1067 =( NAMED_UNIT ( * ) PLANE_ANGLE_UNIT ( ) SI_UNIT ( $, .RADIAN. ) );
#1068 = FACE_OUTER_BOUND ( 'NONE', #7122, .T. ) ;
#1069 = DIRECTION ( 'NONE',  ( 0.0000000000000000000, 0.0000000000000000000, -1.000000000000000000 ) ) ;
#1070 = ORIENTED_EDGE ( 'NONE', *, *, #3258, .T. ) ;
#1071 = ORIENTED_EDGE ( 'NONE', *, *, #3632, .T. ) ;
#1072 = EDGE_CURVE ( 'NONE', #4658, #4125, #5050, .T. ) ;
#1073 = LINE ( 'NONE', #4197, #1497 ) ;
#1074 = DIRECTION ( 'NONE',  ( 0.0000000000000000000, 0.0000000000000000000, -1.000000000000000000 ) ) ;
#1075 = VECTOR ( 'NONE', #780, 1000.000000000000000 ) ;
#1076 = ORIENTED_EDGE ( 'NONE', *, *, #6698, .F. ) ;
#1077 = CARTESIAN_POINT ( 'NONE',  ( 0.8349999999999999600, -1.123578144323987200, 3.555000000000000200 ) ) ;
#1078 = VERTEX_POINT ( 'NONE', #7267 ) ;
#1079 = ADVANCED_FACE ( 'NONE', ( #5779 ), #4561, .F. ) ;
#1080 = VECTOR ( 'NONE', #4898, 1000.000000000000000 ) ;
#1081 = CARTESIAN_POINT ( 'NONE',  ( 0.8349999999999988500, -0.8885781443239865200, -2.999587534657339700 ) ) ;
#1082 = FACE_OUTER_BOUND ( 'NONE', #5115, .T. ) ;
#1083 = ORIENTED_EDGE ( 'NONE', *, *, #2554, .F. ) ;
#1084 = EDGE_CURVE ( 'NONE', #6501, #2265, #4000, .T. ) ;
#1085 = ORIENTED_EDGE ( 'NONE', *, *, #6533, .T. ) ;
#1086 = ORIENTED_EDGE ( 'NONE', *, *, #7132, .T. ) ;
#1087 = ORIENTED_EDGE ( 'NONE', *, *, #1585, .F. ) ;
#1088 = ORIENTED_EDGE ( 'NONE', *, *, #4559, .T. ) ;
#1089 = SURFACE_SIDE_STYLE ('',( #2636 ) ) ;
#1090 = LINE ( 'NONE', #559, #5686 ) ;
#1091 = VECTOR ( 'NONE', #433, 1000.000000000000000 ) ;
#1092 = DIRECTION ( 'NONE',  ( 0.0000000000000000000, 1.000000000000000000, 0.0000000000000000000 ) ) ;
#1093 = CARTESIAN_POINT ( 'NONE',  ( 0.8349999999999987400, -1.123578144323986900, -2.999587534657339700 ) ) ;
#1094 = LINE ( 'NONE', #722, #2492 ) ;
#1095 = VERTEX_POINT ( 'NONE', #7602 ) ;
#1096 = ORIENTED_EDGE ( 'NONE', *, *, #6328, .F. ) ;
#1097 = CARTESIAN_POINT ( 'NONE',  ( -2.975000000000000100, -0.1000000000000000100, -1.599999999999999900 ) ) ;
#1098 = ORIENTED_EDGE ( 'NONE', *, *, #7805, .T. ) ;
#1099 = ORIENTED_EDGE ( 'NONE', *, *, #6756, .T. ) ;
#1100 = ADVANCED_FACE ( 'NONE', ( #5159 ), #6573, .T. ) ;
#1101 = VECTOR ( 'NONE', #6992, 1000.000000000000000 ) ;
#1102 = LINE ( 'NONE', #5460, #8113 ) ;
#1103 = CARTESIAN_POINT ( 'NONE',  ( 0.0000000000000000000, 0.4800880834868125900, -2.519629497316660900 ) ) ;
#1104 = PLANE ( 'NONE',  #3066 ) ;
#1105 = ADVANCED_FACE ( 'NONE', ( #3779 ), #4950, .F. ) ;
#1106 = CARTESIAN_POINT ( 'NONE',  ( -0.8350000000000015200, -0.09419267824826982300, 2.823976012489516600 ) ) ;
#1107 = ORIENTED_EDGE ( 'NONE', *, *, #8331, .F. ) ;
#1108 = CARTESIAN_POINT ( 'NONE',  ( -1.705000000000001200, -0.9235781443239867700, -2.999587534657339700 ) ) ;
#1109 = ORIENTED_EDGE ( 'NONE', *, *, #176, .F. ) ;
#1110 = FACE_OUTER_BOUND ( 'NONE', #1758, .T. ) ;
#1111 = CARTESIAN_POINT ( 'NONE',  ( 2.974999999999998300, -0.9235781443239867700, -2.999587534657339700 ) ) ;
#1112 = DIRECTION ( 'NONE',  ( 0.0000000000000000000, 1.000000000000000000, 0.0000000000000000000 ) ) ;
#1113 = AXIS2_PLACEMENT_3D ( 'NONE', #8061, #3985, #4027 ) ;
#1114 = CIRCLE ( 'NONE', #6020, 0.2350000000000004000 ) ;
#1115 = DIRECTION ( 'NONE',  ( -0.0000000000000000000, -1.000000000000000000, 2.832769448823989800E-016 ) ) ;
#1116 = CARTESIAN_POINT ( 'NONE',  ( -3.375000000000001300, -0.9293854660757160400, -2.768157712699471000 ) ) ;
#1117 = CARTESIAN_POINT ( 'NONE',  ( 1.704999999999999000, -0.8946558305423297800, -2.965119263301910100 ) ) ;
#1118 = DIRECTION ( 'NONE',  ( 0.0000000000000000000, 0.1736481776669342400, -0.9848077530122073500 ) ) ;
#1119 = EDGE_CURVE ( 'NONE', #1822, #2569, #3667, .T. ) ;
#1120 = DIRECTION ( 'NONE',  ( 0.0000000000000000000, 0.0000000000000000000, -1.000000000000000000 ) ) ;
#1121 = SURFACE_SIDE_STYLE ('',( #975 ) ) ;
#1122 = ORIENTED_EDGE ( 'NONE', *, *, #2866, .T. ) ;
#1123 = EDGE_CURVE ( 'NONE', #8303, #4277, #5579, .T. ) ;
#1124 = PRESENTATION_STYLE_ASSIGNMENT (( #7582 ) ) ;
#1125 = EDGE_CURVE ( 'NONE', #7675, #8303, #4550, .T. ) ;
#1126 = ORIENTED_EDGE ( 'NONE', *, *, #8237, .F. ) ;
#1127 = CARTESIAN_POINT ( 'NONE',  ( -0.4350000000000005000, -0.8946558305423297800, 2.965119263301910100 ) ) ;
#1128 = ORIENTED_EDGE ( 'NONE', *, *, #321, .T. ) ;
#1129 = LINE ( 'NONE', #6886, #8142 ) ;
#1130 = CARTESIAN_POINT ( 'NONE',  ( 2.105000000000000000, -0.1349999999999994500, 2.592546190531647400 ) ) ;
#1131 = DIRECTION ( 'NONE',  ( 0.0000000000000000000, 0.0000000000000000000, 1.000000000000000000 ) ) ;
#1132 = ADVANCED_FACE ( 'NONE', ( #3573 ), #3873, .T. ) ;
#1133 = ORIENTED_EDGE ( 'NONE', *, *, #1123, .F. ) ;
#1134 = FACE_OUTER_BOUND ( 'NONE', #5575, .T. ) ;
#1135 = LINE ( 'NONE', #6779, #8147 ) ;
#1136 = EDGE_CURVE ( 'NONE', #715, #4408, #5990, .T. ) ;
#1137 = CARTESIAN_POINT ( 'NONE',  ( 0.4349999999999987800, -0.06527036446661303700, -2.818876228225294200 ) ) ;
#1138 = AXIS2_PLACEMENT_3D ( 'NONE', #3163, #3313, #3912 ) ;
#1139 = EDGE_LOOP ( 'NONE', ( #6733, #2497, #2669, #452 ) ) ;
#1140 = FACE_OUTER_BOUND ( 'NONE', #1947, .T. ) ;
#1141 = DIRECTION ( 'NONE',  ( -1.000000000000000000, 0.0000000000000000000, 0.0000000000000000000 ) ) ;
#1142 = DIRECTION ( 'NONE',  ( 0.0000000000000000000, 0.0000000000000000000, 1.000000000000000000 ) ) ;
#1143 = AXIS2_PLACEMENT_3D ( 'NONE', #492, #5276, #7275 ) ;
#1144 = EDGE_LOOP ( 'NONE', ( #8648, #5481, #1954, #728 ) ) ;
#1145 = CARTESIAN_POINT ( 'NONE',  ( 2.105000000000000000, -0.1000000000000000100, 2.825000000000000200 ) ) ;
#1146 = ORIENTED_EDGE ( 'NONE', *, *, #4777, .T. ) ;
#1147 = VECTOR ( 'NONE', #3901, 1000.000000000000000 ) ;
#1148 = CIRCLE ( 'NONE', #3704, 0.2350000000000004000 ) ;
#1149 = ORIENTED_EDGE ( 'NONE', *, *, #6488, .F. ) ;
#1150 = CARTESIAN_POINT ( 'NONE',  ( 2.974999999999998300, -0.1000000000000000100, -1.599999999999999900 ) ) ;
#1151 = VECTOR ( 'NONE', #3844, 1000.000000000000000 ) ;
#1152 = CARTESIAN_POINT ( 'NONE',  ( -2.975000000000000100, -0.1000000000000000100, 1.599999999999999900 ) ) ;
#1153 = VERTEX_POINT ( 'NONE', #8599 ) ;
#1154 = VECTOR ( 'NONE', #1557, 1000.000000000000200 ) ;
#1155 = AXIS2_PLACEMENT_3D ( 'NONE', #1202, #1875, #3931 ) ;
#1156 = ORIENTED_EDGE ( 'NONE', *, *, #215, .T. ) ;
#1157 = DIRECTION ( 'NONE',  ( -0.0000000000000000000, 0.0000000000000000000, -1.000000000000000000 ) ) ;
#1158 = ADVANCED_FACE ( 'NONE', ( #6825 ), #5210, .T. ) ;
#1159 = CARTESIAN_POINT ( 'NONE',  ( 3.374999999999999600, 0.1000000000000000200, 2.592546190531647400 ) ) ;
#1160 = FACE_OUTER_BOUND ( 'NONE', #7044, .T. ) ;
#1161 = CARTESIAN_POINT ( 'NONE',  ( 0.0000000000000000000, 0.4800880834868125900, 2.519629497316660900 ) ) ;
#1162 = EDGE_CURVE ( 'NONE', #6359, #4374, #7253, .T. ) ;
#1163 = EDGE_CURVE ( 'NONE', #3798, #347, #3025, .T. ) ;
#1164 = DIRECTION ( 'NONE',  ( 1.000000000000000000, -0.0000000000000000000, -0.0000000000000000000 ) ) ;
#1165 = ORIENTED_EDGE ( 'NONE', *, *, #1955, .T. ) ;
#1166 = ORIENTED_EDGE ( 'NONE', *, *, #7415, .F. ) ;
#1167 = CARTESIAN_POINT ( 'NONE',  ( 0.8350000000000000800, -0.9235781443239869900, 3.970219047566133900 ) ) ;
#1168 = ORIENTED_EDGE ( 'NONE', *, *, #3613, .T. ) ;
#1169 = DIRECTION ( 'NONE',  ( 0.0000000000000000000, 9.227252531791510400E-016, 1.000000000000000000 ) ) ;
#1170 = CARTESIAN_POINT ( 'NONE',  ( -2.975000000000001000, -0.09419267824826980900, -2.823976012489516600 ) ) ;
#1171 = DIRECTION ( 'NONE',  ( 1.000000000000000000, 0.0000000000000000000, -0.0000000000000000000 ) ) ;
#1172 = LINE ( 'NONE', #1972, #5361 ) ;
#1173 = EDGE_LOOP ( 'NONE', ( #6394, #189, #3464, #2112 ) ) ;
#1174 = ORIENTED_EDGE ( 'NONE', *, *, #5479, .F. ) ;
#1175 = CARTESIAN_POINT ( 'NONE',  ( 2.974999999999998300, -0.8885781443239865200, -2.999587534657339700 ) ) ;
#1176 = VECTOR ( 'NONE', #3881, 1000.000000000000000 ) ;
#1177 = ORIENTED_EDGE ( 'NONE', *, *, #5180, .F. ) ;
#1178 = ORIENTED_EDGE ( 'NONE', *, *, #2684, .T. ) ;
#1179 = DIRECTION ( 'NONE',  ( 1.000000000000000000, 0.0000000000000000000, -0.0000000000000000000 ) ) ;
#1180 = ADVANCED_FACE ( 'NONE', ( #5486 ), #1267, .T. ) ;
#1181 = DIRECTION ( 'NONE',  ( 0.0000000000000000000, 1.000000000000000000, 2.168404344971009900E-016 ) ) ;
#1182 = FACE_OUTER_BOUND ( 'NONE', #139, .T. ) ;
#1183 = ORIENTED_EDGE ( 'NONE', *, *, #8077, .T. ) ;
#1184 = EDGE_CURVE ( 'NONE', #5745, #836, #7990, .T. ) ;
#1185 = FILL_AREA_STYLE ('',( #7181 ) ) ;
#1186 = ORIENTED_EDGE ( 'NONE', *, *, #2389, .T. ) ;
#1187 = VECTOR ( 'NONE', #8617, 1000.000000000000000 ) ;
#1188 = COLOUR_RGB ( '',0.2509803921568627400, 0.2509803921568627400, 0.2509803921568627400 ) ;
#1189 = DIRECTION ( 'NONE',  ( 0.0000000000000000000, 9.227252531791510400E-016, -1.000000000000000000 ) ) ;
#1190 = DIRECTION ( 'NONE',  ( -1.000000000000000000, 0.0000000000000000000, -0.0000000000000000000 ) ) ;
#1191 = DIRECTION ( 'NONE',  ( 1.000000000000000000, 0.0000000000000000000, 0.0000000000000000000 ) ) ;
#1192 = CYLINDRICAL_SURFACE ( 'NONE', #2948, 0.2350000000000002400 ) ;
#1193 = ORIENTED_EDGE ( 'NONE', *, *, #1761, .F. ) ;
#1194 = EDGE_CURVE ( 'NONE', #7506, #3062, #4009, .T. ) ;
#1195 = LINE ( 'NONE', #8443, #474 ) ;
#1196 = VECTOR ( 'NONE', #1112, 1000.000000000000000 ) ;
#1197 = EDGE_LOOP ( 'NONE', ( #8215, #7583, #784, #4316 ) ) ;
#1198 = EDGE_CURVE ( 'NONE', #6306, #925, #770, .T. ) ;
#1199 = DIRECTION ( 'NONE',  ( 0.0000000000000000000, 0.0000000000000000000, 1.000000000000000000 ) ) ;
#1200 = ORIENTED_EDGE ( 'NONE', *, *, #5396, .T. ) ;
#1201 = ORIENTED_EDGE ( 'NONE', *, *, #4372, .T. ) ;
#1202 = CARTESIAN_POINT ( 'NONE',  ( 0.8349999999999998500, -0.1349999999999994500, 2.592546190531647400 ) ) ;
#1203 = ORIENTED_EDGE ( 'NONE', *, *, #1942, .T. ) ;
#1204 = ORIENTED_EDGE ( 'NONE', *, *, #8745, .T. ) ;
#1205 = VECTOR ( 'NONE', #8703, 1000.000000000000200 ) ;
#1206 = VERTEX_POINT ( 'NONE', #1332 ) ;
#1207 = ADVANCED_FACE ( 'NONE', ( #3684 ), #617, .T. ) ;
#1208 = AXIS2_PLACEMENT_3D ( 'NONE', #4747, #2004, #1982 ) ;
#1209 = CARTESIAN_POINT ( 'NONE',  ( 4.645000000000001400, -0.8885781443239865200, -2.999587534657339700 ) ) ;
#1210 = CARTESIAN_POINT ( 'NONE',  ( -0.8350000000000015200, 0.1000000000000000100, -1.599999999999999900 ) ) ;
#1211 = PLANE ( 'NONE',  #4782 ) ;
#1212 = DIRECTION ( 'NONE',  ( -1.000000000000000000, 0.0000000000000000000, 0.0000000000000000000 ) ) ;
#1213 = AXIS2_PLACEMENT_3D ( 'NONE', #6847, #4182, #3562 ) ;
#1214 = VECTOR ( 'NONE', #2511, 1000.000000000000000 ) ;
#1215 = PRODUCT_CONTEXT ( 'NONE', #8716, 'mechanical' ) ;
#1216 = CARTESIAN_POINT ( 'NONE',  ( 0.0000000000000000000, 0.4800880834868125900, 2.519629497316660900 ) ) ;
#1217 = EDGE_CURVE ( 'NONE', #6210, #1054, #4337, .T. ) ;
#1218 = CARTESIAN_POINT ( 'NONE',  ( -5.271510860677125300, 1.352539120018100300, 2.061510860677125700 ) ) ;
#1219 = VERTEX_POINT ( 'NONE', #3381 ) ;
#1220 = VECTOR ( 'NONE', #3048, 1000.000000000000000 ) ;
#1221 = PLANE ( 'NONE',  #4717 ) ;
#1222 = AXIS2_PLACEMENT_3D ( 'NONE', #1287, #5999, #2612 ) ;
#1223 = DIRECTION ( 'NONE',  ( -1.000000000000000000, 0.0000000000000000000, 0.0000000000000000000 ) ) ;
#1224 = DIRECTION ( 'NONE',  ( -0.0000000000000000000, 0.0000000000000000000, -1.000000000000000000 ) ) ;
#1225 = AXIS2_PLACEMENT_3D ( 'NONE', #6437, #5005, #6353 ) ;
#1226 = VERTEX_POINT ( 'NONE', #8680 ) ;
#1227 = ADVANCED_FACE ( 'NONE', ( #5786 ), #1192, .T. ) ;
#1228 = VECTOR ( 'NONE', #222, 1000.000000000000000 ) ;
#1229 = DIRECTION ( 'NONE',  ( -1.000000000000000000, 0.0000000000000000000, 0.0000000000000000000 ) ) ;
#1230 = CARTESIAN_POINT ( 'NONE',  ( 2.974999999999998300, -0.8885781443239865200, -2.999587534657339700 ) ) ;
#1231 = DIRECTION ( 'NONE',  ( -0.0000000000000000000, 0.9848077530122073500, 0.1736481776669340500 ) ) ;
#1232 = PLANE ( 'NONE',  #204 ) ;
#1233 = CARTESIAN_POINT ( 'NONE',  ( 0.0000000000000000000, -0.9293854660757164800, -2.768157712699470100 ) ) ;
#1234 = CARTESIAN_POINT ( 'NONE',  ( 4.245000000000000100, -0.1349999999999994500, 2.592546190531647400 ) ) ;
#1235 = ORIENTED_EDGE ( 'NONE', *, *, #3178, .T. ) ;
#1236 = EDGE_CURVE ( 'NONE', #2438, #5989, #7897, .T. ) ;
#1237 = LINE ( 'NONE', #6175, #5008 ) ;
#1238 = CARTESIAN_POINT ( 'NONE',  ( -0.8350000000000008500, -1.123578144323986300, -0.005099784264222156700 ) ) ;
#1239 = DIRECTION ( 'NONE',  ( 1.000000000000000000, 0.0000000000000000000, 0.0000000000000000000 ) ) ;
#1240 = CARTESIAN_POINT ( 'NONE',  ( -4.645000000000001400, -0.9293854660757164800, 2.768157712699470100 ) ) ;
#1241 = CARTESIAN_POINT ( 'NONE',  ( 4.645000000000001400, -0.8885781443239865200, 2.999587534657339700 ) ) ;
#1242 = DIRECTION ( 'NONE',  ( 0.0000000000000000000, 0.0000000000000000000, 1.000000000000000000 ) ) ;
#1243 = EDGE_CURVE ( 'NONE', #2589, #4289, #3232, .T. ) ;
#1244 = ORIENTED_EDGE ( 'NONE', *, *, #8636, .F. ) ;
#1245 = LINE ( 'NONE', #160, #3219 ) ;
#1246 = DIRECTION ( 'NONE',  ( 1.000000000000000000, 0.0000000000000000000, 0.0000000000000000000 ) ) ;
#1247 = ORIENTED_EDGE ( 'NONE', *, *, #46, .T. ) ;
#1248 = VECTOR ( 'NONE', #3834, 1000.000000000000200 ) ;
#1249 = EDGE_CURVE ( 'NONE', #6678, #985, #7676, .T. ) ;
#1250 = DIRECTION ( 'NONE',  ( 1.000000000000000000, -0.0000000000000000000, -0.0000000000000000000 ) ) ;
#1251 = DIRECTION ( 'NONE',  ( -6.505213034913029600E-016, -2.168404344971009900E-016, -1.000000000000000000 ) ) ;
#1252 = EDGE_LOOP ( 'NONE', ( #6786, #3035, #2365, #2184 ) ) ;
#1253 = VECTOR ( 'NONE', #3498, 1000.000000000000000 ) ;
#1254 = FACE_OUTER_BOUND ( 'NONE', #574, .T. ) ;
#1255 = CIRCLE ( 'NONE', #4752, 0.03500000000000030900 ) ;
#1256 = ORIENTED_EDGE ( 'NONE', *, *, #3388, .F. ) ;
#1257 = DIRECTION ( 'NONE',  ( 0.0000000000000000000, 0.0000000000000000000, -1.000000000000000000 ) ) ;
#1258 = DIRECTION ( 'NONE',  ( 4.336808689942019700E-016, 0.0000000000000000000, 1.000000000000000000 ) ) ;
#1259 = DIRECTION ( 'NONE',  ( -1.000000000000000000, 0.0000000000000000000, 0.0000000000000000000 ) ) ;
#1260 = AXIS2_PLACEMENT_3D ( 'NONE', #4411, #3041, #273 ) ;
#1261 = EDGE_LOOP ( 'NONE', ( #6577, #415, #870, #8507 ) ) ;
#1262 = VECTOR ( 'NONE', #6430, 1000.000000000000200 ) ;
#1263 = FACE_OUTER_BOUND ( 'NONE', #3348, .T. ) ;
#1264 = DIRECTION ( 'NONE',  ( 0.0000000000000000000, 0.0000000000000000000, 1.000000000000000000 ) ) ;
#1265 = ORIENTED_EDGE ( 'NONE', *, *, #2270, .T. ) ;
#1266 = DIRECTION ( 'NONE',  ( 0.0000000000000000000, 0.0000000000000000000, -1.000000000000000000 ) ) ;
#1267 = PLANE ( 'NONE',  #5529 ) ;
#1268 = CARTESIAN_POINT ( 'NONE',  ( 2.104999999999998600, -1.123578144323986300, 0.005099784264221424700 ) ) ;
#1269 = DIRECTION ( 'NONE',  ( 0.0000000000000000000, 1.000000000000000000, 0.0000000000000000000 ) ) ;
#1270 = PLANE ( 'NONE',  #6267 ) ;
#1271 = LINE ( 'NONE', #5461, #2989 ) ;
#1272 = CARTESIAN_POINT ( 'NONE',  ( 1.704999999999999000, -0.8885781443239865200, -2.999587534657339700 ) ) ;
#1273 = SURFACE_STYLE_USAGE ( .BOTH. , #627 ) ;
#1274 = ORIENTED_EDGE ( 'NONE', *, *, #2243, .T. ) ;
#1275 = AXIS2_PLACEMENT_3D ( 'NONE', #4386, #7109, #8353 ) ;
#1276 = EDGE_LOOP ( 'NONE', ( #3905, #2260, #7898, #1309 ) ) ;
#1277 = AXIS2_PLACEMENT_3D ( 'NONE', #4513, #7281, #6589 ) ;
#1278 = DIRECTION ( 'NONE',  ( -1.000000000000000000, 1.685188701338831400E-031, -8.673617379884039400E-016 ) ) ;
#1279 = AXIS2_PLACEMENT_3D ( 'NONE', #1790, #1181, #4501 ) ;
#1280 = LINE ( 'NONE', #26, #3541 ) ;
#1281 = DIRECTION ( 'NONE',  ( 1.000000000000000000, 0.0000000000000000000, 0.0000000000000000000 ) ) ;
#1282 = ORIENTED_EDGE ( 'NONE', *, *, #7724, .F. ) ;
#1283 = VECTOR ( 'NONE', #8572, 1000.000000000000000 ) ;
#1284 = DIRECTION ( 'NONE',  ( 0.0000000000000000000, 1.000000000000000000, 0.0000000000000000000 ) ) ;
#1285 = EDGE_CURVE ( 'NONE', #1808, #5442, #6607, .T. ) ;
#1286 = FACE_OUTER_BOUND ( 'NONE', #4741, .T. ) ;
#1287 = CARTESIAN_POINT ( 'NONE',  ( 4.645000000000001400, -0.1349999999999994500, 2.592546190531647400 ) ) ;
#1288 = ORIENTED_EDGE ( 'NONE', *, *, #3917, .T. ) ;
#1289 = ORIENTED_EDGE ( 'NONE', *, *, #1668, .T. ) ;
#1290 = FACE_OUTER_BOUND ( 'NONE', #6192, .T. ) ;
#1291 = FACE_OUTER_BOUND ( 'NONE', #7760, .T. ) ;
#1292 = DIRECTION ( 'NONE',  ( -6.505213034913029600E-016, -2.168404344971009900E-016, -1.000000000000000000 ) ) ;
#1293 = ORIENTED_EDGE ( 'NONE', *, *, #1811, .T. ) ;
#1294 = CARTESIAN_POINT ( 'NONE',  ( -5.509999999999999800, 1.000000000000000000, 1.807728344383776600 ) ) ;
#1295 = DIRECTION ( 'NONE',  ( -1.000000000000000000, 0.0000000000000000000, 0.0000000000000000000 ) ) ;
#1296 = DIRECTION ( 'NONE',  ( 0.0000000000000000000, 0.0000000000000000000, -1.000000000000000000 ) ) ;
#1297 = ORIENTED_EDGE ( 'NONE', *, *, #2624, .F. ) ;
#1298 = LINE ( 'NONE', #4461, #6098 ) ;
#1299 = ADVANCED_FACE ( 'NONE', ( #470 ), #3990, .F. ) ;
#1300 = DIRECTION ( 'NONE',  ( 0.0000000000000000000, 0.1736481776669342400, -0.9848077530122073500 ) ) ;
#1301 = ORIENTED_EDGE ( 'NONE', *, *, #7798, .T. ) ;
#1302 = EDGE_CURVE ( 'NONE', #3907, #2569, #2805, .T. ) ;
#1303 = ORIENTED_EDGE ( 'NONE', *, *, #3673, .F. ) ;
#1304 = LINE ( 'NONE', #1268, #3459 ) ;
#1305 = CARTESIAN_POINT ( 'NONE',  ( -0.8350000000000016300, -1.123578144323987200, -3.555000000000000200 ) ) ;
#1306 = VECTOR ( 'NONE', #8731, 1000.000000000000000 ) ;
#1307 = LINE ( 'NONE', #1861, #5065 ) ;
#1308 = DIRECTION ( 'NONE',  ( 0.0000000000000000000, 2.168404344971009900E-016, 1.000000000000000000 ) ) ;
#1309 = ORIENTED_EDGE ( 'NONE', *, *, #2837, .T. ) ;
#1310 = ORIENTED_EDGE ( 'NONE', *, *, #4478, .T. ) ;
#1311 = EDGE_CURVE ( 'NONE', #4737, #1388, #7779, .T. ) ;
#1312 = EDGE_LOOP ( 'NONE', ( #7565, #5797, #116, #8538 ) ) ;
#1313 = ORIENTED_EDGE ( 'NONE', *, *, #1198, .F. ) ;
#1314 = FACE_OUTER_BOUND ( 'NONE', #4336, .T. ) ;
#1315 = CYLINDRICAL_SURFACE ( 'NONE', #660, 0.03500000000000019100 ) ;
#1316 = CARTESIAN_POINT ( 'NONE',  ( 0.8349999999999989700, -0.09419267824826980900, -2.823976012489516600 ) ) ;
#1317 = DIRECTION ( 'NONE',  ( 1.000000000000000000, 0.0000000000000000000, 0.0000000000000000000 ) ) ;
#1318 = CARTESIAN_POINT ( 'NONE',  ( -2.105000000000001300, -0.1000000000000000100, -1.599999999999999900 ) ) ;
#1319 = EDGE_CURVE ( 'NONE', #3957, #8706, #5896, .T. ) ;
#1320 = ORIENTED_EDGE ( 'NONE', *, *, #2055, .F. ) ;
#1321 = VERTEX_POINT ( 'NONE', #6978 ) ;
#1322 = EDGE_CURVE ( 'NONE', #4319, #8706, #989, .T. ) ;
#1323 = LINE ( 'NONE', #5774, #8323 ) ;
#1324 = DIRECTION ( 'NONE',  ( 0.0000000000000000000, -0.1736481776669340800, 0.9848077530122074700 ) ) ;
#1325 = ADVANCED_FACE ( 'NONE', ( #4547 ), #7818, .F. ) ;
#1326 = DIRECTION ( 'NONE',  ( 0.0000000000000000000, 2.168404344971009900E-016, 1.000000000000000000 ) ) ;
#1327 = CARTESIAN_POINT ( 'NONE',  ( 2.105000000000000000, -0.9235781443239867700, 2.999587534657339700 ) ) ;
#1328 = CARTESIAN_POINT ( 'NONE',  ( 0.8349999999999987400, -0.8885781443239865200, -2.999587534657339700 ) ) ;
#1329 = DIRECTION ( 'NONE',  ( -1.263891526004123500E-031, -1.000000000000000000, 0.0000000000000000000 ) ) ;
#1330 = DIRECTION ( 'NONE',  ( -1.000000000000000000, -0.0000000000000000000, -0.0000000000000000000 ) ) ;
#1331 = LINE ( 'NONE', #4472, #6627 ) ;
#1332 = CARTESIAN_POINT ( 'NONE',  ( -3.375000000000001300, -0.09999999999999925600, 2.592546190531647400 ) ) ;
#1333 = AXIS2_PLACEMENT_3D ( 'NONE', #3252, #1179, #8600 ) ;
#1334 = DIRECTION ( 'NONE',  ( 0.0000000000000000000, -2.168404344971009900E-016, 1.000000000000000000 ) ) ;
#1335 = CARTESIAN_POINT ( 'NONE',  ( 1.704999999999999000, -0.1349999999999994500, -2.592546190531647400 ) ) ;
#1336 = FILL_AREA_STYLE_COLOUR ( '', #8686 ) ;
#1337 = AXIS2_PLACEMENT_3D ( 'NONE', #3398, #640, #8124 ) ;
#1338 = LINE ( 'NONE', #1555, #6431 ) ;
#1339 = DIRECTION ( 'NONE',  ( 0.0000000000000000000, 1.000000000000000000, 0.0000000000000000000 ) ) ;
#1340 = EDGE_CURVE ( 'NONE', #5442, #1536, #4136, .T. ) ;
#1341 = DIRECTION ( 'NONE',  ( 0.0000000000000000000, 0.9848077530122073500, -0.1736481776669340500 ) ) ;
#1342 = ORIENTED_EDGE ( 'NONE', *, *, #740, .T. ) ;
#1343 = CARTESIAN_POINT ( 'NONE',  ( 2.974999999999998300, -1.123578144323986900, -2.999587534657339700 ) ) ;
#1344 = EDGE_CURVE ( 'NONE', #897, #7685, #1847, .T. ) ;
#1345 = ADVANCED_FACE ( 'NONE', ( #2379 ), #672, .T. ) ;
#1346 = FACE_OUTER_BOUND ( 'NONE', #4749, .T. ) ;
#1347 = CARTESIAN_POINT ( 'NONE',  ( -3.375000000000001300, -0.8885781443239865200, -2.999587534657339700 ) ) ;
#1348 = DIRECTION ( 'NONE',  ( 0.0000000000000000000, 1.000000000000000000, 0.0000000000000000000 ) ) ;
#1349 = VERTEX_POINT ( 'NONE', #5841 ) ;
#1350 = DIRECTION ( 'NONE',  ( 0.0000000000000000000, 1.000000000000000000, -2.168404344971009900E-016 ) ) ;
#1351 = ORIENTED_EDGE ( 'NONE', *, *, #1358, .F. ) ;
#1352 = LINE ( 'NONE', #2120, #6762 ) ;
#1353 = DIRECTION ( 'NONE',  ( 1.000000000000000000, -0.0000000000000000000, 0.0000000000000000000 ) ) ;
#1354 = DIRECTION ( 'NONE',  ( 0.0000000000000000000, 0.0000000000000000000, 1.000000000000000000 ) ) ;
#1355 = ORIENTED_EDGE ( 'NONE', *, *, #400, .T. ) ;
#1356 = CARTESIAN_POINT ( 'NONE',  ( -1.705000000000000300, -0.8946558305423292200, 2.965119263301912300 ) ) ;
#1357 = DIRECTION ( 'NONE',  ( 0.0000000000000000000, 9.227252531791510400E-016, -1.000000000000000000 ) ) ;
#1358 = EDGE_CURVE ( 'NONE', #7889, #8689, #2916, .T. ) ;
#1359 = VECTOR ( 'NONE', #5319, 1000.000000000000000 ) ;
#1360 = VECTOR ( 'NONE', #6534, 1000.000000000000000 ) ;
#1361 = DIRECTION ( 'NONE',  ( 1.000000000000000000, -0.0000000000000000000, -0.0000000000000000000 ) ) ;
#1362 = DIRECTION ( 'NONE',  ( 0.0000000000000000000, 7.744301232039248600E-016, -1.000000000000000000 ) ) ;
#1363 = CARTESIAN_POINT ( 'NONE',  ( -3.375000000000001300, -0.1000000000000000100, 1.599999999999999900 ) ) ;
#1364 = DIRECTION ( 'NONE',  ( -1.000000000000000000, 0.0000000000000000000, 0.0000000000000000000 ) ) ;
#1365 = ORIENTED_EDGE ( 'NONE', *, *, #2520, .F. ) ;
#1366 = VERTEX_POINT ( 'NONE', #7983 ) ;
#1367 = PLANE ( 'NONE',  #7231 ) ;
#1368 = VECTOR ( 'NONE', #5719, 1000.000000000000000 ) ;
#1369 = FACE_OUTER_BOUND ( 'NONE', #1841, .T. ) ;
#1370 = CIRCLE ( 'NONE', #498, 0.2350000000000004000 ) ;
#1371 = EDGE_LOOP ( 'NONE', ( #2752, #8184, #6975, #7441 ) ) ;
#1372 = EDGE_CURVE ( 'NONE', #8473, #4687, #8108, .T. ) ;
#1373 = CARTESIAN_POINT ( 'NONE',  ( 2.105000000000000000, -0.9235781443239867700, 2.999587534657339700 ) ) ;
#1374 = DIRECTION ( 'NONE',  ( -4.336808689942019700E-016, 2.168404344971009900E-016, -1.000000000000000000 ) ) ;
#1375 = DIRECTION ( 'NONE',  ( 1.000000000000000000, -0.0000000000000000000, -0.0000000000000000000 ) ) ;
#1376 = CARTESIAN_POINT ( 'NONE',  ( 1.704999999999999000, -0.1289223137816569700, 2.627014461887073900 ) ) ;
#1377 = ORIENTED_EDGE ( 'NONE', *, *, #4478, .F. ) ;
#1378 = ORIENTED_EDGE ( 'NONE', *, *, #978, .F. ) ;
#1379 = DIRECTION ( 'NONE',  ( -1.685188701338831400E-031, -1.000000000000000000, 0.0000000000000000000 ) ) ;
#1380 = DIRECTION ( 'NONE',  ( 4.336808689942019700E-016, 0.0000000000000000000, 1.000000000000000000 ) ) ;
#1381 = AXIS2_PLACEMENT_3D ( 'NONE', #93, #3703, #8392 ) ;
#1382 = DIRECTION ( 'NONE',  ( 0.0000000000000000000, -2.168404344971009900E-016, 1.000000000000000000 ) ) ;
#1383 = DIRECTION ( 'NONE',  ( 0.0000000000000000000, -0.9848077530122073500, -0.1736481776669340500 ) ) ;
#1384 = DIRECTION ( 'NONE',  ( 0.0000000000000000000, 0.0000000000000000000, 1.000000000000000000 ) ) ;
#1385 = LINE ( 'NONE', #2230, #957 ) ;
#1386 = ORIENTED_EDGE ( 'NONE', *, *, #7711, .T. ) ;
#1387 = ADVANCED_FACE ( 'NONE', ( #355 ), #5691, .T. ) ;
#1388 = VERTEX_POINT ( 'NONE', #3814 ) ;
#1389 = DIRECTION ( 'NONE',  ( 0.0000000000000000000, 1.000000000000000000, 0.0000000000000000000 ) ) ;
#1390 = CARTESIAN_POINT ( 'NONE',  ( -4.245000000000001000, -0.09999999999999925600, -2.592546190531647400 ) ) ;
#1391 = CARTESIAN_POINT ( 'NONE',  ( 2.104999999999999100, -0.09999999999999925600, -2.592546190531647400 ) ) ;
#1392 = CARTESIAN_POINT ( 'NONE',  ( -0.8350000000000015200, 0.1000000000000000200, -2.592546190531647400 ) ) ;
#1393 = LINE ( 'NONE', #5120, #3764 ) ;
#1394 = EDGE_CURVE ( 'NONE', #6210, #4103, #1414, .T. ) ;
#1395 = ADVANCED_FACE ( 'NONE', ( #3467 ), #2590, .F. ) ;
#1396 = ORIENTED_EDGE ( 'NONE', *, *, #712, .T. ) ;
#1397 = FACE_OUTER_BOUND ( 'NONE', #2974, .T. ) ;
#1398 = LINE ( 'NONE', #3863, #2048 ) ;
#1399 = DIRECTION ( 'NONE',  ( 1.000000000000000000, 8.425943506694156900E-032, -4.336808689942019700E-016 ) ) ;
#1400 = ORIENTED_EDGE ( 'NONE', *, *, #3144, .F. ) ;
#1401 = VERTEX_POINT ( 'NONE', #2107 ) ;
#1402 = AXIS2_PLACEMENT_3D ( 'NONE', #8125, #4810, #1383 ) ;
#1403 = ORIENTED_EDGE ( 'NONE', *, *, #4466, .F. ) ;
#1404 = FACE_OUTER_BOUND ( 'NONE', #3293, .T. ) ;
#1405 = ORIENTED_EDGE ( 'NONE', *, *, #1594, .T. ) ;
#1406 = VECTOR ( 'NONE', #3350, 1000.000000000000200 ) ;
#1407 = VERTEX_POINT ( 'NONE', #4172 ) ;
#1408 = VECTOR ( 'NONE', #1962, 1000.000000000000000 ) ;
#1409 = FACE_OUTER_BOUND ( 'NONE', #2719, .T. ) ;
#1410 = ORIENTED_EDGE ( 'NONE', *, *, #3845, .F. ) ;
#1411 = VERTEX_POINT ( 'NONE', #1466 ) ;
#1412 = CARTESIAN_POINT ( 'NONE',  ( 4.245000000000000100, 0.4800880834868125900, 2.519629497316660900 ) ) ;
#1413 = CARTESIAN_POINT ( 'NONE',  ( -2.975000000000000100, 0.1000000000000000100, 2.825000000000000200 ) ) ;
#1414 = LINE ( 'NONE', #47, #7029 ) ;
#1415 = CARTESIAN_POINT ( 'NONE',  ( -3.375000000000001300, -0.8946558305423296700, 2.965119263301910100 ) ) ;
#1416 = EDGE_CURVE ( 'NONE', #8614, #5820, #1094, .T. ) ;
#1417 = ORIENTED_EDGE ( 'NONE', *, *, #2389, .F. ) ;
#1418 = CARTESIAN_POINT ( 'NONE',  ( 1.704999999999999000, -0.1349999999999994500, 2.592546190531647400 ) ) ;
#1419 = DIRECTION ( 'NONE',  ( 0.0000000000000000000, 0.0000000000000000000, -1.000000000000000000 ) ) ;
#1420 = CIRCLE ( 'NONE', #2539, 0.2350000000000004000 ) ;
#1421 = VECTOR ( 'NONE', #1284, 1000.000000000000000 ) ;
#1422 = VERTEX_POINT ( 'NONE', #6194 ) ;
#1423 = PLANE ( 'NONE',  #8258 ) ;
#1424 = EDGE_CURVE ( 'NONE', #4794, #2286, #2066, .T. ) ;
#1425 = ORIENTED_EDGE ( 'NONE', *, *, #2792, .F. ) ;
#1426 = ADVANCED_FACE ( 'NONE', ( #8413 ), #8628, .T. ) ;
#1427 = ORIENTED_EDGE ( 'NONE', *, *, #2520, .T. ) ;
#1428 = DIRECTION ( 'NONE',  ( 2.168404344971009900E-016, 0.0000000000000000000, 1.000000000000000000 ) ) ;
#1429 = ORIENTED_EDGE ( 'NONE', *, *, #109, .F. ) ;
#1430 = CARTESIAN_POINT ( 'NONE',  ( -3.375000000000001300, -0.1000000000000000100, 1.599999999999999900 ) ) ;
#1431 = DIRECTION ( 'NONE',  ( -0.1710878697460323200, -0.9702875252478150300, -0.1710878697460323200 ) ) ;
#1432 = ORIENTED_EDGE ( 'NONE', *, *, #4964, .F. ) ;
#1433 = EDGE_CURVE ( 'NONE', #1689, #6890, #2706, .T. ) ;
#1434 =( LENGTH_UNIT ( ) NAMED_UNIT ( * ) SI_UNIT ( .MILLI., .METRE. ) );
#1435 = FACE_OUTER_BOUND ( 'NONE', #569, .T. ) ;
#1436 = EDGE_CURVE ( 'NONE', #4129, #4705, #7351, .T. ) ;
#1437 = CARTESIAN_POINT ( 'NONE',  ( 4.245000000000000100, 0.1000000000000000100, 1.599999999999999900 ) ) ;
#1438 = PLANE ( 'NONE',  #2771 ) ;
#1439 = ADVANCED_FACE ( 'NONE', ( #5269 ), #7544, .T. ) ;
#1440 = VECTOR ( 'NONE', #2187, 1000.000000000000000 ) ;
#1441 = DIRECTION ( 'NONE',  ( 0.0000000000000000000, -0.1736481776669339900, -0.9848077530122073500 ) ) ;
#1442 = DIRECTION ( 'NONE',  ( -1.000000000000000000, -0.0000000000000000000, -0.0000000000000000000 ) ) ;
#1443 = PLANE ( 'NONE',  #5402 ) ;
#1444 = EDGE_LOOP ( 'NONE', ( #5767, #4199, #5035, #4910 ) ) ;
#1445 = AXIS2_PLACEMENT_3D ( 'NONE', #2310, #6940, #7039 ) ;
#1446 = LINE ( 'NONE', #4933, #4571 ) ;
#1447 = CARTESIAN_POINT ( 'NONE',  ( 4.245000000000000100, -0.8885781443239865200, 2.999587534657339700 ) ) ;
#1448 = AXIS2_PLACEMENT_3D ( 'NONE', #2729, #7454, #606 ) ;
#1449 = DIRECTION ( 'NONE',  ( -1.000000000000000000, -0.0000000000000000000, -0.0000000000000000000 ) ) ;
#1450 = DIRECTION ( 'NONE',  ( 0.0000000000000000000, -0.1736481776669340800, -0.9848077530122074700 ) ) ;
#1451 = DIRECTION ( 'NONE',  ( 0.0000000000000000000, 2.168404344971009900E-016, 1.000000000000000000 ) ) ;
#1452 = EDGE_LOOP ( 'NONE', ( #4153, #5166, #5141, #1833 ) ) ;
#1453 = LINE ( 'NONE', #174, #7502 ) ;
#1454 = DIRECTION ( 'NONE',  ( 0.0000000000000000000, -0.1736481776669339900, -0.9848077530122073500 ) ) ;
#1455 = EDGE_CURVE ( 'NONE', #2123, #3800, #4634, .T. ) ;
#1456 = ADVANCED_FACE ( 'NONE', ( #252 ), #2140, .T. ) ;
#1457 = DIRECTION ( 'NONE',  ( 1.000000000000000000, -0.0000000000000000000, -0.0000000000000000000 ) ) ;
#1458 = CARTESIAN_POINT ( 'NONE',  ( 0.4349999999999985500, -0.9235781443239869900, -3.970219047566133900 ) ) ;
#1459 = ORIENTED_EDGE ( 'NONE', *, *, #1136, .T. ) ;
#1460 = VECTOR ( 'NONE', #2251, 1000.000000000000200 ) ;
#1461 = ADVANCED_FACE ( 'NONE', ( #8096 ), #4283, .T. ) ;
#1462 = VERTEX_POINT ( 'NONE', #701 ) ;
#1463 = LINE ( 'NONE', #4385, #4911 ) ;
#1464 = DIRECTION ( 'NONE',  ( -1.000000000000000000, 0.0000000000000000000, 0.0000000000000000000 ) ) ;
#1465 =( NAMED_UNIT ( * ) SI_UNIT ( $, .STERADIAN. ) SOLID_ANGLE_UNIT ( ) );
#1466 = CARTESIAN_POINT ( 'NONE',  ( 2.105000000000000000, 0.1000000000000000200, 2.592546190531647400 ) ) ;
#1467 = VECTOR ( 'NONE', #1441, 1000.000000000000200 ) ;
#1468 = VECTOR ( 'NONE', #6919, 1000.000000000000200 ) ;
#1469 = DIRECTION ( 'NONE',  ( -8.425943506694156900E-032, 1.000000000000000000, 0.0000000000000000000 ) ) ;
#1470 = ORIENTED_EDGE ( 'NONE', *, *, #3300, .T. ) ;
#1471 = VECTOR ( 'NONE', #6846, 1000.000000000000000 ) ;
#1472 = CARTESIAN_POINT ( 'NONE',  ( -2.975000000000001000, -0.1000000000000000100, -2.825000000000000200 ) ) ;
#1473 = EDGE_CURVE ( 'NONE', #4191, #3438, #1837, .T. ) ;
#1474 = ORIENTED_EDGE ( 'NONE', *, *, #5713, .T. ) ;
#1475 = LINE ( 'NONE', #4855, #4497 ) ;
#1476 = FACE_OUTER_BOUND ( 'NONE', #8309, .T. ) ;
#1477 = CARTESIAN_POINT ( 'NONE',  ( -4.645000000000001400, -0.1000000000000000100, -1.599999999999999900 ) ) ;
#1478 = ORIENTED_EDGE ( 'NONE', *, *, #295, .F. ) ;
#1479 = CARTESIAN_POINT ( 'NONE',  ( -0.8350000000000015200, -0.8946558305423292200, 2.965119263301912300 ) ) ;
#1480 = CARTESIAN_POINT ( 'NONE',  ( 4.645000000000001400, -0.1349999999999994500, -2.592546190531647400 ) ) ;
#1481 = VECTOR ( 'NONE', #1644, 1000.000000000000000 ) ;
#1482 = EDGE_CURVE ( 'NONE', #436, #2059, #6813, .T. ) ;
#1483 = AXIS2_PLACEMENT_3D ( 'NONE', #924, #3609, #6963 ) ;
#1484 = VECTOR ( 'NONE', #6145, 1000.000000000000000 ) ;
#1485 = ORIENTED_EDGE ( 'NONE', *, *, #7046, .T. ) ;
#1486 = AXIS2_PLACEMENT_3D ( 'NONE', #3020, #1573, #8359 ) ;
#1487 = DIRECTION ( 'NONE',  ( -4.212971753347078400E-032, 1.000000000000000000, 0.0000000000000000000 ) ) ;
#1488 = ORIENTED_EDGE ( 'NONE', *, *, #4882, .F. ) ;
#1489 = VERTEX_POINT ( 'NONE', #3650 ) ;
#1490 = CARTESIAN_POINT ( 'NONE',  ( 2.104999999999998600, -1.123578144323987200, -3.555000000000000200 ) ) ;
#1491 = VECTOR ( 'NONE', #5784, 1000.000000000000000 ) ;
#1492 = PLANE ( 'NONE',  #196 ) ;
#1493 = ORIENTED_EDGE ( 'NONE', *, *, #5497, .T. ) ;
#1494 = DIRECTION ( 'NONE',  ( 0.0000000000000000000, 0.1736481776669341100, 0.9848077530122073500 ) ) ;
#1495 = AXIS2_PLACEMENT_3D ( 'NONE', #5070, #7750, #7061 ) ;
#1496 = ORIENTED_EDGE ( 'NONE', *, *, #843, .T. ) ;
#1497 = VECTOR ( 'NONE', #1985, 1000.000000000000000 ) ;
#1498 = PLANE ( 'NONE',  #4272 ) ;
#1499 = CARTESIAN_POINT ( 'NONE',  ( -4.245000000000000100, -0.1349999999999994500, -2.592546190531647400 ) ) ;
#1500 = ADVANCED_FACE ( 'NONE', ( #21 ), #1587, .F. ) ;
#1501 = LINE ( 'NONE', #6045, #4523 ) ;
#1502 = ORIENTED_EDGE ( 'NONE', *, *, #7855, .T. ) ;
#1503 = CARTESIAN_POINT ( 'NONE',  ( 3.374999999999999600, -1.123578144323986900, 2.999587534657339700 ) ) ;
#1504 = VERTEX_POINT ( 'NONE', #7608 ) ;
#1505 = ADVANCED_FACE ( 'NONE', ( #5679 ), #1498, .T. ) ;
#1506 = VECTOR ( 'NONE', #5599, 1000.000000000000000 ) ;
#1507 = FACE_OUTER_BOUND ( 'NONE', #8529, .T. ) ;
#1508 = EDGE_LOOP ( 'NONE', ( #6486, #2505, #1634, #4776 ) ) ;
#1509 = CARTESIAN_POINT ( 'NONE',  ( -2.105000000000001300, -0.1000000000000000100, 1.599999999999999900 ) ) ;
#1510 = ORIENTED_EDGE ( 'NONE', *, *, #6598, .F. ) ;
#1511 = DIRECTION ( 'NONE',  ( 0.0000000000000000000, 1.000000000000000000, -2.168404344971009900E-016 ) ) ;
#1512 = CARTESIAN_POINT ( 'NONE',  ( -2.974999999999999600, -1.123578144323987200, 3.555000000000000200 ) ) ;
#1513 = EDGE_CURVE ( 'NONE', #2791, #5249, #4844, .T. ) ;
#1514 = EDGE_LOOP ( 'NONE', ( #6655, #3545, #7383, #2519 ) ) ;
#1515 = EDGE_CURVE ( 'NONE', #5249, #991, #8190, .T. ) ;
#1516 = FACE_OUTER_BOUND ( 'NONE', #2786, .T. ) ;
#1517 = ORIENTED_EDGE ( 'NONE', *, *, #5449, .T. ) ;
#1518 = ORIENTED_EDGE ( 'NONE', *, *, #4463, .T. ) ;
#1519 = VERTEX_POINT ( 'NONE', #3115 ) ;
#1520 = AXIS2_PLACEMENT_3D ( 'NONE', #5069, #1576, #306 ) ;
#1521 = LINE ( 'NONE', #6282, #360 ) ;
#1522 = FACE_OUTER_BOUND ( 'NONE', #8767, .T. ) ;
#1523 = EDGE_LOOP ( 'NONE', ( #2737, #367, #199, #2447 ) ) ;
#1524 = ORIENTED_EDGE ( 'NONE', *, *, #2488, .T. ) ;
#1525 = DIRECTION ( 'NONE',  ( -1.000000000000000000, 4.212971753347078400E-032, 2.168404344971009900E-016 ) ) ;
#1526 = CARTESIAN_POINT ( 'NONE',  ( -1.705000000000001200, -0.09999999999999925600, -2.592546190531647400 ) ) ;
#1527 = ORIENTED_EDGE ( 'NONE', *, *, #3325, .T. ) ;
#1528 = ORIENTED_EDGE ( 'NONE', *, *, #5101, .T. ) ;
#1529 = CARTESIAN_POINT ( 'NONE',  ( 4.645000000000001400, 0.1000000000000000200, 2.592546190531647400 ) ) ;
#1530 = ORIENTED_EDGE ( 'NONE', *, *, #8774, .T. ) ;
#1531 = EDGE_LOOP ( 'NONE', ( #1952, #4770, #2920, #4972 ) ) ;
#1532 = FACE_OUTER_BOUND ( 'NONE', #2431, .T. ) ;
#1533 = DIRECTION ( 'NONE',  ( -1.000000000000000000, 0.0000000000000000000, 0.0000000000000000000 ) ) ;
#1534 = EDGE_CURVE ( 'NONE', #7742, #6265, #5882, .T. ) ;
#1535 = PLANE ( 'NONE',  #3822 ) ;
#1536 = VERTEX_POINT ( 'NONE', #5199 ) ;
#1537 = EDGE_LOOP ( 'NONE', ( #6402, #2067, #2354, #6233 ) ) ;
#1538 = CARTESIAN_POINT ( 'NONE',  ( -0.4350000000000013900, -0.1289223137816567200, -2.627014461887075200 ) ) ;
#1539 = ORIENTED_EDGE ( 'NONE', *, *, #6706, .F. ) ;
#1540 = VECTOR ( 'NONE', #3605, 1000.000000000000000 ) ;
#1541 = CARTESIAN_POINT ( 'NONE',  ( -0.4350000000000005000, -0.1000000000000000100, 2.825000000000000200 ) ) ;
#1542 = DIRECTION ( 'NONE',  ( 0.0000000000000000000, 0.0000000000000000000, -1.000000000000000000 ) ) ;
#1543 = EDGE_CURVE ( 'NONE', #6476, #301, #4536, .T. ) ;
#1544 = CIRCLE ( 'NONE', #5253, 0.2350000000000004000 ) ;
#1545 = CARTESIAN_POINT ( 'NONE',  ( 4.245000000000000100, -0.1000000000000000100, 1.599999999999999900 ) ) ;
#1546 = ADVANCED_FACE ( 'NONE', ( #3456 ), #1712, .F. ) ;
#1547 = CARTESIAN_POINT ( 'NONE',  ( 1.704999999999999200, -1.123578144323986900, 3.555000000000000200 ) ) ;
#1548 = DIRECTION ( 'NONE',  ( 1.000000000000000000, -0.0000000000000000000, -0.0000000000000000000 ) ) ;
#1549 = ORIENTED_EDGE ( 'NONE', *, *, #1543, .T. ) ;
#1551 = ADVANCED_FACE ( 'NONE', ( #5383 ), #8437, .T. ) ;
#1550 = AXIS2_PLACEMENT_3D ( 'NONE', #6392, #5084, #317 ) ;
#1552 = PLANE ( 'NONE',  #3231 ) ;
#1553 = AXIS2_PLACEMENT_3D ( 'NONE', #142, #3434, #1384 ) ;
#1554 = LINE ( 'NONE', #8055, #7715 ) ;
#1555 = CARTESIAN_POINT ( 'NONE',  ( 0.0000000000000000000, -0.9235781443239868800, 3.555000000000000200 ) ) ;
#1556 = CARTESIAN_POINT ( 'NONE',  ( 0.4349999999999987800, 0.1000000000000000100, -1.599999999999999900 ) ) ;
#1557 = DIRECTION ( 'NONE',  ( -0.0000000000000000000, 0.9848077530122073500, 0.1736481776669340500 ) ) ;
#1558 = DIRECTION ( 'NONE',  ( -1.000000000000000000, 0.0000000000000000000, 0.0000000000000000000 ) ) ;
#1559 = EDGE_CURVE ( 'NONE', #8581, #209, #1298, .T. ) ;
#1560 = ORIENTED_EDGE ( 'NONE', *, *, #8750, .T. ) ;
#1561 = AXIS2_PLACEMENT_3D ( 'NONE', #194, #3681, #168 ) ;
#1562 = DIRECTION ( 'NONE',  ( 0.0000000000000000000, -0.1736481776669339900, 0.9848077530122073500 ) ) ;
#1563 = CARTESIAN_POINT ( 'NONE',  ( 2.974999999999998300, -0.1289223137816567200, -2.627014461887075200 ) ) ;
#1564 = AXIS2_PLACEMENT_3D ( 'NONE', #1328, #5350, #4763 ) ;
#1565 = DIRECTION ( 'NONE',  ( 1.000000000000000000, 0.0000000000000000000, 0.0000000000000000000 ) ) ;
#1566 = DIRECTION ( 'NONE',  ( 0.0000000000000000000, 1.000000000000000000, 0.0000000000000000000 ) ) ;
#1567 = ADVANCED_FACE ( 'NONE', ( #3015 ), #7069, .F. ) ;
#1568 = CARTESIAN_POINT ( 'NONE',  ( 2.105000000000000000, -0.09419267824827012900, 2.823976012489515200 ) ) ;
#1569 = ORIENTED_EDGE ( 'NONE', *, *, #6800, .T. ) ;
#1570 = LINE ( 'NONE', #8171, #2440 ) ;
#1571 = VECTOR ( 'NONE', #4200, 1000.000000000000000 ) ;
#1572 = ORIENTED_EDGE ( 'NONE', *, *, #7227, .T. ) ;
#1573 = DIRECTION ( 'NONE',  ( 1.000000000000000000, 0.0000000000000000000, 0.0000000000000000000 ) ) ;
#1574 = DIRECTION ( 'NONE',  ( 1.000000000000000000, 0.0000000000000000000, -0.0000000000000000000 ) ) ;
#1575 = DIRECTION ( 'NONE',  ( 0.0000000000000000000, 9.227252531791510400E-016, -1.000000000000000000 ) ) ;
#1576 = DIRECTION ( 'NONE',  ( -1.000000000000000000, 0.0000000000000000000, 0.0000000000000000000 ) ) ;
#1577 = DIRECTION ( 'NONE',  ( 0.0000000000000000000, -0.1736481776669339900, -0.9848077530122073500 ) ) ;
#1578 = EDGE_CURVE ( 'NONE', #4525, #8141, #5059, .T. ) ;
#1579 = VERTEX_POINT ( 'NONE', #6443 ) ;
#1580 = LINE ( 'NONE', #6207, #2550 ) ;
#1581 = CIRCLE ( 'NONE', #5944, 0.03500000000000030900 ) ;
#1582 = ORIENTED_EDGE ( 'NONE', *, *, #1823, .F. ) ;
#1583 = LINE ( 'NONE', #510, #8146 ) ;
#1584 = DIRECTION ( 'NONE',  ( 4.336808689942019700E-016, 0.0000000000000000000, 1.000000000000000000 ) ) ;
#1585 = EDGE_CURVE ( 'NONE', #7117, #436, #2693, .T. ) ;
#1586 = CARTESIAN_POINT ( 'NONE',  ( 0.0000000000000000000, -0.9293854660757164800, -2.768157712699470100 ) ) ;
#1587 = PLANE ( 'NONE',  #1956 ) ;
#1588 = DIRECTION ( 'NONE',  ( -1.000000000000000000, 0.0000000000000000000, 0.0000000000000000000 ) ) ;
#1589 = VERTEX_POINT ( 'NONE', #4480 ) ;
#1590 = VECTOR ( 'NONE', #1049, 1000.000000000000000 ) ;
#1591 = PLANE ( 'NONE',  #8553 ) ;
#1592 = ADVANCED_FACE ( 'NONE', ( #1182 ), #4958, .F. ) ;
#1593 = DIRECTION ( 'NONE',  ( -0.0000000000000000000, 0.9848077530122073500, 0.1736481776669340500 ) ) ;
#1594 = EDGE_CURVE ( 'NONE', #420, #5013, #2790, .T. ) ;
#1595 = ORIENTED_EDGE ( 'NONE', *, *, #5601, .T. ) ;
#1596 = CARTESIAN_POINT ( 'NONE',  ( -0.4350000000000007200, -1.123578144323986300, -0.005099784264222244300 ) ) ;
#1597 = ADVANCED_FACE ( 'NONE', ( #1404 ), #8492, .T. ) ;
#1598 = DIRECTION ( 'NONE',  ( -1.000000000000000000, -0.0000000000000000000, -0.0000000000000000000 ) ) ;
#1599 = CARTESIAN_POINT ( 'NONE',  ( -4.645000000000001400, -0.8946558305423292200, -2.965119263301912300 ) ) ;
#1600 = DIRECTION ( 'NONE',  ( -8.425943506694156900E-032, 1.000000000000000000, 0.0000000000000000000 ) ) ;
#1601 = LINE ( 'NONE', #887, #4305 ) ;
#1602 = VERTEX_POINT ( 'NONE', #5106 ) ;
#1603 = ORIENTED_EDGE ( 'NONE', *, *, #8138, .T. ) ;
#1604 = ORIENTED_EDGE ( 'NONE', *, *, #7040, .F. ) ;
#1605 = EDGE_CURVE ( 'NONE', #3796, #2589, #7018, .T. ) ;
#1606 = AXIS2_PLACEMENT_3D ( 'NONE', #4563, #7776, #6553 ) ;
#1607 = EDGE_LOOP ( 'NONE', ( #2079, #1846, #5322, #5148 ) ) ;
#1608 = AXIS2_PLACEMENT_3D ( 'NONE', #387, #4576, #4516 ) ;
#1609 = CARTESIAN_POINT ( 'NONE',  ( 0.4349999999999987800, -0.1000000000000000100, 1.599999999999999900 ) ) ;
#1610 = LINE ( 'NONE', #5411, #5145 ) ;
#1611 = CARTESIAN_POINT ( 'NONE',  ( 0.4349999999999987800, -0.09419267824826982300, 2.823976012489516600 ) ) ;
#1612 = ORIENTED_EDGE ( 'NONE', *, *, #91, .F. ) ;
#1613 = ORIENTED_EDGE ( 'NONE', *, *, #6799, .T. ) ;
#1614 = VECTOR ( 'NONE', #6237, 1000.000000000000000 ) ;
#1615 = FACE_OUTER_BOUND ( 'NONE', #3783, .T. ) ;
#1616 = VERTEX_POINT ( 'NONE', #6538 ) ;
#1617 = ORIENTED_EDGE ( 'NONE', *, *, #5613, .F. ) ;
#1618 = CARTESIAN_POINT ( 'NONE',  ( -3.375000000000001300, -0.1000000000000000100, 1.599999999999999900 ) ) ;
#1619 = CARTESIAN_POINT ( 'NONE',  ( -1.705000000000000300, -0.8885781443239865200, 2.999587534657339700 ) ) ;
#1620 = CARTESIAN_POINT ( 'NONE',  ( 0.0000000000000000000, 0.5148177190201993500, -2.716591047919102200 ) ) ;
#1621 = ORIENTED_EDGE ( 'NONE', *, *, #3258, .F. ) ;
#1622 = LINE ( 'NONE', #2392, #240 ) ;
#1623 = CARTESIAN_POINT ( 'NONE',  ( -3.375000000000001800, -0.9235781443239869900, -3.970219047566133900 ) ) ;
#1624 = AXIS2_PLACEMENT_3D ( 'NONE', #3408, #3383, #7473 ) ;
#1625 = ADVANCED_FACE ( 'NONE', ( #8616 ), #6584, .F. ) ;
#1626 = VECTOR ( 'NONE', #5091, 1000.000000000000000 ) ;
#1627 = VECTOR ( 'NONE', #3614, 1000.000000000000000 ) ;
#1628 = CARTESIAN_POINT ( 'NONE',  ( 2.974999999999998300, -0.8885781443239865200, 2.999587534657339700 ) ) ;
#1629 = AXIS2_PLACEMENT_3D ( 'NONE', #8189, #4192, #1341 ) ;
#1630 = VECTOR ( 'NONE', #72, 1000.000000000000000 ) ;
#1631 = DIRECTION ( 'NONE',  ( 1.000000000000000000, 0.0000000000000000000, 0.0000000000000000000 ) ) ;
#1632 = ORIENTED_EDGE ( 'NONE', *, *, #121, .F. ) ;
#1633 = DIRECTION ( 'NONE',  ( 1.000000000000000000, 0.0000000000000000000, 0.0000000000000000000 ) ) ;
#1634 = ORIENTED_EDGE ( 'NONE', *, *, #7372, .T. ) ;
#1635 = PLANE ( 'NONE',  #2143 ) ;
#1636 = LINE ( 'NONE', #6924, #3909 ) ;
#1637 = VECTOR ( 'NONE', #2459, 1000.000000000000000 ) ;
#1638 = CARTESIAN_POINT ( 'NONE',  ( -1.705000000000000300, -0.09419267824826987900, 2.823976012489516600 ) ) ;
#1639 = EDGE_LOOP ( 'NONE', ( #4303, #2645, #8348, #5063 ) ) ;
#1640 = EDGE_CURVE ( 'NONE', #7348, #773, #4326, .T. ) ;
#1641 = CARTESIAN_POINT ( 'NONE',  ( -1.705000000000001200, -0.9235781443239868800, -3.555000000000000200 ) ) ;
#1642 = ORIENTED_EDGE ( 'NONE', *, *, #7219, .T. ) ;
#1643 = ORIENTED_EDGE ( 'NONE', *, *, #8243, .F. ) ;
#1644 = DIRECTION ( 'NONE',  ( -1.000000000000000000, 0.0000000000000000000, 0.0000000000000000000 ) ) ;
#1645 = ORIENTED_EDGE ( 'NONE', *, *, #4745, .T. ) ;
#1646 = ADVANCED_FACE ( 'NONE', ( #459 ), #1221, .T. ) ;
#1647 = VECTOR ( 'NONE', #5209, 1000.000000000000000 ) ;
#1648 = CARTESIAN_POINT ( 'NONE',  ( 0.0000000000000000000, -1.123578144323987200, 3.555000000000000200 ) ) ;
#1649 = CARTESIAN_POINT ( 'NONE',  ( 0.0000000000000000000, 0.4800880834868125900, 2.519629497316660900 ) ) ;
#1650 = CARTESIAN_POINT ( 'NONE',  ( 3.374999999999998700, -0.9235781443239867700, -2.999587534657339700 ) ) ;
#1651 = CARTESIAN_POINT ( 'NONE',  ( -3.375000000000001800, -1.123578144323987200, -3.970219047566133900 ) ) ;
#1652 = ORIENTED_EDGE ( 'NONE', *, *, #8772, .T. ) ;
#1653 = CYLINDRICAL_SURFACE ( 'NONE', #6894, 0.2350000000000004000 ) ;
#1654 = DIRECTION ( 'NONE',  ( -7.080503983578802800E-016, 0.0000000000000000000, -1.000000000000000000 ) ) ;
#1655 = EDGE_CURVE ( 'NONE', #625, #8710, #8399, .T. ) ;
#1656 = DIRECTION ( 'NONE',  ( 8.673617379884039400E-016, -2.168404344971009900E-016, -1.000000000000000000 ) ) ;
#1657 = DIRECTION ( 'NONE',  ( 0.0000000000000000000, 0.9848077530122073500, -0.1736481776669340500 ) ) ;
#1658 = DIRECTION ( 'NONE',  ( 0.0000000000000000000, 1.000000000000000000, 0.0000000000000000000 ) ) ;
#1659 = DIRECTION ( 'NONE',  ( -7.080503983578802800E-016, 0.0000000000000000000, -1.000000000000000000 ) ) ;
#1660 = VERTEX_POINT ( 'NONE', #7331 ) ;
#1661 = LINE ( 'NONE', #8161, #3606 ) ;
#1662 = CARTESIAN_POINT ( 'NONE',  ( 2.104999999999999100, -0.1349999999999994500, -2.592546190531647400 ) ) ;
#1663 = CARTESIAN_POINT ( 'NONE',  ( 4.245000000000000100, 0.1000000000000007500, 2.592546190531647400 ) ) ;
#1664 = EDGE_CURVE ( 'NONE', #7523, #7387, #6912, .T. ) ;
#1665 = CARTESIAN_POINT ( 'NONE',  ( -5.333673019291534700, 1.000000000000000000, 0.0000000000000000000 ) ) ;
#1666 = DIRECTION ( 'NONE',  ( 1.000000000000000000, 0.0000000000000000000, 0.0000000000000000000 ) ) ;
#1667 = CARTESIAN_POINT ( 'NONE',  ( 0.0000000000000000000, -0.9235781443239861100, -0.005099784264222377100 ) ) ;
#1668 = EDGE_CURVE ( 'NONE', #7603, #1919, #4122, .T. ) ;
#1669 = CIRCLE ( 'NONE', #2093, 0.2350000000000004000 ) ;
#1670 = CARTESIAN_POINT ( 'NONE',  ( 0.8349999999999998500, -0.1000000000000000100, -1.599999999999999900 ) ) ;
#1671 = EDGE_LOOP ( 'NONE', ( #771, #8101, #1005, #2957 ) ) ;
#1672 = ADVANCED_FACE ( 'NONE', ( #6292 ), #8578, .F. ) ;
#1673 = VECTOR ( 'NONE', #4813, 1000.000000000000000 ) ;
#1674 = CARTESIAN_POINT ( 'NONE',  ( -4.245000000000000100, -0.1000000000000000100, 2.825000000000000200 ) ) ;
#1675 = CARTESIAN_POINT ( 'NONE',  ( 3.374999999999999600, -0.9235781443239867700, 2.999587534657339700 ) ) ;
#1676 = AXIS2_PLACEMENT_3D ( 'NONE', #2768, #4914, #798 ) ;
#1677 = CARTESIAN_POINT ( 'NONE',  ( -2.975000000000001000, -1.123578144323986900, -2.999587534657339700 ) ) ;
#1678 = ORIENTED_EDGE ( 'NONE', *, *, #3739, .T. ) ;
#1679 = DIRECTION ( 'NONE',  ( -0.0000000000000000000, -0.0000000000000000000, -1.000000000000000000 ) ) ;
#1680 = FACE_OUTER_BOUND ( 'NONE', #5184, .T. ) ;
#1681 = ORIENTED_EDGE ( 'NONE', *, *, #683, .F. ) ;
#1682 = FACE_OUTER_BOUND ( 'NONE', #5899, .T. ) ;
#1683 = CARTESIAN_POINT ( 'NONE',  ( -4.645000000000001400, -0.8885781443239866300, 2.999587534657338800 ) ) ;
#1684 = ADVANCED_FACE ( 'NONE', ( #1516 ), #3365, .T. ) ;
#1685 = CARTESIAN_POINT ( 'NONE',  ( 0.0000000000000000000, 0.5148177190201993500, -2.716591047919102200 ) ) ;
#1686 = EDGE_CURVE ( 'NONE', #4429, #6760, #662, .T. ) ;
#1687 = AXIS2_PLACEMENT_3D ( 'NONE', #7340, #6028, #4692 ) ;
#1688 = CARTESIAN_POINT ( 'NONE',  ( 4.245000000000001000, -0.8885781443239865200, -2.999587534657339700 ) ) ;
#1689 = VERTEX_POINT ( 'NONE', #2567 ) ;
#1690 = CARTESIAN_POINT ( 'NONE',  ( -1.705000000000000300, -0.06527036446661323200, 2.818876228225292800 ) ) ;
#1691 = VECTOR ( 'NONE', #642, 1000.000000000000000 ) ;
#1692 = VECTOR ( 'NONE', #7313, 1000.000000000000200 ) ;
#1693 = MECHANICAL_DESIGN_GEOMETRIC_PRESENTATION_REPRESENTATION (  '', ( #1061 ), #4921 ) ;
#1694 = ORIENTED_EDGE ( 'NONE', *, *, #4671, .F. ) ;
#1695 = CIRCLE ( 'NONE', #6230, 0.03500000000000030900 ) ;
#1696 = CARTESIAN_POINT ( 'NONE',  ( 4.245000000000000100, -0.8946558305423294400, 2.965119263301911400 ) ) ;
#1697 = UNCERTAINTY_MEASURE_WITH_UNIT (LENGTH_MEASURE( 1.000000000000000100E-005 ), #5365, 'distance_accuracy_value', 'NONE');
#1698 = ORIENTED_EDGE ( 'NONE', *, *, #7257, .T. ) ;
#1699 = VECTOR ( 'NONE', #8272, 1000.000000000000000 ) ;
#1700 = DIRECTION ( 'NONE',  ( -1.000000000000000000, -0.0000000000000000000, -0.0000000000000000000 ) ) ;
#1701 = VERTEX_POINT ( 'NONE', #602 ) ;
#1702 = DIRECTION ( 'NONE',  ( 1.000000000000000000, 0.0000000000000000000, 0.0000000000000000000 ) ) ;
#1703 = DIRECTION ( 'NONE',  ( 2.168404344971009900E-016, 2.168404344971009900E-016, 1.000000000000000000 ) ) ;
#1704 = DIRECTION ( 'NONE',  ( -1.000000000000000000, 0.0000000000000000000, 0.0000000000000000000 ) ) ;
#1705 = LINE ( 'NONE', #4393, #634 ) ;
#1706 = EDGE_CURVE ( 'NONE', #4060, #1754, #6715, .T. ) ;
#1707 = CARTESIAN_POINT ( 'NONE',  ( -4.245000000000000100, -0.9235781443239867700, -2.999587534657339700 ) ) ;
#1708 = LINE ( 'NONE', #5321, #2035 ) ;
#1709 = ORIENTED_EDGE ( 'NONE', *, *, #4577, .F. ) ;
#1710 = ORIENTED_EDGE ( 'NONE', *, *, #5264, .T. ) ;
#1711 = EDGE_CURVE ( 'NONE', #2605, #6760, #3344, .T. ) ;
#1712 = PLANE ( 'NONE',  #4108 ) ;
#1713 = DIRECTION ( 'NONE',  ( 0.0000000000000000000, 1.000000000000000000, 2.168404344971009900E-016 ) ) ;
#1714 = CARTESIAN_POINT ( 'NONE',  ( 0.0000000000000000000, 0.4800880834868125900, -2.519629497316660900 ) ) ;
#1715 = VECTOR ( 'NONE', #4819, 1000.000000000000000 ) ;
#1716 = EDGE_CURVE ( 'NONE', #8593, #4269, #3123, .T. ) ;
#1717 = ORIENTED_EDGE ( 'NONE', *, *, #6040, .F. ) ;
#1718 = FACE_OUTER_BOUND ( 'NONE', #2617, .T. ) ;
#1719 = DIRECTION ( 'NONE',  ( -1.000000000000000000, 0.0000000000000000000, 0.0000000000000000000 ) ) ;
#1720 = CARTESIAN_POINT ( 'NONE',  ( 2.974999999999998300, -0.9235781443239867700, 2.970219047566134300 ) ) ;
#1721 = CARTESIAN_POINT ( 'NONE',  ( 4.245000000000000100, -0.1000000000000000100, 2.825000000000000200 ) ) ;
#1722 = CIRCLE ( 'NONE', #3633, 0.03500000000000030900 ) ;
#1723 = ORIENTED_EDGE ( 'NONE', *, *, #7660, .T. ) ;
#1724 = ORIENTED_EDGE ( 'NONE', *, *, #1942, .F. ) ;
#1725 = AXIS2_PLACEMENT_3D ( 'NONE', #3435, #7491, #4879 ) ;
#1726 = LINE ( 'NONE', #7513, #6586 ) ;
#1727 = LINE ( 'NONE', #5420, #231 ) ;
#1728 = ORIENTED_EDGE ( 'NONE', *, *, #8693, .T. ) ;
#1729 = DIRECTION ( 'NONE',  ( -1.000000000000000000, 0.0000000000000000000, 0.0000000000000000000 ) ) ;
#1730 = ADVANCED_FACE ( 'NONE', ( #1736 ), #238, .F. ) ;
#1731 = DIRECTION ( 'NONE',  ( 1.000000000000000000, -0.0000000000000000000, -0.0000000000000000000 ) ) ;
#1732 = ORIENTED_EDGE ( 'NONE', *, *, #8411, .T. ) ;
#1733 = DIRECTION ( 'NONE',  ( 0.0000000000000000000, 0.0000000000000000000, -1.000000000000000000 ) ) ;
#1734 = CARTESIAN_POINT ( 'NONE',  ( 3.374999999999998700, -1.123578144323986900, -2.999587534657339700 ) ) ;
#1735 = ORIENTED_EDGE ( 'NONE', *, *, #2577, .T. ) ;
#1736 = FACE_OUTER_BOUND ( 'NONE', #8563, .T. ) ;
#1737 = ADVANCED_FACE ( 'NONE', ( #8293 ), #2749, .F. ) ;
#1738 = ORIENTED_EDGE ( 'NONE', *, *, #2986, .T. ) ;
#1739 = ORIENTED_EDGE ( 'NONE', *, *, #7566, .F. ) ;
#1740 = ORIENTED_EDGE ( 'NONE', *, *, #1125, .T. ) ;
#1741 = EDGE_LOOP ( 'NONE', ( #2549, #3680, #4051, #3695 ) ) ;
#1742 = LINE ( 'NONE', #8791, #5900 ) ;
#1743 = FACE_OUTER_BOUND ( 'NONE', #970, .T. ) ;
#1744 = ORIENTED_EDGE ( 'NONE', *, *, #7435, .F. ) ;
#1745 = AXIS2_PLACEMENT_3D ( 'NONE', #932, #3617, #6311 ) ;
#1746 = DIRECTION ( 'NONE',  ( 0.0000000000000000000, 1.000000000000000000, 0.0000000000000000000 ) ) ;
#1747 = VERTEX_POINT ( 'NONE', #6080 ) ;
#1748 = AXIS2_PLACEMENT_3D ( 'NONE', #1145, #7146, #1849 ) ;
#1749 = AXIS2_PLACEMENT_3D ( 'NONE', #7912, #6562, #4665 ) ;
#1750 = CARTESIAN_POINT ( 'NONE',  ( -5.333673019291534700, 1.000000000000000000, -2.123673019291533800 ) ) ;
#1751 = ORIENTED_EDGE ( 'NONE', *, *, #4090, .T. ) ;
#1752 = ORIENTED_EDGE ( 'NONE', *, *, #2267, .T. ) ;
#1753 = LINE ( 'NONE', #5020, #4975 ) ;
#1754 = VERTEX_POINT ( 'NONE', #1316 ) ;
#1755 = DIRECTION ( 'NONE',  ( 0.0000000000000000000, -0.1736481776669340800, -0.9848077530122074700 ) ) ;
#1756 = DIRECTION ( 'NONE',  ( 1.000000000000000000, 0.0000000000000000000, -0.0000000000000000000 ) ) ;
#1757 = CARTESIAN_POINT ( 'NONE',  ( -7.733763339029309200, -2.049999999999999800, 3.555000000000000200 ) ) ;
#1758 = EDGE_LOOP ( 'NONE', ( #5681, #1474, #2853, #947 ) ) ;
#1759 = DIRECTION ( 'NONE',  ( 1.000000000000000000, -0.0000000000000000000, -0.0000000000000000000 ) ) ;
#1760 = VERTEX_POINT ( 'NONE', #1343 ) ;
#1761 = EDGE_CURVE ( 'NONE', #4103, #4247, #1501, .T. ) ;
#1762 = ORIENTED_EDGE ( 'NONE', *, *, #1578, .T. ) ;
#1763 = CARTESIAN_POINT ( 'NONE',  ( 2.104999999999999100, -0.8885781443239865200, -2.999587534657339700 ) ) ;
#1764 = LINE ( 'NONE', #2418, #7694 ) ;
#1765 = DIRECTION ( 'NONE',  ( 0.0000000000000000000, -1.000000000000000000, 0.0000000000000000000 ) ) ;
#1766 = EDGE_CURVE ( 'NONE', #7549, #1411, #5573, .T. ) ;
#1767 = PLANE ( 'NONE',  #1918 ) ;
#1768 = EDGE_LOOP ( 'NONE', ( #1204, #6705, #1403, #7113 ) ) ;
#1769 = DIRECTION ( 'NONE',  ( 1.000000000000000000, -0.0000000000000000000, -0.0000000000000000000 ) ) ;
#1770 = FACE_OUTER_BOUND ( 'NONE', #5273, .T. ) ;
#1771 = EDGE_CURVE ( 'NONE', #4060, #7270, #1722, .T. ) ;
#1772 = CARTESIAN_POINT ( 'NONE',  ( 4.645000000000001400, -0.9235781443239867700, -2.970219047566134300 ) ) ;
#1773 = CARTESIAN_POINT ( 'NONE',  ( 4.245000000000000100, -0.8946558305423292200, 2.965119263301912300 ) ) ;
#1774 = ORIENTED_EDGE ( 'NONE', *, *, #6750, .F. ) ;
#1775 = EDGE_CURVE ( 'NONE', #5710, #6882, #6182, .T. ) ;
#1776 = DIRECTION ( 'NONE',  ( 0.0000000000000000000, -0.9848077530122073500, -0.1736481776669340500 ) ) ;
#1777 = CARTESIAN_POINT ( 'NONE',  ( 1.704999999999999000, -0.1000000000000000100, -1.599999999999999900 ) ) ;
#1778 = ORIENTED_EDGE ( 'NONE', *, *, #2666, .T. ) ;
#1779 = LINE ( 'NONE', #2503, #6958 ) ;
#1780 = EDGE_CURVE ( 'NONE', #7059, #4341, #2469, .T. ) ;
#1781 = AXIS2_PLACEMENT_3D ( 'NONE', #7572, #6214, #834 ) ;
#1782 = CARTESIAN_POINT ( 'NONE',  ( -3.375000000000001300, 0.1000000000000000100, -1.599999999999999900 ) ) ;
#1783 = CARTESIAN_POINT ( 'NONE',  ( -3.375000000000002700, -1.123578144323986300, 0.005099784264223802100 ) ) ;
#1784 = CARTESIAN_POINT ( 'NONE',  ( -0.4350000000000005000, -0.1000000000000000100, -1.599999999999999900 ) ) ;
#1785 = EDGE_CURVE ( 'NONE', #225, #3027, #447, .T. ) ;
#1786 = ORIENTED_EDGE ( 'NONE', *, *, #4716, .T. ) ;
#1787 = ORIENTED_EDGE ( 'NONE', *, *, #807, .T. ) ;
#1788 = VECTOR ( 'NONE', #7017, 1000.000000000000000 ) ;
#1789 = DIRECTION ( 'NONE',  ( 0.0000000000000000000, 1.000000000000000000, 2.168404344971009900E-016 ) ) ;
#1790 = CARTESIAN_POINT ( 'NONE',  ( 0.0000000000000000000, -0.9235781443239861100, 0.005099784264222377100 ) ) ;
#1791 = PLANE ( 'NONE',  #8472 ) ;
#1792 = CARTESIAN_POINT ( 'NONE',  ( 3.374999999999999600, 0.4800880834868125900, 2.519629497316660900 ) ) ;
#1793 = AXIS2_PLACEMENT_3D ( 'NONE', #1081, #7221, #5200 ) ;
#1794 = ORIENTED_EDGE ( 'NONE', *, *, #1194, .F. ) ;
#1795 = AXIS2_PLACEMENT_3D ( 'NONE', #1037, #6499, #1729 ) ;
#1796 = FACE_OUTER_BOUND ( 'NONE', #8313, .T. ) ;
#1797 = CIRCLE ( 'NONE', #308, 0.03500000000000030900 ) ;
#1798 = DIRECTION ( 'NONE',  ( 4.336808689942019700E-016, 2.168404344971009900E-016, 1.000000000000000000 ) ) ;
#1799 = ORIENTED_EDGE ( 'NONE', *, *, #3829, .F. ) ;
#1800 = VECTOR ( 'NONE', #203, 1000.000000000000000 ) ;
#1801 = CARTESIAN_POINT ( 'NONE',  ( -4.645000000000001400, -0.1289223137816567200, -2.627014461887075200 ) ) ;
#1802 = PLANE ( 'NONE',  #4845 ) ;
#1803 = ORIENTED_EDGE ( 'NONE', *, *, #4944, .T. ) ;
#1804 = FACE_OUTER_BOUND ( 'NONE', #1607, .T. ) ;
#1805 = LINE ( 'NONE', #2101, #8583 ) ;
#1806 = EDGE_LOOP ( 'NONE', ( #3230, #1174, #132, #3634 ) ) ;
#1807 = CYLINDRICAL_SURFACE ( 'NONE', #4015, 0.2350000000000004000 ) ;
#1808 = VERTEX_POINT ( 'NONE', #2776 ) ;
#1809 = EDGE_CURVE ( 'NONE', #6515, #7643, #3776, .T. ) ;
#1810 = UNCERTAINTY_MEASURE_WITH_UNIT (LENGTH_MEASURE( 1.000000000000000100E-005 ), #6138, 'distance_accuracy_value', 'NONE');
#1811 = EDGE_CURVE ( 'NONE', #8699, #4206, #3998, .T. ) ;
#1812 = EDGE_LOOP ( 'NONE', ( #6697, #5570, #6313, #94 ) ) ;
#1813 = DIRECTION ( 'NONE',  ( -1.000000000000000000, 0.0000000000000000000, -0.0000000000000000000 ) ) ;
#1814 = VECTOR ( 'NONE', #3551, 1000.000000000000000 ) ;
#1815 = CARTESIAN_POINT ( 'NONE',  ( 1.704999999999999000, -1.123578144323986900, 2.999587534657339700 ) ) ;
#1816 = ORIENTED_EDGE ( 'NONE', *, *, #1640, .T. ) ;
#1817 = DIRECTION ( 'NONE',  ( 0.0000000000000000000, 0.0000000000000000000, 1.000000000000000000 ) ) ;
#1818 = CARTESIAN_POINT ( 'NONE',  ( -2.975000000000001000, -0.9235781443239868800, -3.555000000000000200 ) ) ;
#1819 = ADVANCED_FACE ( 'NONE', ( #2041 ), #2839, .T. ) ;
#1820 = PRESENTATION_STYLE_ASSIGNMENT (( #8678 ) ) ;
#1821 = ORIENTED_EDGE ( 'NONE', *, *, #2526, .T. ) ;
#1822 = VERTEX_POINT ( 'NONE', #2157 ) ;
#1823 = EDGE_CURVE ( 'NONE', #2453, #525, #4223, .T. ) ;
#1824 = COLOUR_RGB ( '',0.2509803921568627400, 0.2509803921568627400, 0.2509803921568627400 ) ;
#1825 = CARTESIAN_POINT ( 'NONE',  ( 0.0000000000000000000, -1.123578144323986300, -0.005099784264222338000 ) ) ;
#1826 = DIRECTION ( 'NONE',  ( 0.0000000000000000000, -1.000000000000000000, 0.0000000000000000000 ) ) ;
#1827 = CARTESIAN_POINT ( 'NONE',  ( -0.8350000000000015200, -0.06527036446661303700, -2.818876228225294200 ) ) ;
#1828 = ORIENTED_EDGE ( 'NONE', *, *, #3446, .F. ) ;
#1829 = FACE_OUTER_BOUND ( 'NONE', #6526, .T. ) ;
#1830 = DIRECTION ( 'NONE',  ( 0.0000000000000000000, 0.1736481776669341100, -0.9848077530122073500 ) ) ;
#1831 = VECTOR ( 'NONE', #1835, 1000.000000000000000 ) ;
#1832 = EDGE_LOOP ( 'NONE', ( #8311, #5597, #3543, #3317 ) ) ;
#1833 = ORIENTED_EDGE ( 'NONE', *, *, #5101, .F. ) ;
#1834 = VERTEX_POINT ( 'NONE', #92 ) ;
#1835 = DIRECTION ( 'NONE',  ( -0.0000000000000000000, -0.0000000000000000000, 1.000000000000000000 ) ) ;
#1836 = EDGE_CURVE ( 'NONE', #266, #3702, #3553, .T. ) ;
#1837 = LINE ( 'NONE', #7041, #1950 ) ;
#1838 = DIRECTION ( 'NONE',  ( -1.000000000000000000, 0.0000000000000000000, 0.0000000000000000000 ) ) ;
#1839 = ORIENTED_EDGE ( 'NONE', *, *, #1836, .F. ) ;
#1840 = CYLINDRICAL_SURFACE ( 'NONE', #1913, 0.2350000000000002400 ) ;
#1841 = EDGE_LOOP ( 'NONE', ( #2696, #1907, #6716, #6000 ) ) ;
#1842 = VECTOR ( 'NONE', #4383, 1000.000000000000000 ) ;
#1843 = LINE ( 'NONE', #7985, #2584 ) ;
#1844 = DIRECTION ( 'NONE',  ( 1.000000000000000000, 0.0000000000000000000, 0.0000000000000000000 ) ) ;
#1845 = PLANE ( 'NONE',  #7193 ) ;
#1846 = ORIENTED_EDGE ( 'NONE', *, *, #6051, .F. ) ;
#1847 = LINE ( 'NONE', #3242, #6188 ) ;
#1848 = AXIS2_PLACEMENT_3D ( 'NONE', #7072, #4407, #1002 ) ;
#1849 = DIRECTION ( 'NONE',  ( 0.0000000000000000000, 0.0000000000000000000, -1.000000000000000000 ) ) ;
#1850 = ORIENTED_EDGE ( 'NONE', *, *, #4448, .T. ) ;
#1851 = ORIENTED_EDGE ( 'NONE', *, *, #477, .F. ) ;
#1852 = CARTESIAN_POINT ( 'NONE',  ( -4.245000000000001000, -1.123578144323986900, -2.999587534657339700 ) ) ;
#1853 = ORIENTED_EDGE ( 'NONE', *, *, #8220, .T. ) ;
#1854 = LINE ( 'NONE', #78, #5591 ) ;
#1855 = FACE_OUTER_BOUND ( 'NONE', #8347, .T. ) ;
#1856 = DIRECTION ( 'NONE',  ( 0.0000000000000000000, 0.1736481776669342400, 0.9848077530122073500 ) ) ;
#1857 = PLANE ( 'NONE',  #4468 ) ;
#1858 = ORIENTED_EDGE ( 'NONE', *, *, #5003, .T. ) ;
#1859 = DIRECTION ( 'NONE',  ( 1.000000000000000000, -0.0000000000000000000, -0.0000000000000000000 ) ) ;
#1860 = ORIENTED_EDGE ( 'NONE', *, *, #767, .F. ) ;
#1861 = CARTESIAN_POINT ( 'NONE',  ( -4.645000000000001400, 0.1000000000000000100, -1.599999999999999900 ) ) ;
#1862 = ORIENTED_EDGE ( 'NONE', *, *, #1473, .T. ) ;
#1863 = LINE ( 'NONE', #5659, #5910 ) ;
#1864 = VERTEX_POINT ( 'NONE', #4894 ) ;
#1865 = EDGE_CURVE ( 'NONE', #6737, #3475, #3111, .T. ) ;
#1866 = DIRECTION ( 'NONE',  ( -0.0000000000000000000, 0.1736481776669340500, 0.9848077530122073500 ) ) ;
#1867 = AXIS2_PLACEMENT_3D ( 'NONE', #7923, #4611, #1065 ) ;
#1868 = DIRECTION ( 'NONE',  ( 0.0000000000000000000, 0.0000000000000000000, 1.000000000000000000 ) ) ;
#1869 = DIRECTION ( 'NONE',  ( -1.000000000000000000, 0.0000000000000000000, 0.0000000000000000000 ) ) ;
#1870 = ORIENTED_EDGE ( 'NONE', *, *, #3536, .F. ) ;
#1871 = ADVANCED_FACE ( 'NONE', ( #4314 ), #804, .F. ) ;
#1872 = LINE ( 'NONE', #8067, #2611 ) ;
#1873 = ADVANCED_FACE ( 'NONE', ( #1286 ), #2158, .T. ) ;
#1874 = CARTESIAN_POINT ( 'NONE',  ( 4.245000000000000100, -1.123578144323986900, 3.555000000000000200 ) ) ;
#1875 = DIRECTION ( 'NONE',  ( 1.000000000000000000, 0.0000000000000000000, 0.0000000000000000000 ) ) ;
#1876 = CARTESIAN_POINT ( 'NONE',  ( 0.0000000000000000000, 0.4800880834868125900, -2.519629497316660900 ) ) ;
#1877 = CYLINDRICAL_SURFACE ( 'NONE', #8150, 0.03500000000000030900 ) ;
#1878 = EDGE_CURVE ( 'NONE', #3580, #611, #7123, .T. ) ;
#1879 = CARTESIAN_POINT ( 'NONE',  ( 4.645000000000001400, -0.1349999999999994500, -2.592546190531647400 ) ) ;
#1880 = CARTESIAN_POINT ( 'NONE',  ( 1.704999999999999000, -0.1000000000000000100, -1.599999999999999900 ) ) ;
#1881 = DIRECTION ( 'NONE',  ( -1.000000000000000000, 0.0000000000000000000, 0.0000000000000000000 ) ) ;
#1882 = EDGE_CURVE ( 'NONE', #3471, #6210, #345, .T. ) ;
#1883 = FACE_OUTER_BOUND ( 'NONE', #928, .T. ) ;
#1884 = EDGE_CURVE ( 'NONE', #476, #2635, #2258, .T. ) ;
#1885 = PLANE ( 'NONE',  #8322 ) ;
#1886 = VERTEX_POINT ( 'NONE', #6904 ) ;
#1887 = ADVANCED_FACE ( 'NONE', ( #5154 ), #3455, .T. ) ;
#1888 = DIRECTION ( 'NONE',  ( 0.0000000000000000000, 0.1736481776669342400, -0.9848077530122073500 ) ) ;
#1889 = VECTOR ( 'NONE', #5493, 1000.000000000000000 ) ;
#1890 = DIRECTION ( 'NONE',  ( -1.000000000000000000, -0.0000000000000000000, -0.0000000000000000000 ) ) ;
#1891 = CARTESIAN_POINT ( 'NONE',  ( -7.733763339029309200, -2.049999999999999800, 3.555000000000000200 ) ) ;
#1892 = ORIENTED_EDGE ( 'NONE', *, *, #618, .F. ) ;
#1893 = LINE ( 'NONE', #6970, #7084 ) ;
#1894 = EDGE_CURVE ( 'NONE', #2014, #625, #5471, .T. ) ;
#1895 = FILL_AREA_STYLE_COLOUR ( '', #3285 ) ;
#1896 = AXIS2_PLACEMENT_3D ( 'NONE', #6007, #3128, #616 ) ;
#1897 = ORIENTED_EDGE ( 'NONE', *, *, #7825, .F. ) ;
#1898 = VECTOR ( 'NONE', #4554, 1000.000000000000200 ) ;
#1899 = DIRECTION ( 'NONE',  ( 0.0000000000000000000, -0.1736481776669340800, 0.9848077530122074700 ) ) ;
#1900 = DIRECTION ( 'NONE',  ( 1.000000000000000000, -0.0000000000000000000, -0.0000000000000000000 ) ) ;
#1901 = AXIS2_PLACEMENT_3D ( 'NONE', #5009, #7783, #343 ) ;
#1902 = DIRECTION ( 'NONE',  ( 1.000000000000000000, 0.0000000000000000000, 0.0000000000000000000 ) ) ;
#1903 = CARTESIAN_POINT ( 'NONE',  ( -4.645000000000001400, -0.1349999999999994500, 2.592546190531647400 ) ) ;
#1904 = ORIENTED_EDGE ( 'NONE', *, *, #391, .T. ) ;
#1905 = COLOUR_RGB ( '',0.7921568627450980000, 0.8196078431372548800, 0.9333333333333333500 ) ;
#1906 = FACE_OUTER_BOUND ( 'NONE', #1639, .T. ) ;
#1907 = ORIENTED_EDGE ( 'NONE', *, *, #4917, .T. ) ;
#1908 = DIRECTION ( 'NONE',  ( 0.0000000000000000000, 0.0000000000000000000, 1.000000000000000000 ) ) ;
#1909 = VECTOR ( 'NONE', #8263, 1000.000000000000000 ) ;
#1910 = EDGE_CURVE ( 'NONE', #3216, #6082, #5980, .T. ) ;
#1912 = ADVANCED_FACE ( 'NONE', ( #3883 ), #6414, .T. ) ;
#1911 = AXIS2_PLACEMENT_3D ( 'NONE', #689, #1364, #8129 ) ;
#1913 = AXIS2_PLACEMENT_3D ( 'NONE', #6466, #2423, #7173 ) ;
#1914 = AXIS2_PLACEMENT_3D ( 'NONE', #6862, #6812, #8252 ) ;
#1915 = EDGE_LOOP ( 'NONE', ( #6644, #2226, #8613, #3304 ) ) ;
#1916 = CARTESIAN_POINT ( 'NONE',  ( 3.374999999999998700, -0.1289223137816569700, -2.627014461887073900 ) ) ;
#1917 = LINE ( 'NONE', #8227, #2018 ) ;
#1918 = AXIS2_PLACEMENT_3D ( 'NONE', #455, #4532, #7209 ) ;
#1919 = VERTEX_POINT ( 'NONE', #2960 ) ;
#1920 = DIRECTION ( 'NONE',  ( 0.0000000000000000000, 0.0000000000000000000, 1.000000000000000000 ) ) ;
#1921 = LINE ( 'NONE', #4135, #3865 ) ;
#1922 = ORIENTED_EDGE ( 'NONE', *, *, #8137, .F. ) ;
#1923 = CARTESIAN_POINT ( 'NONE',  ( 3.374999999999998700, 0.4800880834868125900, -2.519629497316660900 ) ) ;
#1924 = LINE ( 'NONE', #6952, #6575 ) ;
#1925 = EDGE_CURVE ( 'NONE', #7204, #3471, #6905, .T. ) ;
#1926 = CARTESIAN_POINT ( 'NONE',  ( 4.645000000000001400, -0.09999999999999925600, 2.592546190531647400 ) ) ;
#1927 = VERTEX_POINT ( 'NONE', #7026 ) ;
#1928 = CARTESIAN_POINT ( 'NONE',  ( 4.245000000000001000, -0.9293854660757160400, -2.768157712699471000 ) ) ;
#1929 = DIRECTION ( 'NONE',  ( 1.000000000000000000, 0.0000000000000000000, 0.0000000000000000000 ) ) ;
#1930 = CARTESIAN_POINT ( 'NONE',  ( 4.645000000000001400, -0.8946558305423296700, -2.965119263301910100 ) ) ;
#1931 =( NAMED_UNIT ( * ) SI_UNIT ( $, .STERADIAN. ) SOLID_ANGLE_UNIT ( ) );
#1932 = VECTOR ( 'NONE', #577, 1000.000000000000000 ) ;
#1933 = DIRECTION ( 'NONE',  ( 1.000000000000000000, -0.0000000000000000000, 0.0000000000000000000 ) ) ;
#1934 = ORIENTED_EDGE ( 'NONE', *, *, #8612, .F. ) ;
#1935 = CARTESIAN_POINT ( 'NONE',  ( 0.0000000000000000000, -1.123578144323986300, 0.005099784264222338000 ) ) ;
#1936 = EDGE_CURVE ( 'NONE', #5886, #8611, #8281, .T. ) ;
#1937 = VECTOR ( 'NONE', #376, 1000.000000000000000 ) ;
#1938 = ORIENTED_EDGE ( 'NONE', *, *, #6040, .T. ) ;
#1939 = CARTESIAN_POINT ( 'NONE',  ( 2.105000000000000000, -1.123578144323986900, 2.999587534657339700 ) ) ;
#1940 = VECTOR ( 'NONE', #2813, 1000.000000000000000 ) ;
#1941 = EDGE_LOOP ( 'NONE', ( #1109, #6291, #6375, #5588 ) ) ;
#1942 = EDGE_CURVE ( 'NONE', #3676, #5932, #7768, .T. ) ;
#1943 = SURFACE_SIDE_STYLE ('',( #3880 ) ) ;
#1944 = VECTOR ( 'NONE', #8509, 1000.000000000000100 ) ;
#1945 = LINE ( 'NONE', #6541, #8510 ) ;
#1946 = CARTESIAN_POINT ( 'NONE',  ( -4.245000000000001000, 0.1000000000000000100, -2.825000000000000200 ) ) ;
#1947 = EDGE_LOOP ( 'NONE', ( #7225, #4539, #7250, #4971, #353 ) ) ;
#1948 = CARTESIAN_POINT ( 'NONE',  ( -5.509999999999999800, 0.0000000000000000000, 2.300000000000000700 ) ) ;
#1949 = DIRECTION ( 'NONE',  ( 0.0000000000000000000, 0.0000000000000000000, 1.000000000000000000 ) ) ;
#1950 = VECTOR ( 'NONE', #2944, 1000.000000000000200 ) ;
#1951 = ORIENTED_EDGE ( 'NONE', *, *, #4508, .F. ) ;
#1952 = ORIENTED_EDGE ( 'NONE', *, *, #2131, .F. ) ;
#1953 = CARTESIAN_POINT ( 'NONE',  ( -0.8350000000000015200, -0.1289223137816569700, 2.627014461887073900 ) ) ;
#1954 = ORIENTED_EDGE ( 'NONE', *, *, #1032, .T. ) ;
#1955 = EDGE_CURVE ( 'NONE', #5770, #1519, #7233, .T. ) ;
#1956 = AXIS2_PLACEMENT_3D ( 'NONE', #6943, #8280, #190 ) ;
#1957 = FACE_OUTER_BOUND ( 'NONE', #5017, .T. ) ;
#1958 = LINE ( 'NONE', #5252, #5901 ) ;
#1959 = ORIENTED_EDGE ( 'NONE', *, *, #7040, .T. ) ;
#1960 = CARTESIAN_POINT ( 'NONE',  ( 1.704999999999999000, 0.1000000000000000100, 1.599999999999999900 ) ) ;
#1961 = EDGE_CURVE ( 'NONE', #5060, #2082, #4948, .T. ) ;
#1962 = DIRECTION ( 'NONE',  ( 4.212971753347078400E-032, 1.000000000000000000, 0.0000000000000000000 ) ) ;
#1963 = ADVANCED_FACE ( 'NONE', ( #3331 ), #8085, .F. ) ;
#1964 = VERTEX_POINT ( 'NONE', #4395 ) ;
#1965 = PLANE ( 'NONE',  #5073 ) ;
#1966 = EDGE_LOOP ( 'NONE', ( #7598, #6365, #6003, #478 ) ) ;
#1967 = DIRECTION ( 'NONE',  ( 0.0000000000000000000, 0.0000000000000000000, -1.000000000000000000 ) ) ;
#1968 = ORIENTED_EDGE ( 'NONE', *, *, #5918, .T. ) ;
#1969 = CIRCLE ( 'NONE', #1113, 0.2350000000000004000 ) ;
#1970 = AXIS2_PLACEMENT_3D ( 'NONE', #125, #4800, #4895 ) ;
#1971 = ORIENTED_EDGE ( 'NONE', *, *, #2225, .T. ) ;
#1972 = CARTESIAN_POINT ( 'NONE',  ( 2.974999999999997000, -1.123578144323986300, 0.005099784264221048300 ) ) ;
#1973 = LINE ( 'NONE', #5585, #1540 ) ;
#1974 = DIRECTION ( 'NONE',  ( 0.0000000000000000000, 0.0000000000000000000, 1.000000000000000000 ) ) ;
#1975 = EDGE_CURVE ( 'NONE', #2843, #3211, #6278, .T. ) ;
#1976 = CARTESIAN_POINT ( 'NONE',  ( -0.8350000000000015200, -0.8946558305423294400, 2.965119263301911400 ) ) ;
#1977 = VERTEX_POINT ( 'NONE', #5667 ) ;
#1978 = VECTOR ( 'NONE', #6079, 1000.000000000000000 ) ;
#1979 = DIRECTION ( 'NONE',  ( 0.0000000000000000000, 9.227252531791510400E-016, 1.000000000000000000 ) ) ;
#1980 = EDGE_CURVE ( 'NONE', #4658, #6033, #2894, .T. ) ;
#1981 = ADVANCED_FACE ( 'NONE', ( #2682 ), #950, .T. ) ;
#1982 = DIRECTION ( 'NONE',  ( 0.0000000000000000000, 0.0000000000000000000, 1.000000000000000000 ) ) ;
#1983 = CARTESIAN_POINT ( 'NONE',  ( 4.645000000000001400, -0.9235781443239868800, -3.555000000000000200 ) ) ;
#1984 = AXIS2_PLACEMENT_3D ( 'NONE', #5808, #5179, #1813 ) ;
#1985 = DIRECTION ( 'NONE',  ( 7.259116125419664700E-033, -1.000000000000000000, -1.608122649676636600E-016 ) ) ;
#1986 = CARTESIAN_POINT ( 'NONE',  ( -4.245000000000000100, 0.1000000000000000100, 1.599999999999999900 ) ) ;
#1987 = ORIENTED_EDGE ( 'NONE', *, *, #3567, .T. ) ;
#1988 = VECTOR ( 'NONE', #7754, 1000.000000000000200 ) ;
#1989 = DIRECTION ( 'NONE',  ( -1.000000000000000000, -0.0000000000000000000, -0.0000000000000000000 ) ) ;
#1990 = DIRECTION ( 'NONE',  ( 0.0000000000000000000, 0.0000000000000000000, 1.000000000000000000 ) ) ;
#1991 = ORIENTED_EDGE ( 'NONE', *, *, #64, .T. ) ;
#1992 = DIRECTION ( 'NONE',  ( 1.000000000000000000, -0.0000000000000000000, -0.0000000000000000000 ) ) ;
#1993 = EDGE_CURVE ( 'NONE', #4792, #5868, #8714, .T. ) ;
#1994 = FACE_OUTER_BOUND ( 'NONE', #4822, .T. ) ;
#1995 = DIRECTION ( 'NONE',  ( 0.0000000000000000000, 7.744301232039248600E-016, 1.000000000000000000 ) ) ;
#1996 = CARTESIAN_POINT ( 'NONE',  ( 2.974999999999997900, -0.9235781443239869900, -3.970219047566133900 ) ) ;
#1997 = DIRECTION ( 'NONE',  ( 4.336808689942019700E-016, 2.168404344971009900E-016, 1.000000000000000000 ) ) ;
#1998 =( NAMED_UNIT ( * ) SI_UNIT ( $, .STERADIAN. ) SOLID_ANGLE_UNIT ( ) );
#1999 = ADVANCED_FACE ( 'NONE', ( #865 ), #1791, .T. ) ;
#2000 = ORIENTED_EDGE ( 'NONE', *, *, #1910, .T. ) ;
#2001 = ORIENTED_EDGE ( 'NONE', *, *, #4538, .T. ) ;
#2002 = FACE_OUTER_BOUND ( 'NONE', #7531, .T. ) ;
#2003 = EDGE_CURVE ( 'NONE', #2381, #7310, #7655, .T. ) ;
#2004 = DIRECTION ( 'NONE',  ( 1.000000000000000000, -0.0000000000000000000, -0.0000000000000000000 ) ) ;
#2005 = ORIENTED_EDGE ( 'NONE', *, *, #7152, .T. ) ;
#2006 = FACE_OUTER_BOUND ( 'NONE', #3687, .T. ) ;
#2007 = DIRECTION ( 'NONE',  ( 0.0000000000000000000, 1.000000000000000000, 0.0000000000000000000 ) ) ;
#2008 = ORIENTED_EDGE ( 'NONE', *, *, #6259, .F. ) ;
#2009 = LINE ( 'NONE', #7823, #8573 ) ;
#2010 = DIRECTION ( 'NONE',  ( 0.0000000000000000000, 0.0000000000000000000, -1.000000000000000000 ) ) ;
#2011 = CARTESIAN_POINT ( 'NONE',  ( 1.704999999999999200, -1.123578144323987200, 3.555000000000000200 ) ) ;
#2012 = CARTESIAN_POINT ( 'NONE',  ( 0.0000000000000000000, -0.9293854660757164800, 2.768157712699470100 ) ) ;
#2013 = DIRECTION ( 'NONE',  ( 0.0000000000000000000, -1.000000000000000000, 2.832769448823989800E-016 ) ) ;
#2014 = VERTEX_POINT ( 'NONE', #2425 ) ;
#2015 = PLANE ( 'NONE',  #3819 ) ;
#2016 = DIRECTION ( 'NONE',  ( -1.000000000000000000, 0.0000000000000000000, 0.0000000000000000000 ) ) ;
#2017 = CIRCLE ( 'NONE', #1275, 0.2350000000000004000 ) ;
#2018 = VECTOR ( 'NONE', #62, 1000.000000000000000 ) ;
#2019 = PRODUCT_DEFINITION_SHAPE ( 'NONE', 'NONE',  #16 ) ;
#2020 = DIRECTION ( 'NONE',  ( -1.000000000000000000, -0.0000000000000000000, -0.0000000000000000000 ) ) ;
#2021 = DIRECTION ( 'NONE',  ( -1.000000000000000000, 0.0000000000000000000, 0.0000000000000000000 ) ) ;
#2022 = VERTEX_POINT ( 'NONE', #905 ) ;
#2023 = VECTOR ( 'NONE', #336, 1000.000000000000000 ) ;
#2024 = ORIENTED_EDGE ( 'NONE', *, *, #3045, .T. ) ;
#2025 = AXIS2_PLACEMENT_3D ( 'NONE', #2921, #1598, #7646 ) ;
#2026 = VECTOR ( 'NONE', #6039, 1000.000000000000000 ) ;
#2027 = ADVANCED_FACE ( 'NONE', ( #7875 ), #396, .F. ) ;
#2028 = DIRECTION ( 'NONE',  ( 0.0000000000000000000, 0.9848077530122073500, -0.1736481776669340500 ) ) ;
#2029 = ORIENTED_EDGE ( 'NONE', *, *, #1865, .F. ) ;
#2030 = PLANE ( 'NONE',  #529 ) ;
#2031 = LINE ( 'NONE', #2294, #7216 ) ;
#2032 = CARTESIAN_POINT ( 'NONE',  ( 0.0000000000000000000, -1.123578144323987200, 3.555000000000000200 ) ) ;
#2033 = VERTEX_POINT ( 'NONE', #7903 ) ;
#2034 = AXIS2_PLACEMENT_3D ( 'NONE', #7803, #5139, #1063 ) ;
#2035 = VECTOR ( 'NONE', #7854, 1000.000000000000000 ) ;
#2036 = DIRECTION ( 'NONE',  ( -1.000000000000000000, -0.0000000000000000000, 0.0000000000000000000 ) ) ;
#2037 = DIRECTION ( 'NONE',  ( 0.0000000000000000000, 0.0000000000000000000, -1.000000000000000000 ) ) ;
#2038 = CARTESIAN_POINT ( 'NONE',  ( 4.645000000000001400, -0.1349999999999994500, 2.592546190531647400 ) ) ;
#2039 = ORIENTED_EDGE ( 'NONE', *, *, #4448, .F. ) ;
#2040 = ORIENTED_EDGE ( 'NONE', *, *, #4201, .F. ) ;
#2041 = FACE_OUTER_BOUND ( 'NONE', #1276, .T. ) ;
#2042 =( NAMED_UNIT ( * ) SI_UNIT ( $, .STERADIAN. ) SOLID_ANGLE_UNIT ( ) );
#2043 = ADVANCED_FACE ( 'NONE', ( #5668 ), #8483, .F. ) ;
#2044 = ORIENTED_EDGE ( 'NONE', *, *, #8636, .T. ) ;
#2045 = CARTESIAN_POINT ( 'NONE',  ( -1.704999999999999800, -1.123578144323987200, 3.555000000000000200 ) ) ;
#2046 = VECTOR ( 'NONE', #7579, 1000.000000000000000 ) ;
#2047 = EDGE_CURVE ( 'NONE', #2524, #6515, #8273, .T. ) ;
#2048 = VECTOR ( 'NONE', #3122, 1000.000000000000200 ) ;
#2049 = DIRECTION ( 'NONE',  ( 1.000000000000000000, 0.0000000000000000000, 0.0000000000000000000 ) ) ;
#2050 =( LENGTH_UNIT ( ) NAMED_UNIT ( * ) SI_UNIT ( .MILLI., .METRE. ) );
#2051 = ORIENTED_EDGE ( 'NONE', *, *, #8456, .F. ) ;
#2052 = CARTESIAN_POINT ( 'NONE',  ( -0.4350000000000005000, -0.09999999999999925600, 2.592546190531647400 ) ) ;
#2053 = DIRECTION ( 'NONE',  ( 0.0000000000000000000, 0.9848077530122073500, -0.1736481776669340500 ) ) ;
#2054 = CARTESIAN_POINT ( 'NONE',  ( 1.704999999999999000, -0.9235781443239867700, 2.999587534657339700 ) ) ;
#2055 = EDGE_CURVE ( 'NONE', #1616, #3006, #1393, .T. ) ;
#2056 = ORIENTED_EDGE ( 'NONE', *, *, #6478, .F. ) ;
#2057 = VECTOR ( 'NONE', #2357, 1000.000000000000200 ) ;
#2058 = DIRECTION ( 'NONE',  ( -4.212971753347078400E-032, -1.000000000000000000, 0.0000000000000000000 ) ) ;
#2059 = VERTEX_POINT ( 'NONE', #7114 ) ;
#2060 = VECTOR ( 'NONE', #441, 1000.000000000000000 ) ;
#2061 = VECTOR ( 'NONE', #2566, 1000.000000000000000 ) ;
#2062 = CARTESIAN_POINT ( 'NONE',  ( 0.8349999999999989700, -1.123578144323986900, -2.970219047566134300 ) ) ;
#2063 = VERTEX_POINT ( 'NONE', #5902 ) ;
#2064 = DIRECTION ( 'NONE',  ( 0.0000000000000000000, 0.1736481776669342400, -0.9848077530122073500 ) ) ;
#2065 = EDGE_CURVE ( 'NONE', #8005, #5879, #6805, .T. ) ;
#2066 = LINE ( 'NONE', #6782, #1630 ) ;
#2067 = ORIENTED_EDGE ( 'NONE', *, *, #4256, .T. ) ;
#2068 = SURFACE_STYLE_USAGE ( .BOTH. , #2688 ) ;
#2069 = ORIENTED_EDGE ( 'NONE', *, *, #8234, .F. ) ;
#2070 = VECTOR ( 'NONE', #2829, 1000.000000000000000 ) ;
#2071 = LINE ( 'NONE', #5676, #7256 ) ;
#2072 = ORIENTED_EDGE ( 'NONE', *, *, #2047, .F. ) ;
#2073 = ADVANCED_FACE ( 'NONE', ( #5564 ), #2452, .T. ) ;
#2074 = DIRECTION ( 'NONE',  ( 1.000000000000000000, -0.0000000000000000000, -0.0000000000000000000 ) ) ;
#2075 = ORIENTED_EDGE ( 'NONE', *, *, #8562, .F. ) ;
#2076 = DIRECTION ( 'NONE',  ( 0.0000000000000000000, 1.000000000000000000, 0.0000000000000000000 ) ) ;
#2077 = EDGE_CURVE ( 'NONE', #7059, #6564, #3986, .T. ) ;
#2078 = AXIS2_PLACEMENT_3D ( 'NONE', #5707, #5639, #5752 ) ;
#2079 = ORIENTED_EDGE ( 'NONE', *, *, #3622, .F. ) ;
#2080 = DIRECTION ( 'NONE',  ( 0.0000000000000000000, 0.1736481776669341100, -0.9848077530122073500 ) ) ;
#2081 = LINE ( 'NONE', #3837, #378 ) ;
#2082 = VERTEX_POINT ( 'NONE', #8546 ) ;
#2083 =( NAMED_UNIT ( * ) PLANE_ANGLE_UNIT ( ) SI_UNIT ( $, .RADIAN. ) );
#2084 = DIRECTION ( 'NONE',  ( 0.0000000000000000000, 0.0000000000000000000, 1.000000000000000000 ) ) ;
#2085 = CARTESIAN_POINT ( 'NONE',  ( 0.4349999999999988900, -1.123578144323986900, 3.555000000000000200 ) ) ;
#2086 = VERTEX_POINT ( 'NONE', #1038 ) ;
#2087 = DIRECTION ( 'NONE',  ( 0.0000000000000000000, 0.0000000000000000000, -1.000000000000000000 ) ) ;
#2088 = VERTEX_POINT ( 'NONE', #4534 ) ;
#2089 = VECTOR ( 'NONE', #4706, 1000.000000000000200 ) ;
#2090 = AXIS2_PLACEMENT_3D ( 'NONE', #6986, #3694, #6371 ) ;
#2091 = AXIS2_PLACEMENT_3D ( 'NONE', #7747, #3725, #8424 ) ;
#2092 = CARTESIAN_POINT ( 'NONE',  ( 2.105000000000000000, -0.1000000000000000100, -1.599999999999999900 ) ) ;
#2093 = AXIS2_PLACEMENT_3D ( 'NONE', #2490, #3853, #3825 ) ;
#2094 = ORIENTED_EDGE ( 'NONE', *, *, #8550, .F. ) ;
#2095 = LINE ( 'NONE', #2775, #5100 ) ;
#2096 = ORIENTED_EDGE ( 'NONE', *, *, #7534, .T. ) ;
#2097 = CARTESIAN_POINT ( 'NONE',  ( -4.245000000000000100, -0.8885781443239866300, 2.999587534657338800 ) ) ;
#2098 = EDGE_CURVE ( 'NONE', #3800, #6760, #3206, .T. ) ;
#2099 = ORIENTED_EDGE ( 'NONE', *, *, #3555, .F. ) ;
#2100 = CARTESIAN_POINT ( 'NONE',  ( 1.704999999999999000, -0.1349999999999994500, -2.592546190531647400 ) ) ;
#2101 = CARTESIAN_POINT ( 'NONE',  ( -0.8350000000000015200, -0.8946558305423297800, -2.965119263301910100 ) ) ;
#2102 = VECTOR ( 'NONE', #6193, 1000.000000000000000 ) ;
#2103 = ADVANCED_FACE ( 'NONE', ( #8391 ), #3074, .T. ) ;
#2104 = DIRECTION ( 'NONE',  ( -1.000000000000000000, -0.0000000000000000000, -0.0000000000000000000 ) ) ;
#2105 = FACE_OUTER_BOUND ( 'NONE', #8363, .T. ) ;
#2106 = CARTESIAN_POINT ( 'NONE',  ( -1.705000000000000300, -0.1349999999999994500, 2.592546190531647400 ) ) ;
#2107 = CARTESIAN_POINT ( 'NONE',  ( -3.375000000000001800, -0.9235781443239868800, -3.555000000000000200 ) ) ;
#2108 = CARTESIAN_POINT ( 'NONE',  ( 4.245000000000000100, -0.8946558305423296700, 2.965119263301910100 ) ) ;
#2109 = PLANE ( 'NONE',  #7178 ) ;
#2110 = DIRECTION ( 'NONE',  ( -2.710505431213754200E-016, 1.000000000000000000, 0.0000000000000000000 ) ) ;
#2111 = EDGE_CURVE ( 'NONE', #1388, #6356, #7965, .T. ) ;
#2112 = ORIENTED_EDGE ( 'NONE', *, *, #1455, .T. ) ;
#2113 = VECTOR ( 'NONE', #911, 1000.000000000000000 ) ;
#2114 = DIRECTION ( 'NONE',  ( -7.080503983578801900E-016, 0.0000000000000000000, 1.000000000000000000 ) ) ;
#2115 = EDGE_LOOP ( 'NONE', ( #857, #5147, #5122, #8531 ) ) ;
#2116 = LINE ( 'NONE', #1874, #3953 ) ;
#2117 = ORIENTED_EDGE ( 'NONE', *, *, #2151, .T. ) ;
#2118 = ORIENTED_EDGE ( 'NONE', *, *, #5507, .T. ) ;
#2119 = DIRECTION ( 'NONE',  ( 0.0000000000000000000, 1.000000000000000000, 0.0000000000000000000 ) ) ;
#2120 = CARTESIAN_POINT ( 'NONE',  ( 0.0000000000000000000, -0.9235781443239868800, 3.555000000000000200 ) ) ;
#2121 = DIRECTION ( 'NONE',  ( 0.0000000000000000000, 0.1736481776669342400, -0.9848077530122073500 ) ) ;
#2122 = ADVANCED_FACE ( 'NONE', ( #5969 ), #1211, .F. ) ;
#2123 = VERTEX_POINT ( 'NONE', #5212 ) ;
#2124 = DIRECTION ( 'NONE',  ( 0.0000000000000000000, 1.000000000000000000, 2.168404344971009900E-016 ) ) ;
#2125 = CIRCLE ( 'NONE', #5093, 0.03500000000000030900 ) ;
#2126 = CIRCLE ( 'NONE', #3207, 0.2350000000000004000 ) ;
#2127 = EDGE_CURVE ( 'NONE', #6737, #2755, #7007, .T. ) ;
#2128 = ORIENTED_EDGE ( 'NONE', *, *, #3924, .T. ) ;
#2129 = LINE ( 'NONE', #4158, #7522 ) ;
#2130 = ORIENTED_EDGE ( 'NONE', *, *, #1910, .F. ) ;
#2131 = EDGE_CURVE ( 'NONE', #7361, #4258, #113, .T. ) ;
#2132 = CARTESIAN_POINT ( 'NONE',  ( 0.8349999999999998500, -0.9235781443239867700, 2.999587534657339700 ) ) ;
#2133 = ORIENTED_EDGE ( 'NONE', *, *, #4201, .T. ) ;
#2134 = FACE_OUTER_BOUND ( 'NONE', #2443, .T. ) ;
#2135 = ORIENTED_EDGE ( 'NONE', *, *, #7081, .T. ) ;
#2136 = PLANE ( 'NONE',  #4511 ) ;
#2137 = CARTESIAN_POINT ( 'NONE',  ( 2.105000000000000000, -0.1289223137816567200, 2.627014461887075200 ) ) ;
#2138 = AXIS2_PLACEMENT_3D ( 'NONE', #6164, #6885, #8199 ) ;
#2139 = DIRECTION ( 'NONE',  ( -0.0000000000000000000, 0.0000000000000000000, -1.000000000000000000 ) ) ;
#2140 = PLANE ( 'NONE',  #6739 ) ;
#2141 = DIRECTION ( 'NONE',  ( 0.0000000000000000000, -0.0000000000000000000, 1.000000000000000000 ) ) ;
#2142 = CARTESIAN_POINT ( 'NONE',  ( 0.8349999999999998500, 0.1000000000000000200, 2.592546190531647400 ) ) ;
#2143 = AXIS2_PLACEMENT_3D ( 'NONE', #1665, #6370, #7765 ) ;
#2144 = ORIENTED_EDGE ( 'NONE', *, *, #2209, .T. ) ;
#2145 = ORIENTED_EDGE ( 'NONE', *, *, #4605, .T. ) ;
#2146 = DIRECTION ( 'NONE',  ( 0.0000000000000000000, -0.1736481776669339900, -0.9848077530122073500 ) ) ;
#2147 = ADVANCED_FACE ( 'NONE', ( #3005 ), #1270, .T. ) ;
#2148 = PLANE ( 'NONE',  #943 ) ;
#2149 = PLANE ( 'NONE',  #1213 ) ;
#2150 = CARTESIAN_POINT ( 'NONE',  ( 1.704999999999999000, -0.9235781443239867700, 2.970219047566134300 ) ) ;
#2151 = EDGE_CURVE ( 'NONE', #781, #8710, #7115, .T. ) ;
#2152 = VERTEX_POINT ( 'NONE', #1240 ) ;
#2153 = ORIENTED_EDGE ( 'NONE', *, *, #696, .F. ) ;
#2154 = LINE ( 'NONE', #4229, #4309 ) ;
#2155 = EDGE_LOOP ( 'NONE', ( #2450, #1816, #8640, #6828 ) ) ;
#2156 = ORIENTED_EDGE ( 'NONE', *, *, #7550, .F. ) ;
#2157 = CARTESIAN_POINT ( 'NONE',  ( -4.645000000000001400, -1.123578144323987200, 3.555000000000000200 ) ) ;
#2158 = CYLINDRICAL_SURFACE ( 'NONE', #1781, 0.2350000000000002400 ) ;
#2159 = ORIENTED_EDGE ( 'NONE', *, *, #3032, .F. ) ;
#2160 = VECTOR ( 'NONE', #4836, 1000.000000000000000 ) ;
#2161 = FACE_OUTER_BOUND ( 'NONE', #3789, .T. ) ;
#2162 = PRODUCT ( 'SSOP-16', 'SSOP-16', '', ( #1215 ) ) ;
#2163 = CARTESIAN_POINT ( 'NONE',  ( -0.4350000000000005000, 0.1000000000000000100, 2.825000000000000200 ) ) ;
#2164 = VECTOR ( 'NONE', #8031, 1000.000000000000000 ) ;
#2165 = DIRECTION ( 'NONE',  ( 1.000000000000000000, 0.0000000000000000000, 0.0000000000000000000 ) ) ;
#2166 = ORIENTED_EDGE ( 'NONE', *, *, #6198, .T. ) ;
#2167 = EDGE_CURVE ( 'NONE', #5975, #6082, #1172, .T. ) ;
#2168 = EDGE_LOOP ( 'NONE', ( #6268, #8282, #5492, #3672 ) ) ;
#2169 = ORIENTED_EDGE ( 'NONE', *, *, #1811, .F. ) ;
#2170 = CARTESIAN_POINT ( 'NONE',  ( 2.974999999999999600, -1.123578144323986300, -0.005099784264223627800 ) ) ;
#2171 = VECTOR ( 'NONE', #5626, 1000.000000000000000 ) ;
#2172 = EDGE_CURVE ( 'NONE', #1078, #7876, #8075, .T. ) ;
#2173 = CARTESIAN_POINT ( 'NONE',  ( -1.705000000000001200, -0.1000000000000000100, -2.825000000000000200 ) ) ;
#2174 = VERTEX_POINT ( 'NONE', #8658 ) ;
#2175 = DIRECTION ( 'NONE',  ( -0.0000000000000000000, -0.9848077530122073500, 0.1736481776669340500 ) ) ;
#2176 = EDGE_LOOP ( 'NONE', ( #8192, #5394, #4957, #5565 ) ) ;
#2177 = ORIENTED_EDGE ( 'NONE', *, *, #2671, .F. ) ;
#2178 = CARTESIAN_POINT ( 'NONE',  ( -1.705000000000001200, -0.1349999999999994500, -2.592546190531647400 ) ) ;
#2179 = CIRCLE ( 'NONE', #1914, 0.2350000000000004000 ) ;
#2180 = CARTESIAN_POINT ( 'NONE',  ( 3.374999999999998700, -0.1289223137816567200, -2.627014461887075200 ) ) ;
#2181 = DIRECTION ( 'NONE',  ( 4.336808689942019700E-016, -2.168404344971009900E-016, 1.000000000000000000 ) ) ;
#2182 = EDGE_CURVE ( 'NONE', #625, #5788, #4942, .T. ) ;
#2183 = ORIENTED_EDGE ( 'NONE', *, *, #4486, .T. ) ;
#2184 = ORIENTED_EDGE ( 'NONE', *, *, #1372, .T. ) ;
#2185 = ADVANCED_FACE ( 'NONE', ( #8182 ), #4623, .F. ) ;
#2186 = LINE ( 'NONE', #3134, #2932 ) ;
#2187 = DIRECTION ( 'NONE',  ( 1.000000000000000000, 0.0000000000000000000, 0.0000000000000000000 ) ) ;
#2188 = DIRECTION ( 'NONE',  ( 8.673617379884039400E-016, -2.168404344971009900E-016, -1.000000000000000000 ) ) ;
#2189 = ADVANCED_FACE ( 'NONE', ( #4515 ), #548, .T. ) ;
#2190 = CARTESIAN_POINT ( 'NONE',  ( 0.0000000000000000000, -1.123578144323986300, -0.005099784264222338000 ) ) ;
#2191 = MECHANICAL_DESIGN_GEOMETRIC_PRESENTATION_REPRESENTATION (  '', ( #3707 ), #5404 ) ;
#2192 = AXIS2_PLACEMENT_3D ( 'NONE', #6224, #4973, #153 ) ;
#2193 = VECTOR ( 'NONE', #8389, 1000.000000000000000 ) ;
#2194 = CARTESIAN_POINT ( 'NONE',  ( -0.4350000000000013900, -0.09419267824826980900, -2.823976012489516600 ) ) ;
#2195 = CARTESIAN_POINT ( 'NONE',  ( 1.704999999999999000, -0.06527036446661323200, -2.818876228225292800 ) ) ;
#2196 = CARTESIAN_POINT ( 'NONE',  ( 2.105000000000000000, 0.1000000000000000100, -1.599999999999999900 ) ) ;
#2197 = AXIS2_PLACEMENT_3D ( 'NONE', #1620, #5045, #8317 ) ;
#2198 =( GEOMETRIC_REPRESENTATION_CONTEXT ( 3 ) GLOBAL_UNCERTAINTY_ASSIGNED_CONTEXT ( ( #1810 ) ) GLOBAL_UNIT_ASSIGNED_CONTEXT ( ( #6138, #2083, #2042 ) ) REPRESENTATION_CONTEXT ( 'NONE', 'WORKASPACE' ) );
#2199 = DIRECTION ( 'NONE',  ( 0.0000000000000000000, 0.0000000000000000000, -1.000000000000000000 ) ) ;
#2200 = CARTESIAN_POINT ( 'NONE',  ( -4.645000000000001400, -0.1349999999999994500, 2.592546190531647400 ) ) ;
#2201 = AXIS2_PLACEMENT_3D ( 'NONE', #6352, #7748, #3021 ) ;
#2202 = CARTESIAN_POINT ( 'NONE',  ( -2.975000000000000100, -0.8885781443239865200, 2.999587534657339700 ) ) ;
#2203 = CARTESIAN_POINT ( 'NONE',  ( -4.645000000000001400, -0.09999999999999925600, -2.592546190531647400 ) ) ;
#2204 = EDGE_LOOP ( 'NONE', ( #6116, #1991, #782, #7145 ) ) ;
#2205 = FACE_OUTER_BOUND ( 'NONE', #4924, .T. ) ;
#2206 = EDGE_CURVE ( 'NONE', #1660, #2022, #4214, .T. ) ;
#2207 = DIRECTION ( 'NONE',  ( 1.000000000000000000, 0.0000000000000000000, 0.0000000000000000000 ) ) ;
#2208 = ORIENTED_EDGE ( 'NONE', *, *, #8448, .F. ) ;
#2209 = EDGE_CURVE ( 'NONE', #1536, #6258, #4419, .T. ) ;
#2210 = ORIENTED_EDGE ( 'NONE', *, *, #7610, .T. ) ;
#2211 = VECTOR ( 'NONE', #3897, 1000.000000000000200 ) ;
#2212 = CARTESIAN_POINT ( 'NONE',  ( -0.8350000000000015200, -0.1349999999999994500, -2.592546190531647400 ) ) ;
#2213 = DIRECTION ( 'NONE',  ( 1.000000000000000000, 0.0000000000000000000, -0.0000000000000000000 ) ) ;
#2214 = CARTESIAN_POINT ( 'NONE',  ( -4.245000000000001000, -1.123578144323987200, -3.555000000000000200 ) ) ;
#2215 = DIRECTION ( 'NONE',  ( -7.718471311135977400E-032, -1.000000000000000000, 2.832769448823989800E-016 ) ) ;
#2216 = EDGE_CURVE ( 'NONE', #7876, #1701, #8494, .T. ) ;
#2217 = DIRECTION ( 'NONE',  ( 0.0000000000000000000, -0.0000000000000000000, -1.000000000000000000 ) ) ;
#2218 = ORIENTED_EDGE ( 'NONE', *, *, #8790, .F. ) ;
#2219 = CIRCLE ( 'NONE', #2321, 0.2350000000000004000 ) ;
#2220 = VECTOR ( 'NONE', #7515, 1000.000000000000000 ) ;
#2221 = CARTESIAN_POINT ( 'NONE',  ( -0.8350000000000015200, -0.1289223137816567200, 2.627014461887075200 ) ) ;
#2222 = VECTOR ( 'NONE', #6344, 1000.000000000000000 ) ;
#2223 = DIRECTION ( 'NONE',  ( 1.000000000000000000, 0.0000000000000000000, 0.0000000000000000000 ) ) ;
#2224 = ORIENTED_EDGE ( 'NONE', *, *, #5034, .F. ) ;
#2225 = EDGE_CURVE ( 'NONE', #3137, #4873, #6378, .T. ) ;
#2226 = ORIENTED_EDGE ( 'NONE', *, *, #118, .T. ) ;
#2227 = CARTESIAN_POINT ( 'NONE',  ( 4.245000000000000100, -0.9235781443239867700, 2.999587534657339700 ) ) ;
#2228 = ADVANCED_FACE ( 'NONE', ( #1068 ), #2680, .F. ) ;
#2229 = ORIENTED_EDGE ( 'NONE', *, *, #8647, .F. ) ;
#2230 = CARTESIAN_POINT ( 'NONE',  ( -4.645000000000001400, -0.9235781443239868800, 2.999587534657338800 ) ) ;
#2231 = LINE ( 'NONE', #2802, #8582 ) ;
#2232 = FACE_OUTER_BOUND ( 'NONE', #2864, .T. ) ;
#2233 = DIRECTION ( 'NONE',  ( -1.000000000000000000, -0.0000000000000000000, -0.0000000000000000000 ) ) ;
#2234 = ORIENTED_EDGE ( 'NONE', *, *, #2837, .F. ) ;
#2235 = FACE_OUTER_BOUND ( 'NONE', #6390, .T. ) ;
#2236 = CARTESIAN_POINT ( 'NONE',  ( -0.4350000000000002800, -0.9235781443239869900, 3.970219047566133900 ) ) ;
#2237 = PRESENTATION_STYLE_ASSIGNMENT (( #1273 ) ) ;
#2238 = EDGE_CURVE ( 'NONE', #448, #7234, #3103, .T. ) ;
#2239 = ORIENTED_EDGE ( 'NONE', *, *, #1424, .T. ) ;
#2240 = VECTOR ( 'NONE', #2848, 1000.000000000000000 ) ;
#2241 = AXIS2_PLACEMENT_3D ( 'NONE', #2461, #7194, #3765 ) ;
#2242 = UNCERTAINTY_MEASURE_WITH_UNIT (LENGTH_MEASURE( 1.000000000000000100E-005 ), #4677, 'distance_accuracy_value', 'NONE');
#2243 = EDGE_CURVE ( 'NONE', #645, #3798, #1280, .T. ) ;
#2244 = CARTESIAN_POINT ( 'NONE',  ( 0.8349999999999998500, -0.8885781443239865200, 2.999587534657339700 ) ) ;
#2245 = ORIENTED_EDGE ( 'NONE', *, *, #4265, .T. ) ;
#2246 = DIRECTION ( 'NONE',  ( 0.0000000000000000000, -0.9848077530122073500, -0.1736481776669340500 ) ) ;
#2247 = EDGE_LOOP ( 'NONE', ( #6831, #357, #8609, #7690 ) ) ;
#2248 = CARTESIAN_POINT ( 'NONE',  ( -3.375000000000001300, -0.8885781443239865200, -2.999587534657339700 ) ) ;
#2249 = VECTOR ( 'NONE', #1902, 1000.000000000000000 ) ;
#2250 = CARTESIAN_POINT ( 'NONE',  ( 1.704999999999999000, -0.1000000000000000100, -1.599999999999999900 ) ) ;
#2251 = DIRECTION ( 'NONE',  ( -0.0000000000000000000, 0.1736481776669340500, 0.9848077530122073500 ) ) ;
#2252 = AXIS2_PLACEMENT_3D ( 'NONE', #3292, #2664, #8021 ) ;
#2253 = ORIENTED_EDGE ( 'NONE', *, *, #7789, .T. ) ;
#2254 = VECTOR ( 'NONE', #2516, 1000.000000000000200 ) ;
#2255 = AXIS2_PLACEMENT_3D ( 'NONE', #6723, #8053, #7957 ) ;
#2256 = DIRECTION ( 'NONE',  ( -1.000000000000000000, 0.0000000000000000000, 0.0000000000000000000 ) ) ;
#2257 = AXIS2_PLACEMENT_3D ( 'NONE', #2106, #71, #188 ) ;
#2258 = CIRCLE ( 'NONE', #8751, 0.03500000000000030900 ) ;
#2259 = CARTESIAN_POINT ( 'NONE',  ( -1.705000000000000300, -0.9235781443239867700, 2.999587534657339700 ) ) ;
#2260 = ORIENTED_EDGE ( 'NONE', *, *, #2238, .F. ) ;
#2261 = LINE ( 'NONE', #2731, #3887 ) ;
#2262 = LINE ( 'NONE', #5165, #3210 ) ;
#2263 = EDGE_LOOP ( 'NONE', ( #2343, #790, #5384, #6109 ) ) ;
#2264 = CARTESIAN_POINT ( 'NONE',  ( 1.704999999999999000, -0.1000000000000000100, 1.599999999999999900 ) ) ;
#2265 = VERTEX_POINT ( 'NONE', #7381 ) ;
#2266 = PLANE ( 'NONE',  #2090 ) ;
#2267 = EDGE_CURVE ( 'NONE', #5026, #347, #4726, .T. ) ;
#2268 = DIRECTION ( 'NONE',  ( -1.000000000000000000, -0.0000000000000000000, 0.0000000000000000000 ) ) ;
#2269 = ORIENTED_EDGE ( 'NONE', *, *, #7203, .F. ) ;
#2270 = EDGE_CURVE ( 'NONE', #4125, #7409, #6897, .T. ) ;
#2271 = VECTOR ( 'NONE', #262, 1000.000000000000000 ) ;
#2272 = ORIENTED_EDGE ( 'NONE', *, *, #195, .T. ) ;
#2273 = VERTEX_POINT ( 'NONE', #3385 ) ;
#2274 = ORIENTED_EDGE ( 'NONE', *, *, #2340, .F. ) ;
#2275 = VECTOR ( 'NONE', #7224, 1000.000000000000000 ) ;
#2276 = VECTOR ( 'NONE', #6510, 1000.000000000000200 ) ;
#2277 = DIRECTION ( 'NONE',  ( 1.000000000000000000, 0.0000000000000000000, -0.0000000000000000000 ) ) ;
#2278 = CARTESIAN_POINT ( 'NONE',  ( -2.105000000000001300, -0.8946558305423292200, 2.965119263301912300 ) ) ;
#2279 = ADVANCED_FACE ( 'NONE', ( #6269 ), #2030, .T. ) ;
#2280 = CARTESIAN_POINT ( 'NONE',  ( -4.245000000000000100, -1.123578144323986900, 3.555000000000000200 ) ) ;
#2281 = DIRECTION ( 'NONE',  ( 0.0000000000000000000, 0.9848077530122073500, -0.1736481776669340500 ) ) ;
#2282 = CARTESIAN_POINT ( 'NONE',  ( 0.8349999999999998500, 0.1000000000000000100, -1.599999999999999900 ) ) ;
#2283 = VECTOR ( 'NONE', #6635, 1000.000000000000000 ) ;
#2284 = ADVANCED_FACE ( 'NONE', ( #964 ), #6819, .T. ) ;
#2285 = ORIENTED_EDGE ( 'NONE', *, *, #7591, .T. ) ;
#2286 = VERTEX_POINT ( 'NONE', #1390 ) ;
#2287 = LINE ( 'NONE', #2227, #2171 ) ;
#2288 = VECTOR ( 'NONE', #351, 1000.000000000000000 ) ;
#2289 = CARTESIAN_POINT ( 'NONE',  ( -0.8350000000000016300, -0.9235781443239868800, -3.555000000000000200 ) ) ;
#2290 = CARTESIAN_POINT ( 'NONE',  ( 0.4349999999999987800, -0.1000000000000000100, -1.599999999999999900 ) ) ;
#2291 = EDGE_CURVE ( 'NONE', #7204, #7147, #854, .T. ) ;
#2292 = CARTESIAN_POINT ( 'NONE',  ( 2.974999999999998300, -0.09419267824826987900, -2.823976012489516600 ) ) ;
#2293 = VERTEX_POINT ( 'NONE', #8068 ) ;
#2294 = CARTESIAN_POINT ( 'NONE',  ( -0.8350000000000015200, -0.1000000000000000100, -1.599999999999999900 ) ) ;
#2295 = ORIENTED_EDGE ( 'NONE', *, *, #1936, .T. ) ;
#2296 = CARTESIAN_POINT ( 'NONE',  ( -0.8350000000000015200, -1.123578144323986900, 2.999587534657339700 ) ) ;
#2297 = ORIENTED_EDGE ( 'NONE', *, *, #1655, .T. ) ;
#2298 = FACE_OUTER_BOUND ( 'NONE', #3855, .T. ) ;
#2299 = ADVANCED_FACE ( 'NONE', ( #3320 ), #8178, .F. ) ;
#2300 = CARTESIAN_POINT ( 'NONE',  ( 0.0000000000000000000, -0.9293854660757164800, 2.768157712699470100 ) ) ;
#2301 = EDGE_CURVE ( 'NONE', #4, #5475, #1610, .T. ) ;
#2302 = LINE ( 'NONE', #2994, #4881 ) ;
#2303 = CARTESIAN_POINT ( 'NONE',  ( -2.974999999999999600, -0.9235781443239869900, 3.970219047566133900 ) ) ;
#2304 = LINE ( 'NONE', #5933, #5612 ) ;
#2305 = AXIS2_PLACEMENT_3D ( 'NONE', #6539, #2493, #8580 ) ;
#2306 = AXIS2_PLACEMENT_3D ( 'NONE', #5816, #1859, #7274 ) ;
#2307 = PLANE ( 'NONE',  #198 ) ;
#2308 =( GEOMETRIC_REPRESENTATION_CONTEXT ( 3 ) GLOBAL_UNCERTAINTY_ASSIGNED_CONTEXT ( ( #3576 ) ) GLOBAL_UNIT_ASSIGNED_CONTEXT ( ( #8622, #3866, #5205 ) ) REPRESENTATION_CONTEXT ( 'NONE', 'WORKASPACE' ) );
#2309 = ORIENTED_EDGE ( 'NONE', *, *, #7132, .F. ) ;
#2310 = CARTESIAN_POINT ( 'NONE',  ( -3.375000000000001300, -0.8885781443239865200, -2.999587534657339700 ) ) ;
#2311 = CIRCLE ( 'NONE', #4736, 0.2350000000000004000 ) ;
#2312 = CARTESIAN_POINT ( 'NONE',  ( 4.645000000000001400, -0.9293854660757164800, -2.768157712699470100 ) ) ;
#2313 = EDGE_CURVE ( 'NONE', #3216, #1366, #328, .T. ) ;
#2314 = ORIENTED_EDGE ( 'NONE', *, *, #7258, .F. ) ;
#2315 = VERTEX_POINT ( 'NONE', #5549 ) ;
#2316 = AXIS2_PLACEMENT_3D ( 'NONE', #3803, #1058, #7284 ) ;
#2317 = CARTESIAN_POINT ( 'NONE',  ( -0.8350000000000015200, -0.9293854660757160400, -2.768157712699471000 ) ) ;
#2318 = ADVANCED_FACE ( 'NONE', ( #5462 ), #624, .F. ) ;
#2319 = CIRCLE ( 'NONE', #3105, 0.03500000000000030900 ) ;
#2320 = DIRECTION ( 'NONE',  ( -1.000000000000000000, -0.0000000000000000000, 0.0000000000000000000 ) ) ;
#2321 = AXIS2_PLACEMENT_3D ( 'NONE', #4368, #4335, #5121 ) ;
#2322 = DIRECTION ( 'NONE',  ( 1.929617827783994400E-032, -1.000000000000000000, 2.832769448823989800E-016 ) ) ;
#2323 = CARTESIAN_POINT ( 'NONE',  ( 0.0000000000000000000, 0.5148177190201993500, 2.716591047919102200 ) ) ;
#2324 = PLANE ( 'NONE',  #5582 ) ;
#2325 = ORIENTED_EDGE ( 'NONE', *, *, #5047, .T. ) ;
#2326 = VECTOR ( 'NONE', #1464, 1000.000000000000000 ) ;
#2327 = FACE_OUTER_BOUND ( 'NONE', #2507, .T. ) ;
#2328 = DIRECTION ( 'NONE',  ( -1.000000000000000000, -0.0000000000000000000, -0.0000000000000000000 ) ) ;
#2329 = DIRECTION ( 'NONE',  ( 0.0000000000000000000, 0.0000000000000000000, -1.000000000000000000 ) ) ;
#2330 = DIRECTION ( 'NONE',  ( 1.000000000000000000, -0.0000000000000000000, -0.0000000000000000000 ) ) ;
#2331 = DIRECTION ( 'NONE',  ( -0.0000000000000000000, -0.0000000000000000000, 1.000000000000000000 ) ) ;
#2332 = CARTESIAN_POINT ( 'NONE',  ( -4.245000000000001000, -0.9235781443239867700, -2.999587534657339700 ) ) ;
#2333 = ORIENTED_EDGE ( 'NONE', *, *, #3966, .F. ) ;
#2334 = EDGE_CURVE ( 'NONE', #665, #4852, #540, .T. ) ;
#2335 = ORIENTED_EDGE ( 'NONE', *, *, #6875, .T. ) ;
#2336 = LINE ( 'NONE', #1117, #2870 ) ;
#2337 = LINE ( 'NONE', #307, #4812 ) ;
#2338 = LINE ( 'NONE', #2561, #425 ) ;
#2339 = EDGE_LOOP ( 'NONE', ( #6287, #4092, #3583, #3775 ) ) ;
#2340 = EDGE_CURVE ( 'NONE', #5868, #4755, #8603, .T. ) ;
#2341 = DIRECTION ( 'NONE',  ( 1.000000000000000000, 0.0000000000000000000, 0.0000000000000000000 ) ) ;
#2342 = CARTESIAN_POINT ( 'NONE',  ( 4.245000000000000100, -0.09999999999999925600, 2.592546190531647400 ) ) ;
#2343 = ORIENTED_EDGE ( 'NONE', *, *, #321, .F. ) ;
#2344 = CYLINDRICAL_SURFACE ( 'NONE', #6218, 0.03500000000000030900 ) ;
#2345 = ORIENTED_EDGE ( 'NONE', *, *, #3382, .F. ) ;
#2346 = EDGE_CURVE ( 'NONE', #239, #3225, #5254, .T. ) ;
#2347 = ORIENTED_EDGE ( 'NONE', *, *, #863, .F. ) ;
#2348 = CARTESIAN_POINT ( 'NONE',  ( -3.375000000000001800, -1.123578144323987200, -3.555000000000000200 ) ) ;
#2349 = CARTESIAN_POINT ( 'NONE',  ( 4.645000000000001400, 0.1000000000000007500, -2.592546190531647400 ) ) ;
#2350 = CARTESIAN_POINT ( 'NONE',  ( -0.8350000000000015200, -0.8885781443239865200, -2.999587534657339700 ) ) ;
#2351 = FACE_OUTER_BOUND ( 'NONE', #3390, .T. ) ;
#2352 = DIRECTION ( 'NONE',  ( 7.259116125419664700E-033, -1.000000000000000000, -1.608122649676636600E-016 ) ) ;
#2353 = ORIENTED_EDGE ( 'NONE', *, *, #1243, .F. ) ;
#2354 = ORIENTED_EDGE ( 'NONE', *, *, #7227, .F. ) ;
#2355 = EDGE_CURVE ( 'NONE', #5379, #2063, #5658, .T. ) ;
#2356 = AXIS2_PLACEMENT_3D ( 'NONE', #2407, #7004, #5795 ) ;
#2357 = DIRECTION ( 'NONE',  ( 0.0000000000000000000, -0.9848077530122073500, 0.1736481776669340500 ) ) ;
#2358 = ADVANCED_FACE ( 'NONE', ( #6798 ), #2774, .F. ) ;
#2359 = AXIS2_PLACEMENT_3D ( 'NONE', #1651, #284, #4424 ) ;
#2360 = DIRECTION ( 'NONE',  ( 0.0000000000000000000, 1.000000000000000000, 0.0000000000000000000 ) ) ;
#2361 = VECTOR ( 'NONE', #6612, 1000.000000000000200 ) ;
#2362 = DIRECTION ( 'NONE',  ( 0.0000000000000000000, 1.000000000000000000, 0.0000000000000000000 ) ) ;
#2363 = ORIENTED_EDGE ( 'NONE', *, *, #8340, .F. ) ;
#2364 = ADVANCED_FACE ( 'NONE', ( #2560 ), #6203, .T. ) ;
#2365 = ORIENTED_EDGE ( 'NONE', *, *, #3136, .T. ) ;
#2366 = LINE ( 'NONE', #4568, #553 ) ;
#2367 = ORIENTED_EDGE ( 'NONE', *, *, #4003, .F. ) ;
#2368 = ORIENTED_EDGE ( 'NONE', *, *, #5561, .T. ) ;
#2369 = DIRECTION ( 'NONE',  ( 0.0000000000000000000, 0.1736481776669342400, 0.9848077530122073500 ) ) ;
#2370 =( GEOMETRIC_REPRESENTATION_CONTEXT ( 3 ) GLOBAL_UNCERTAINTY_ASSIGNED_CONTEXT ( ( #8374 ) ) GLOBAL_UNIT_ASSIGNED_CONTEXT ( ( #5413, #2769, #1998 ) ) REPRESENTATION_CONTEXT ( 'NONE', 'WORKASPACE' ) );
#2371 = AXIS2_PLACEMENT_3D ( 'NONE', #6070, #4788, #2028 ) ;
#2372 = ORIENTED_EDGE ( 'NONE', *, *, #8305, .T. ) ;
#2373 = FACE_OUTER_BOUND ( 'NONE', #6117, .T. ) ;
#2374 = CIRCLE ( 'NONE', #417, 0.2350000000000004000 ) ;
#2375 = ORIENTED_EDGE ( 'NONE', *, *, #1184, .T. ) ;
#2376 = DIRECTION ( 'NONE',  ( 0.0000000000000000000, -0.1736481776669340800, 0.9848077530122074700 ) ) ;
#2377 = DIRECTION ( 'NONE',  ( 4.336808689942019700E-016, 0.0000000000000000000, 1.000000000000000000 ) ) ;
#2378 = EDGE_LOOP ( 'NONE', ( #8003, #2383, #3087, #4952 ) ) ;
#2379 = FACE_OUTER_BOUND ( 'NONE', #2683, .T. ) ;
#2380 = DIRECTION ( 'NONE',  ( 0.0000000000000000000, 1.000000000000000000, -2.168404344971009900E-016 ) ) ;
#2381 = VERTEX_POINT ( 'NONE', #2919 ) ;
#2382 = ORIENTED_EDGE ( 'NONE', *, *, #3660, .F. ) ;
#2383 = ORIENTED_EDGE ( 'NONE', *, *, #2436, .T. ) ;
#2384 = DIRECTION ( 'NONE',  ( 0.0000000000000000000, 0.0000000000000000000, -1.000000000000000000 ) ) ;
#2385 = CIRCLE ( 'NONE', #6789, 0.2350000000000004000 ) ;
#2386 = VECTOR ( 'NONE', #8696, 1000.000000000000200 ) ;
#2387 = DIRECTION ( 'NONE',  ( -1.000000000000000000, 0.0000000000000000000, 0.0000000000000000000 ) ) ;
#2388 = ORIENTED_EDGE ( 'NONE', *, *, #3733, .T. ) ;
#2389 = EDGE_CURVE ( 'NONE', #4247, #7147, #1924, .T. ) ;
#2390 = EDGE_LOOP ( 'NONE', ( #489, #6053, #8423, #939 ) ) ;
#2391 = EDGE_LOOP ( 'NONE', ( #3195, #472, #990, #5678 ) ) ;
#2392 = CARTESIAN_POINT ( 'NONE',  ( 0.0000000000000000000, -0.9293854660757164800, 2.768157712699470100 ) ) ;
#2393 = ORIENTED_EDGE ( 'NONE', *, *, #7285, .T. ) ;
#2394 = ORIENTED_EDGE ( 'NONE', *, *, #603, .T. ) ;
#2395 = LINE ( 'NONE', #3403, #2822 ) ;
#2396 = DIRECTION ( 'NONE',  ( 1.000000000000000000, 0.0000000000000000000, -0.0000000000000000000 ) ) ;
#2397 = DIRECTION ( 'NONE',  ( -0.0000000000000000000, 0.0000000000000000000, 1.000000000000000000 ) ) ;
#2398 = ORIENTED_EDGE ( 'NONE', *, *, #6115, .T. ) ;
#2399 = CARTESIAN_POINT ( 'NONE',  ( -4.245000000000000100, -0.1000000000000000100, -1.599999999999999900 ) ) ;
#2400 = EDGE_CURVE ( 'NONE', #1747, #5975, #8385, .T. ) ;
#2401 = DIRECTION ( 'NONE',  ( 1.000000000000000000, 0.0000000000000000000, 0.0000000000000000000 ) ) ;
#2402 = ORIENTED_EDGE ( 'NONE', *, *, #5202, .T. ) ;
#2403 = CARTESIAN_POINT ( 'NONE',  ( -3.375000000000001300, -0.1000000000000000100, -1.599999999999999900 ) ) ;
#2404 = ORIENTED_EDGE ( 'NONE', *, *, #8046, .T. ) ;
#2405 = VECTOR ( 'NONE', #3722, 1000.000000000000200 ) ;
#2406 = EDGE_CURVE ( 'NONE', #1035, #6760, #3876, .T. ) ;
#2407 = CARTESIAN_POINT ( 'NONE',  ( 1.704999999999999000, -0.1349999999999994500, -2.592546190531647400 ) ) ;
#2408 = DIRECTION ( 'NONE',  ( 0.0000000000000000000, -0.9848077530122073500, -0.1736481776669340500 ) ) ;
#2409 = ADVANCED_FACE ( 'NONE', ( #5556 ), #7554, .F. ) ;
#2410 = DIRECTION ( 'NONE',  ( 0.0000000000000000000, -0.1736481776669340800, 0.9848077530122074700 ) ) ;
#2411 = FACE_OUTER_BOUND ( 'NONE', #1523, .T. ) ;
#2412 = DIRECTION ( 'NONE',  ( 0.0000000000000000000, 9.227252531791510400E-016, 1.000000000000000000 ) ) ;
#2413 = DIRECTION ( 'NONE',  ( -1.000000000000000000, 0.0000000000000000000, 0.0000000000000000000 ) ) ;
#2414 = EDGE_CURVE ( 'NONE', #3026, #2265, #7752, .T. ) ;
#2415 = CARTESIAN_POINT ( 'NONE',  ( -0.4350000000000014400, -0.9235781443239867700, -2.999587534657339700 ) ) ;
#2416 = AXIS2_PLACEMENT_3D ( 'NONE', #8114, #6023, #8747 ) ;
#2417 = CARTESIAN_POINT ( 'NONE',  ( -2.975000000000000100, -1.123578144323986900, 2.999587534657339700 ) ) ;
#2418 = CARTESIAN_POINT ( 'NONE',  ( 3.374999999999998700, -0.09999999999999925600, -2.592546190531647400 ) ) ;
#2419 = EDGE_CURVE ( 'NONE', #3907, #2381, #1385, .T. ) ;
#2420 = VERTEX_POINT ( 'NONE', #6319 ) ;
#2421 = FACE_OUTER_BOUND ( 'NONE', #8499, .T. ) ;
#2422 = DIRECTION ( 'NONE',  ( 1.000000000000000000, 4.212971753347078400E-032, -2.168404344971009900E-016 ) ) ;
#2423 = DIRECTION ( 'NONE',  ( -1.000000000000000000, -0.0000000000000000000, -0.0000000000000000000 ) ) ;
#2424 = CARTESIAN_POINT ( 'NONE',  ( 0.4349999999999987800, -0.1349999999999994500, -2.592546190531647400 ) ) ;
#2425 = CARTESIAN_POINT ( 'NONE',  ( -0.4350000000000005000, -0.9235781443239867700, 2.999587534657339700 ) ) ;
#2426 = VECTOR ( 'NONE', #7961, 1000.000000000000200 ) ;
#2427 = CARTESIAN_POINT ( 'NONE',  ( -4.245000000000000100, -0.8885781443239866300, 2.999587534657338800 ) ) ;
#2428 = AXIS2_PLACEMENT_3D ( 'NONE', #2639, #1442, #1868 ) ;
#2429 = ORIENTED_EDGE ( 'NONE', *, *, #7108, .F. ) ;
#2430 = CARTESIAN_POINT ( 'NONE',  ( -0.8350000000000015200, -0.8885781443239865200, 2.999587534657339700 ) ) ;
#2431 = EDGE_LOOP ( 'NONE', ( #2667, #3838, #4209, #1751 ) ) ;
#2432 = VECTOR ( 'NONE', #5919, 1000.000000000000200 ) ;
#2433 = DIRECTION ( 'NONE',  ( -1.000000000000000000, 0.0000000000000000000, 0.0000000000000000000 ) ) ;
#2434 = CARTESIAN_POINT ( 'NONE',  ( 1.704999999999999000, -0.1000000000000000100, -1.599999999999999900 ) ) ;
#2435 = EDGE_CURVE ( 'NONE', #4319, #4146, #1601, .T. ) ;
#2436 = EDGE_CURVE ( 'NONE', #2315, #4792, #644, .T. ) ;
#2437 = DIRECTION ( 'NONE',  ( -0.0000000000000000000, -0.9848077530122073500, -0.1736481776669340500 ) ) ;
#2438 = VERTEX_POINT ( 'NONE', #763 ) ;
#2439 = DIRECTION ( 'NONE',  ( 0.0000000000000000000, 0.1736481776669342400, -0.9848077530122073500 ) ) ;
#2440 = VECTOR ( 'NONE', #4118, 1000.000000000000200 ) ;
#2441 = LINE ( 'NONE', #593, #7519 ) ;
#2442 = AXIS2_PLACEMENT_3D ( 'NONE', #3094, #1141, #7168 ) ;
#2443 = EDGE_LOOP ( 'NONE', ( #7299, #5983, #6410, #1645 ) ) ;
#2444 = LINE ( 'NONE', #1391, #1471 ) ;
#2445 = EDGE_LOOP ( 'NONE', ( #619, #8356, #5971, #5313 ) ) ;
#2446 = CARTESIAN_POINT ( 'NONE',  ( 2.974999999999998300, -0.1000000000000000100, 1.599999999999999900 ) ) ;
#2447 = ORIENTED_EDGE ( 'NONE', *, *, #3160, .T. ) ;
#2448 = FACE_OUTER_BOUND ( 'NONE', #2247, .T. ) ;
#2449 = ADVANCED_FACE ( 'NONE', ( #2351 ), #5655, .T. ) ;
#2450 = ORIENTED_EDGE ( 'NONE', *, *, #3382, .T. ) ;
#2451 = VECTOR ( 'NONE', #5904, 1000.000000000000000 ) ;
#2452 = PLANE ( 'NONE',  #1606 ) ;
#2453 = VERTEX_POINT ( 'NONE', #7107 ) ;
#2454 = LINE ( 'NONE', #2032, #8063 ) ;
#2455 = EDGE_CURVE ( 'NONE', #1401, #5367, #217, .T. ) ;
#2456 =( LENGTH_UNIT ( ) NAMED_UNIT ( * ) SI_UNIT ( .MILLI., .METRE. ) );
#2457 = LINE ( 'NONE', #5518, #4301 ) ;
#2458 = CARTESIAN_POINT ( 'NONE',  ( 2.104999999999999100, -0.1349999999999994500, -2.592546190531647400 ) ) ;
#2459 = DIRECTION ( 'NONE',  ( 4.336808689942019700E-016, 2.168404344971009900E-016, 1.000000000000000000 ) ) ;
#2460 = VECTOR ( 'NONE', #8288, 1000.000000000000000 ) ;
#2461 = CARTESIAN_POINT ( 'NONE',  ( 0.0000000000000000000, -0.9235781443239861100, 0.005099784264222377100 ) ) ;
#2462 = EDGE_CURVE ( 'NONE', #3205, #7782, #4825, .T. ) ;
#2463 = CARTESIAN_POINT ( 'NONE',  ( -0.4350000000000014400, -0.8946558305423292200, -2.965119263301912300 ) ) ;
#2464 = ORIENTED_EDGE ( 'NONE', *, *, #6815, .T. ) ;
#2465 = VECTOR ( 'NONE', #3706, 1000.000000000000000 ) ;
#2466 = DIRECTION ( 'NONE',  ( 0.0000000000000000000, 1.000000000000000000, 0.0000000000000000000 ) ) ;
#2467 = CARTESIAN_POINT ( 'NONE',  ( 0.8349999999999998500, -0.09419267824826987900, 2.823976012489516600 ) ) ;
#2468 = CARTESIAN_POINT ( 'NONE',  ( -0.8350000000000015200, -0.8946558305423296700, 2.965119263301910100 ) ) ;
#2469 = LINE ( 'NONE', #6683, #7339 ) ;
#2470 = ORIENTED_EDGE ( 'NONE', *, *, #7130, .T. ) ;
#2471 = VERTEX_POINT ( 'NONE', #3010 ) ;
#2472 = ADVANCED_FACE ( 'NONE', ( #7649 ), #8697, .T. ) ;
#2473 = AXIS2_PLACEMENT_3D ( 'NONE', #5581, #6251, #4292 ) ;
#2474 = FACE_OUTER_BOUND ( 'NONE', #7189, .T. ) ;
#2475 = DIRECTION ( 'NONE',  ( 1.000000000000000000, -0.0000000000000000000, -0.0000000000000000000 ) ) ;
#2476 = LINE ( 'NONE', #1412, #7651 ) ;
#2477 = ORIENTED_EDGE ( 'NONE', *, *, #5289, .T. ) ;
#2478 = ORIENTED_EDGE ( 'NONE', *, *, #166, .T. ) ;
#2479 = CARTESIAN_POINT ( 'NONE',  ( -4.245000000000000100, -1.123578144323986900, 3.970219047566133900 ) ) ;
#2480 = VECTOR ( 'NONE', #1679, 1000.000000000000000 ) ;
#2481 = VERTEX_POINT ( 'NONE', #5136 ) ;
#2482 = LINE ( 'NONE', #5097, #2908 ) ;
#2483 = DIRECTION ( 'NONE',  ( 0.0000000000000000000, 2.168404344971009900E-016, -1.000000000000000000 ) ) ;
#2484 = ORIENTED_EDGE ( 'NONE', *, *, #2455, .F. ) ;
#2485 = PRESENTATION_STYLE_ASSIGNMENT (( #671 ) ) ;
#2486 = LINE ( 'NONE', #1946, #6818 ) ;
#2487 = ORIENTED_EDGE ( 'NONE', *, *, #8681, .F. ) ;
#2488 = EDGE_CURVE ( 'NONE', #8630, #2063, #2997, .T. ) ;
#2489 = DIRECTION ( 'NONE',  ( -0.1710878697460323200, -0.9702875252478150300, 0.1710878697460323200 ) ) ;
#2490 = CARTESIAN_POINT ( 'NONE',  ( 3.374999999999998700, -0.8885781443239865200, -2.999587534657339700 ) ) ;
#2491 = DIRECTION ( 'NONE',  ( 0.0000000000000000000, -1.000000000000000000, 0.0000000000000000000 ) ) ;
#2492 = VECTOR ( 'NONE', #2049, 1000.000000000000000 ) ;
#2493 = DIRECTION ( 'NONE',  ( -1.000000000000000000, -0.0000000000000000000, 0.0000000000000000000 ) ) ;
#2494 = ORIENTED_EDGE ( 'NONE', *, *, #1416, .T. ) ;
#2495 = DIRECTION ( 'NONE',  ( -2.168404344971009900E-016, 0.0000000000000000000, -1.000000000000000000 ) ) ;
#2496 = ORIENTED_EDGE ( 'NONE', *, *, #7493, .T. ) ;
#2497 = ORIENTED_EDGE ( 'NONE', *, *, #3364, .F. ) ;
#2498 = ADVANCED_FACE ( 'NONE', ( #7223 ), #7048, .T. ) ;
#2499 = AXIS2_PLACEMENT_3D ( 'NONE', #643, #1295, #5429 ) ;
#2500 = CIRCLE ( 'NONE', #6284, 0.2350000000000004000 ) ;
#2501 = CARTESIAN_POINT ( 'NONE',  ( -0.8350000000000015200, -0.8885781443239865200, -2.999587534657339700 ) ) ;
#2502 = ORIENTED_EDGE ( 'NONE', *, *, #4938, .F. ) ;
#2503 = CARTESIAN_POINT ( 'NONE',  ( -2.105000000000001300, -0.9235781443239867700, -2.999587534657339700 ) ) ;
#2504 = CARTESIAN_POINT ( 'NONE',  ( -1.705000000000000300, 0.1000000000000000100, 2.825000000000000200 ) ) ;
#2505 = ORIENTED_EDGE ( 'NONE', *, *, #3829, .T. ) ;
#2506 = VECTOR ( 'NONE', #2268, 1000.000000000000000 ) ;
#2507 = EDGE_LOOP ( 'NONE', ( #8561, #5740, #2581, #5037 ) ) ;
#2508 = CARTESIAN_POINT ( 'NONE',  ( -4.645000000000001400, -1.123578144323986700, 0.005099784264222435200 ) ) ;
#2509 = EDGE_CURVE ( 'NONE', #7549, #6678, #3202, .T. ) ;
#2510 = DIRECTION ( 'NONE',  ( 0.0000000000000000000, 0.0000000000000000000, -1.000000000000000000 ) ) ;
#2511 = DIRECTION ( 'NONE',  ( 0.0000000000000000000, -1.000000000000000000, -1.608122649676636600E-016 ) ) ;
#2512 = DIRECTION ( 'NONE',  ( -0.9848077530122086900, 0.1736481776669270600, 0.0000000000000000000 ) ) ;
#2513 = ORIENTED_EDGE ( 'NONE', *, *, #3061, .F. ) ;
#2514 = VECTOR ( 'NONE', #3843, 1000.000000000000100 ) ;
#2515 = EDGE_CURVE ( 'NONE', #4439, #5061, #5356, .T. ) ;
#2516 = DIRECTION ( 'NONE',  ( 0.0000000000000000000, 0.9848077530122073500, -0.1736481776669340500 ) ) ;
#2517 = CARTESIAN_POINT ( 'NONE',  ( -0.4350000000000013900, -1.123578144323986900, -2.999587534657339700 ) ) ;
#2518 = CARTESIAN_POINT ( 'NONE',  ( 4.245000000000001000, -0.8885781443239865200, -2.999587534657339700 ) ) ;
#2519 = ORIENTED_EDGE ( 'NONE', *, *, #176, .T. ) ;
#2520 = EDGE_CURVE ( 'NONE', #2811, #8593, #3977, .T. ) ;
#2521 = LINE ( 'NONE', #212, #164 ) ;
#2522 = CARTESIAN_POINT ( 'NONE',  ( 0.4349999999999987800, -0.8946558305423296700, 2.965119263301910100 ) ) ;
#2523 = CARTESIAN_POINT ( 'NONE',  ( -2.975000000000001000, -0.09999999999999925600, -2.592546190531647400 ) ) ;
#2524 = VERTEX_POINT ( 'NONE', #6403 ) ;
#2525 = FACE_OUTER_BOUND ( 'NONE', #3476, .T. ) ;
#2526 = EDGE_CURVE ( 'NONE', #3267, #5710, #4100, .T. ) ;
#2527 = CARTESIAN_POINT ( 'NONE',  ( 1.704999999999999000, 0.4800880834868125900, 2.519629497316660900 ) ) ;
#2528 = AXIS2_PLACEMENT_3D ( 'NONE', #426, #7176, #3142 ) ;
#2529 = DIRECTION ( 'NONE',  ( -1.000000000000000000, -0.0000000000000000000, -0.0000000000000000000 ) ) ;
#2530 = DIRECTION ( 'NONE',  ( 0.0000000000000000000, 0.0000000000000000000, -1.000000000000000000 ) ) ;
#2531 =( GEOMETRIC_REPRESENTATION_CONTEXT ( 3 ) GLOBAL_UNCERTAINTY_ASSIGNED_CONTEXT ( ( #2622 ) ) GLOBAL_UNIT_ASSIGNED_CONTEXT ( ( #1434, #4796, #6155 ) ) REPRESENTATION_CONTEXT ( 'NONE', 'WORKASPACE' ) );
#2532 = EDGE_LOOP ( 'NONE', ( #3187, #6467, #2372, #1922 ) ) ;
#2533 = DIRECTION ( 'NONE',  ( -1.000000000000000000, 0.0000000000000000000, 0.0000000000000000000 ) ) ;
#2534 = LINE ( 'NONE', #6166, #7721 ) ;
#2535 = PLANE ( 'NONE',  #1333 ) ;
#2536 = ADVANCED_FACE ( 'NONE', ( #7865 ), #7679, .T. ) ;
#2537 = ADVANCED_FACE ( 'NONE', ( #5866 ), #3689, .T. ) ;
#2538 = EDGE_LOOP ( 'NONE', ( #2335, #858, #4235, #3125 ) ) ;
#2539 = AXIS2_PLACEMENT_3D ( 'NONE', #1447, #6892, #3624 ) ;
#2540 = CYLINDRICAL_SURFACE ( 'NONE', #4729, 0.2350000000000002400 ) ;
#2541 = CARTESIAN_POINT ( 'NONE',  ( 4.245000000000000100, -1.123578144323986300, 0.005099784264222338000 ) ) ;
#2542 = ORIENTED_EDGE ( 'NONE', *, *, #6684, .T. ) ;
#2543 = VECTOR ( 'NONE', #3720, 1000.000000000000000 ) ;
#2544 = VERTEX_POINT ( 'NONE', #324 ) ;
#2545 = AXIS2_PLACEMENT_3D ( 'NONE', #7159, #5845, #8491 ) ;
#2546 = DIRECTION ( 'NONE',  ( 0.0000000000000000000, -0.1736481776669339900, -0.9848077530122073500 ) ) ;
#2547 = ORIENTED_EDGE ( 'NONE', *, *, #1473, .F. ) ;
#2548 = DIRECTION ( 'NONE',  ( 1.000000000000000000, 1.685188701338831400E-031, 8.673617379884039400E-016 ) ) ;
#2549 = ORIENTED_EDGE ( 'NONE', *, *, #7534, .F. ) ;
#2550 = VECTOR ( 'NONE', #7080, 1000.000000000000000 ) ;
#2551 = VECTOR ( 'NONE', #4046, 1000.000000000000000 ) ;
#2552 = DIRECTION ( 'NONE',  ( 0.0000000000000000000, 0.0000000000000000000, 1.000000000000000000 ) ) ;
#2553 = CIRCLE ( 'NONE', #1520, 0.03500000000000030900 ) ;
#2554 = EDGE_CURVE ( 'NONE', #1927, #821, #6168, .T. ) ;
#2555 = ORIENTED_EDGE ( 'NONE', *, *, #4577, .T. ) ;
#2556 = CIRCLE ( 'NONE', #2356, 0.2350000000000004000 ) ;
#2557 = ORIENTED_EDGE ( 'NONE', *, *, #8402, .F. ) ;
#2558 = ADVANCED_FACE ( 'NONE', ( #3537 ), #4645, .F. ) ;
#2559 = DIRECTION ( 'NONE',  ( -4.336808689942019700E-016, 2.168404344971009900E-016, -1.000000000000000000 ) ) ;
#2560 = FACE_OUTER_BOUND ( 'NONE', #330, .T. ) ;
#2561 = CARTESIAN_POINT ( 'NONE',  ( -3.375000000000000000, -1.123578144323986300, -0.005099784264220874800 ) ) ;
#2562 = VERTEX_POINT ( 'NONE', #2640 ) ;
#2563 = ORIENTED_EDGE ( 'NONE', *, *, #3251, .T. ) ;
#2564 = EDGE_CURVE ( 'NONE', #152, #8259, #6372, .T. ) ;
#2565 =( NAMED_UNIT ( * ) PLANE_ANGLE_UNIT ( ) SI_UNIT ( $, .RADIAN. ) );
#2566 = DIRECTION ( 'NONE',  ( 0.0000000000000000000, 0.1736481776669342400, -0.9848077530122073500 ) ) ;
#2567 = CARTESIAN_POINT ( 'NONE',  ( -3.375000000000001300, 0.1000000000000007500, 2.592546190531647400 ) ) ;
#2568 = ORIENTED_EDGE ( 'NONE', *, *, #3388, .T. ) ;
#2569 = VERTEX_POINT ( 'NONE', #5172 ) ;
#2570 = DIRECTION ( 'NONE',  ( 0.0000000000000000000, 0.0000000000000000000, 1.000000000000000000 ) ) ;
#2571 = LINE ( 'NONE', #1618, #5662 ) ;
#2572 = VERTEX_POINT ( 'NONE', #8502 ) ;
#2573 = ORIENTED_EDGE ( 'NONE', *, *, #4892, .T. ) ;
#2574 = EDGE_CURVE ( 'NONE', #2593, #1754, #7533, .T. ) ;
#2575 = ORIENTED_EDGE ( 'NONE', *, *, #511, .F. ) ;
#2576 = ORIENTED_EDGE ( 'NONE', *, *, #4475, .T. ) ;
#2577 = EDGE_CURVE ( 'NONE', #4341, #2438, #438, .T. ) ;
#2578 = VECTOR ( 'NONE', #2934, 1000.000000000000200 ) ;
#2579 = CARTESIAN_POINT ( 'NONE',  ( -0.4350000000000005000, -0.1289223137816567200, 2.627014461887075200 ) ) ;
#2580 = ADVANCED_FACE ( 'NONE', ( #1160 ), #3805, .F. ) ;
#2581 = ORIENTED_EDGE ( 'NONE', *, *, #6706, .T. ) ;
#2582 = DIRECTION ( 'NONE',  ( 1.263891526004123500E-031, -1.000000000000000000, 0.0000000000000000000 ) ) ;
#2583 = LINE ( 'NONE', #388, #8623 ) ;
#2584 = VECTOR ( 'NONE', #3196, 1000.000000000000000 ) ;
#2585 = CARTESIAN_POINT ( 'NONE',  ( -4.645000000000001400, -0.9235781443239867700, -2.999587534657339700 ) ) ;
#2586 = DIRECTION ( 'NONE',  ( 0.0000000000000000000, -1.000000000000000000, 0.0000000000000000000 ) ) ;
#2587 = CARTESIAN_POINT ( 'NONE',  ( 3.374999999999998700, 0.1000000000000000100, -2.825000000000000200 ) ) ;
#2588 = CARTESIAN_POINT ( 'NONE',  ( 0.8349999999999989700, -0.1289223137816567200, -2.627014461887075200 ) ) ;
#2589 = VERTEX_POINT ( 'NONE', #6631 ) ;
#2590 = CYLINDRICAL_SURFACE ( 'NONE', #8221, 0.03500000000000030900 ) ;
#2591 = CARTESIAN_POINT ( 'NONE',  ( 0.0000000000000000000, 0.4800880834868125900, 2.519629497316660900 ) ) ;
#2592 = ORIENTED_EDGE ( 'NONE', *, *, #2313, .F. ) ;
#2593 = VERTEX_POINT ( 'NONE', #2588 ) ;
#2594 = ORIENTED_EDGE ( 'NONE', *, *, #2845, .T. ) ;
#2595 = CIRCLE ( 'NONE', #3477, 0.03500000000000030900 ) ;
#2596 = CIRCLE ( 'NONE', #1561, 0.2350000000000004000 ) ;
#2597 = CARTESIAN_POINT ( 'NONE',  ( -2.975000000000000100, -0.1289223137816567200, 2.627014461887075200 ) ) ;
#2598 = ORIENTED_EDGE ( 'NONE', *, *, #6879, .F. ) ;
#2599 = DIRECTION ( 'NONE',  ( 1.000000000000000000, 0.0000000000000000000, 0.0000000000000000000 ) ) ;
#2600 = ORIENTED_EDGE ( 'NONE', *, *, #3730, .F. ) ;
#2601 = CARTESIAN_POINT ( 'NONE',  ( 2.105000000000000000, -0.8946558305423294400, 2.965119263301911400 ) ) ;
#2602 = VERTEX_POINT ( 'NONE', #7822 ) ;
#2603 = ORIENTED_EDGE ( 'NONE', *, *, #955, .T. ) ;
#2604 = CIRCLE ( 'NONE', #1564, 0.2350000000000004000 ) ;
#2605 = VERTEX_POINT ( 'NONE', #7349 ) ;
#2606 = EDGE_CURVE ( 'NONE', #8699, #1462, #1708, .T. ) ;
#2607 = AXIS2_PLACEMENT_3D ( 'NONE', #6999, #2842, #1584 ) ;
#2608 = ADVANCED_FACE ( 'NONE', ( #5757 ), #8704, .F. ) ;
#2609 = ORIENTED_EDGE ( 'NONE', *, *, #3133, .T. ) ;
#2610 = ORIENTED_EDGE ( 'NONE', *, *, #8597, .T. ) ;
#2611 = VECTOR ( 'NONE', #7360, 1000.000000000000000 ) ;
#2612 = DIRECTION ( 'NONE',  ( 0.0000000000000000000, 0.0000000000000000000, -1.000000000000000000 ) ) ;
#2613 = DIRECTION ( 'NONE',  ( -1.000000000000000000, 0.0000000000000000000, 0.0000000000000000000 ) ) ;
#2614 = CARTESIAN_POINT ( 'NONE',  ( 4.645000000000001400, 0.1000000000000007500, -2.592546190531647400 ) ) ;
#2615 = CARTESIAN_POINT ( 'NONE',  ( 3.374999999999998700, -0.1349999999999994500, -2.592546190531647400 ) ) ;
#2616 = CARTESIAN_POINT ( 'NONE',  ( -1.705000000000001200, 0.1000000000000000100, -2.825000000000000200 ) ) ;
#2617 = EDGE_LOOP ( 'NONE', ( #8143, #5118, #3539, #555 ) ) ;
#2618 = FACE_OUTER_BOUND ( 'NONE', #6632, .T. ) ;
#2619 = EDGE_CURVE ( 'NONE', #7310, #41, #2766, .T. ) ;
#2620 = PLANE ( 'NONE',  #7074 ) ;
#2621 = DIRECTION ( 'NONE',  ( -0.0000000000000000000, 0.1736481776669340500, 0.9848077530122073500 ) ) ;
#2622 = UNCERTAINTY_MEASURE_WITH_UNIT (LENGTH_MEASURE( 1.000000000000000100E-005 ), #1434, 'distance_accuracy_value', 'NONE');
#2623 = ADVANCED_FACE ( 'NONE', ( #5452 ), #2714, .F. ) ;
#2624 = EDGE_CURVE ( 'NONE', #573, #2793, #7746, .T. ) ;
#2625 = LINE ( 'NONE', #8375, #806 ) ;
#2626 = DIRECTION ( 'NONE',  ( -7.080503983578801900E-016, -0.0000000000000000000, -1.000000000000000000 ) ) ;
#2627 = DIRECTION ( 'NONE',  ( 0.0000000000000000000, 0.0000000000000000000, 1.000000000000000000 ) ) ;
#2628 = EDGE_CURVE ( 'NONE', #8410, #4249, #6475, .T. ) ;
#2629 = ORIENTED_EDGE ( 'NONE', *, *, #8433, .T. ) ;
#2630 = CARTESIAN_POINT ( 'NONE',  ( -0.8350000000000021800, -1.123578144323986300, 0.005099784264222519300 ) ) ;
#2631 = VECTOR ( 'NONE', #4875, 1000.000000000000000 ) ;
#2632 = CARTESIAN_POINT ( 'NONE',  ( 2.104999999999999100, -1.123578144323986900, -2.970219047566134300 ) ) ;
#2633 = ORIENTED_EDGE ( 'NONE', *, *, #3193, .F. ) ;
#2634 = AXIS2_PLACEMENT_3D ( 'NONE', #850, #796, #2856 ) ;
#2635 = VERTEX_POINT ( 'NONE', #1356 ) ;
#2636 = SURFACE_STYLE_FILL_AREA ( #479 ) ;
#2637 = PLANE ( 'NONE',  #7587 ) ;
#2638 = PLANE ( 'NONE',  #7595 ) ;
#2639 = CARTESIAN_POINT ( 'NONE',  ( 0.4349999999999987800, -0.1349999999999994500, 2.592546190531647400 ) ) ;
#2640 = CARTESIAN_POINT ( 'NONE',  ( 1.704999999999999000, 0.1000000000000007500, 2.592546190531647400 ) ) ;
#2641 = CARTESIAN_POINT ( 'NONE',  ( 0.4349999999999987800, 0.1000000000000000200, -2.592546190531647400 ) ) ;
#2642 = AXIS2_PLACEMENT_3D ( 'NONE', #2859, #4821, #3483 ) ;
#2643 = ORIENTED_EDGE ( 'NONE', *, *, #6373, .F. ) ;
#2644 = VECTOR ( 'NONE', #4080, 1000.000000000000000 ) ;
#2645 = ORIENTED_EDGE ( 'NONE', *, *, #4932, .T. ) ;
#2646 = DIRECTION ( 'NONE',  ( -1.000000000000000000, 0.0000000000000000000, 0.0000000000000000000 ) ) ;
#2647 = LINE ( 'NONE', #4884, #3850 ) ;
#2648 = DIRECTION ( 'NONE',  ( -0.0000000000000000000, 0.9848077530122073500, 0.1736481776669340500 ) ) ;
#2649 = CARTESIAN_POINT ( 'NONE',  ( 4.245000000000000100, -0.09999999999999925600, -2.592546190531647400 ) ) ;
#2650 = DIRECTION ( 'NONE',  ( 1.000000000000000000, -0.0000000000000000000, -0.0000000000000000000 ) ) ;
#2651 = AXIS2_PLACEMENT_3D ( 'NONE', #8434, #3756, #4428 ) ;
#2652 = AXIS2_PLACEMENT_3D ( 'NONE', #8097, #1992, #4680 ) ;
#2653 =( NAMED_UNIT ( * ) SI_UNIT ( $, .STERADIAN. ) SOLID_ANGLE_UNIT ( ) );
#2654 = ORIENTED_EDGE ( 'NONE', *, *, #1716, .F. ) ;
#2655 = CARTESIAN_POINT ( 'NONE',  ( 2.974999999999998300, -0.1349999999999994500, 2.592546190531647400 ) ) ;
#2656 = LINE ( 'NONE', #6322, #1262 ) ;
#2657 = FACE_OUTER_BOUND ( 'NONE', #2901, .T. ) ;
#2658 = AXIS2_PLACEMENT_3D ( 'NONE', #3184, #3958, #7963 ) ;
#2659 = VECTOR ( 'NONE', #8454, 1000.000000000000000 ) ;
#2660 = CARTESIAN_POINT ( 'NONE',  ( 4.645000000000001400, -1.123578144323986900, -2.970219047566134300 ) ) ;
#2661 = VECTOR ( 'NONE', #599, 1000.000000000000000 ) ;
#2662 = CARTESIAN_POINT ( 'NONE',  ( 3.374999999999998700, -0.1349999999999994500, -2.592546190531647400 ) ) ;
#2663 = DIRECTION ( 'NONE',  ( -7.080503983578802800E-016, 0.0000000000000000000, -1.000000000000000000 ) ) ;
#2664 = DIRECTION ( 'NONE',  ( 1.000000000000000000, 1.685188701338831400E-031, 8.673617379884039400E-016 ) ) ;
#2665 = VECTOR ( 'NONE', #4264, 1000.000000000000000 ) ;
#2666 = EDGE_CURVE ( 'NONE', #3220, #4687, #3095, .T. ) ;
#2667 = ORIENTED_EDGE ( 'NONE', *, *, #118, .F. ) ;
#2668 = ADVANCED_FACE ( 'NONE', ( #6570 ), #4120, .F. ) ;
#2669 = ORIENTED_EDGE ( 'NONE', *, *, #53, .T. ) ;
#2670 = CARTESIAN_POINT ( 'NONE',  ( -2.105000000000001300, -0.8946558305423297800, -2.965119263301910100 ) ) ;
#2671 = EDGE_CURVE ( 'NONE', #2544, #4269, #4820, .T. ) ;
#2672 = DIRECTION ( 'NONE',  ( -0.1338586929596383700, 0.7591503717798009400, -0.6370027969685276800 ) ) ;
#2673 = DIRECTION ( 'NONE',  ( 1.000000000000000000, 0.0000000000000000000, 0.0000000000000000000 ) ) ;
#2674 = VECTOR ( 'NONE', #5144, 1000.000000000000000 ) ;
#2675 = ORIENTED_EDGE ( 'NONE', *, *, #4590, .F. ) ;
#2676 = ORIENTED_EDGE ( 'NONE', *, *, #3251, .F. ) ;
#2677 = EDGE_CURVE ( 'NONE', #4342, #1589, #2457, .T. ) ;
#2678 = CYLINDRICAL_SURFACE ( 'NONE', #4719, 0.03500000000000030900 ) ;
#2679 = PLANE ( 'NONE',  #2371 ) ;
#2680 = PLANE ( 'NONE',  #7462 ) ;
#2681 = PLANE ( 'NONE',  #5806 ) ;
#2682 = FACE_OUTER_BOUND ( 'NONE', #7260, .T. ) ;
#2683 = EDGE_LOOP ( 'NONE', ( #1076, #818, #1156, #1739 ) ) ;
#2684 = EDGE_CURVE ( 'NONE', #41, #1822, #1271, .T. ) ;
#2685 = VERTEX_POINT ( 'NONE', #4173 ) ;
#2686 = LINE ( 'NONE', #872, #5262 ) ;
#2687 = FACE_OUTER_BOUND ( 'NONE', #3849, .T. ) ;
#2688 = SURFACE_SIDE_STYLE ('',( #4228 ) ) ;
#2689 = ORIENTED_EDGE ( 'NONE', *, *, #937, .F. ) ;
#2690 = ORIENTED_EDGE ( 'NONE', *, *, #896, .F. ) ;
#2691 = ORIENTED_EDGE ( 'NONE', *, *, #2301, .T. ) ;
#2692 = DIRECTION ( 'NONE',  ( 0.0000000000000000000, 1.000000000000000000, -2.168404344971009900E-016 ) ) ;
#2693 = LINE ( 'NONE', #5793, #874 ) ;
#2694 = ADVANCED_FACE ( 'NONE', ( #4718 ), #1443, .F. ) ;
#2695 = DIRECTION ( 'NONE',  ( 0.0000000000000000000, 0.0000000000000000000, -1.000000000000000000 ) ) ;
#2696 = ORIENTED_EDGE ( 'NONE', *, *, #247, .T. ) ;
#2697 = CYLINDRICAL_SURFACE ( 'NONE', #999, 0.2350000000000002400 ) ;
#2698 = EDGE_CURVE ( 'NONE', #2784, #5868, #3653, .T. ) ;
#2699 = AXIS2_PLACEMENT_3D ( 'NONE', #180, #3640, #5099 ) ;
#2700 = VECTOR ( 'NONE', #1115, 1000.000000000000000 ) ;
#2701 = LINE ( 'NONE', #8337, #5985 ) ;
#2702 = ORIENTED_EDGE ( 'NONE', *, *, #2172, .T. ) ;
#2703 = AXIS2_PLACEMENT_3D ( 'NONE', #2190, #3584, #216 ) ;
#2704 = EDGE_CURVE ( 'NONE', #7558, #3907, #7641, .T. ) ;
#2705 = CARTESIAN_POINT ( 'NONE',  ( -0.8350000000000014100, -1.123578144323986900, 3.555000000000000200 ) ) ;
#2706 = LINE ( 'NONE', #754, #6399 ) ;
#2707 = CARTESIAN_POINT ( 'NONE',  ( -1.705000000000001200, -0.9293854660757164800, -2.768157712699470100 ) ) ;
#2708 = ORIENTED_EDGE ( 'NONE', *, *, #4579, .T. ) ;
#2709 = CARTESIAN_POINT ( 'NONE',  ( 0.8349999999999989700, -0.1349999999999994500, -2.592546190531647400 ) ) ;
#2710 = ORIENTED_EDGE ( 'NONE', *, *, #1057, .F. ) ;
#2711 = EDGE_LOOP ( 'NONE', ( #7793, #458, #8153, #5351 ) ) ;
#2712 = CARTESIAN_POINT ( 'NONE',  ( -1.705000000000001200, -0.09419267824826980900, -2.823976012489516600 ) ) ;
#2713 = VECTOR ( 'NONE', #7054, 1000.000000000000000 ) ;
#2714 = PLANE ( 'NONE',  #6121 ) ;
#2715 = FACE_OUTER_BOUND ( 'NONE', #364, .T. ) ;
#2716 = VERTEX_POINT ( 'NONE', #4765 ) ;
#2717 = AXIS2_PLACEMENT_3D ( 'NONE', #1688, #3064, #4410 ) ;
#2718 = PLANE ( 'NONE',  #6891 ) ;
#2719 = EDGE_LOOP ( 'NONE', ( #4195, #3992, #1951, #4656 ) ) ;
#2720 = DIRECTION ( 'NONE',  ( 1.000000000000000000, -0.0000000000000000000, 0.0000000000000000000 ) ) ;
#2721 = DIRECTION ( 'NONE',  ( -1.000000000000000000, -0.0000000000000000000, -0.0000000000000000000 ) ) ;
#2722 =( GEOMETRIC_REPRESENTATION_CONTEXT ( 3 ) GLOBAL_UNCERTAINTY_ASSIGNED_CONTEXT ( ( #7722 ) ) GLOBAL_UNIT_ASSIGNED_CONTEXT ( ( #4202, #788, #1465 ) ) REPRESENTATION_CONTEXT ( 'NONE', 'WORKASPACE' ) );
#2723 = CIRCLE ( 'NONE', #8264, 0.03500000000000030900 ) ;
#2724 = CARTESIAN_POINT ( 'NONE',  ( -2.105000000000001300, -0.1289223137816567200, -2.627014461887075200 ) ) ;
#2725 = EDGE_CURVE ( 'NONE', #3137, #6926, #3314, .T. ) ;
#2726 = DIRECTION ( 'NONE',  ( 0.0000000000000000000, 0.0000000000000000000, 1.000000000000000000 ) ) ;
#2727 = LINE ( 'NONE', #4054, #910 ) ;
#2728 = EDGE_CURVE ( 'NONE', #266, #7157, #8267, .T. ) ;
#2729 = CARTESIAN_POINT ( 'NONE',  ( 1.704999999999998300, -1.123578144323987200, -3.970219047566133900 ) ) ;
#2730 = DIRECTION ( 'NONE',  ( 0.0000000000000000000, 0.0000000000000000000, 1.000000000000000000 ) ) ;
#2731 = CARTESIAN_POINT ( 'NONE',  ( -0.4350000000000013900, -0.1000000000000000100, -2.825000000000000200 ) ) ;
#2732 = VECTOR ( 'NONE', #6132, 1000.000000000000000 ) ;
#2733 = CARTESIAN_POINT ( 'NONE',  ( 0.0000000000000000000, -0.9235781443239868800, -3.555000000000000200 ) ) ;
#2734 = CARTESIAN_POINT ( 'NONE',  ( -2.975000000000000100, -0.8885781443239865200, 2.999587534657339700 ) ) ;
#2735 = CARTESIAN_POINT ( 'NONE',  ( -0.8350000000000015200, 0.4800880834868125900, 2.519629497316660900 ) ) ;
#2736 = CARTESIAN_POINT ( 'NONE',  ( 0.0000000000000000000, -0.9235781443239868800, -3.555000000000000200 ) ) ;
#2737 = ORIENTED_EDGE ( 'NONE', *, *, #477, .T. ) ;
#2738 = EDGE_CURVE ( 'NONE', #1822, #7558, #6261, .T. ) ;
#2739 = LINE ( 'NONE', #2909, #2631 ) ;
#2740 = CARTESIAN_POINT ( 'NONE',  ( -4.645000000000001400, 0.1000000000000007500, 2.592546190531647400 ) ) ;
#2741 = DIRECTION ( 'NONE',  ( 1.000000000000000000, 2.710505431213754200E-016, 2.938735877055712700E-032 ) ) ;
#2742 = DIRECTION ( 'NONE',  ( 0.0000000000000000000, -0.9848077530122073500, -0.1736481776669340500 ) ) ;
#2743 = ORIENTED_EDGE ( 'NONE', *, *, #794, .T. ) ;
#2744 = ORIENTED_EDGE ( 'NONE', *, *, #6776, .T. ) ;
#2745 = LINE ( 'NONE', #15, #1673 ) ;
#2746 = PLANE ( 'NONE',  #7056 ) ;
#2747 = PLANE ( 'NONE',  #4123 ) ;
#2748 = EDGE_CURVE ( 'NONE', #8675, #6294, #4506, .T. ) ;
#2749 = PLANE ( 'NONE',  #4890 ) ;
#2750 = CARTESIAN_POINT ( 'NONE',  ( -0.4350000000000003900, -0.9235781443239868800, 3.555000000000000200 ) ) ;
#2751 = VECTOR ( 'NONE', #8339, 1000.000000000000000 ) ;
#2752 = ORIENTED_EDGE ( 'NONE', *, *, #5593, .F. ) ;
#2753 = VECTOR ( 'NONE', #7015, 1000.000000000000000 ) ;
#2754 = DIRECTION ( 'NONE',  ( -1.000000000000000000, -0.0000000000000000000, 0.0000000000000000000 ) ) ;
#2755 = VERTEX_POINT ( 'NONE', #4352 ) ;
#2756 = PLANE ( 'NONE',  #430 ) ;
#2757 = AXIS2_PLACEMENT_3D ( 'NONE', #3666, #5619, #3611 ) ;
#2758 = VERTEX_POINT ( 'NONE', #4935 ) ;
#2759 = FILL_AREA_STYLE ('',( #6123 ) ) ;
#2760 = VECTOR ( 'NONE', #7143, 1000.000000000000000 ) ;
#2761 = LINE ( 'NONE', #6654, #5839 ) ;
#2762 = DIRECTION ( 'NONE',  ( -0.0000000000000000000, 2.168404344971009900E-016, -1.000000000000000000 ) ) ;
#2763 = VECTOR ( 'NONE', #397, 1000.000000000000000 ) ;
#2764 = ORIENTED_EDGE ( 'NONE', *, *, #6756, .F. ) ;
#2765 = CARTESIAN_POINT ( 'NONE',  ( 2.974999999999998300, 0.4800880834868125900, 2.519629497316660900 ) ) ;
#2766 = LINE ( 'NONE', #7138, #8377 ) ;
#2767 = DIRECTION ( 'NONE',  ( 0.0000000000000000000, 0.0000000000000000000, -1.000000000000000000 ) ) ;
#2768 = CARTESIAN_POINT ( 'NONE',  ( -0.4350000000000013900, -0.1000000000000000100, -2.825000000000000200 ) ) ;
#2769 =( NAMED_UNIT ( * ) PLANE_ANGLE_UNIT ( ) SI_UNIT ( $, .RADIAN. ) );
#2770 = EDGE_CURVE ( 'NONE', #5661, #3451, #5137, .T. ) ;
#2771 = AXIS2_PLACEMENT_3D ( 'NONE', #6187, #6777, #7484 ) ;
#2772 = DIRECTION ( 'NONE',  ( -1.000000000000000000, -0.0000000000000000000, -0.0000000000000000000 ) ) ;
#2773 = AXIS2_PLACEMENT_3D ( 'NONE', #6783, #3400, #3470 ) ;
#2774 = CYLINDRICAL_SURFACE ( 'NONE', #926, 0.03500000000000030900 ) ;
#2775 = CARTESIAN_POINT ( 'NONE',  ( 4.245000000000000100, -0.1289223137816569700, 2.627014461887073900 ) ) ;
#2776 = CARTESIAN_POINT ( 'NONE',  ( -3.375000000000001300, -0.8946558305423292200, -2.965119263301912300 ) ) ;
#2777 = ORIENTED_EDGE ( 'NONE', *, *, #7843, .F. ) ;
#2778 = CARTESIAN_POINT ( 'NONE',  ( -0.4350000000000013900, -0.9235781443239868800, -3.555000000000000200 ) ) ;
#2779 = DIRECTION ( 'NONE',  ( 0.0000000000000000000, -1.000000000000000000, 0.0000000000000000000 ) ) ;
#2780 = VECTOR ( 'NONE', #7438, 1000.000000000000200 ) ;
#2781 = FILL_AREA_STYLE_COLOUR ( '', #6508 ) ;
#2782 = ADVANCED_FACE ( 'NONE', ( #7858 ), #6244, .F. ) ;
#2783 = ORIENTED_EDGE ( 'NONE', *, *, #8298, .T. ) ;
#2784 = VERTEX_POINT ( 'NONE', #2142 ) ;
#2785 = DIRECTION ( 'NONE',  ( -1.000000000000000000, -0.0000000000000000000, -0.0000000000000000000 ) ) ;
#2786 = EDGE_LOOP ( 'NONE', ( #2239, #8691, #8467, #4327 ) ) ;
#2787 = EDGE_CURVE ( 'NONE', #3468, #525, #6887, .T. ) ;
#2788 = ORIENTED_EDGE ( 'NONE', *, *, #3042, .F. ) ;
#2789 = VERTEX_POINT ( 'NONE', #2912 ) ;
#2790 = LINE ( 'NONE', #5157, #3218 ) ;
#2791 = VERTEX_POINT ( 'NONE', #5572 ) ;
#2792 = EDGE_CURVE ( 'NONE', #3126, #4429, #6792, .T. ) ;
#2793 = VERTEX_POINT ( 'NONE', #2221 ) ;
#2794 = ORIENTED_EDGE ( 'NONE', *, *, #4031, .F. ) ;
#2795 = FACE_OUTER_BOUND ( 'NONE', #6270, .T. ) ;
#2796 = LINE ( 'NONE', #8154, #762 ) ;
#2797 = DIRECTION ( 'NONE',  ( 0.0000000000000000000, 0.1736481776669340500, 0.9848077530122073500 ) ) ;
#2798 = EDGE_LOOP ( 'NONE', ( #6901, #1839, #7325, #8241 ) ) ;
#2799 = PLANE ( 'NONE',  #6851 ) ;
#2800 = ORIENTED_EDGE ( 'NONE', *, *, #695, .F. ) ;
#2801 = CARTESIAN_POINT ( 'NONE',  ( 4.245000000000001000, -0.8946558305423294400, -2.965119263301911400 ) ) ;
#2802 = CARTESIAN_POINT ( 'NONE',  ( -2.105000000000001300, -0.09999999999999925600, 2.592546190531647400 ) ) ;
#2803 = EDGE_CURVE ( 'NONE', #899, #3267, #210, .T. ) ;
#2804 = VERTEX_POINT ( 'NONE', #167 ) ;
#2805 = LINE ( 'NONE', #4701, #2164 ) ;
#2806 = ORIENTED_EDGE ( 'NONE', *, *, #6317, .F. ) ;
#2807 = VERTEX_POINT ( 'NONE', #4379 ) ;
#2808 = ORIENTED_EDGE ( 'NONE', *, *, #3596, .F. ) ;
#2809 = VECTOR ( 'NONE', #8629, 1000.000000000000200 ) ;
#2810 = FACE_OUTER_BOUND ( 'NONE', #4738, .T. ) ;
#2811 = VERTEX_POINT ( 'NONE', #4905 ) ;
#2812 = CARTESIAN_POINT ( 'NONE',  ( 0.0000000000000000000, -1.123578144323986300, -0.005099784264222338000 ) ) ;
#2813 = DIRECTION ( 'NONE',  ( -2.168404344971009900E-016, 2.168404344971009900E-016, -1.000000000000000000 ) ) ;
#2814 = DIRECTION ( 'NONE',  ( 7.259116125419664700E-033, -1.000000000000000000, -1.608122649676636600E-016 ) ) ;
#2815 = ORIENTED_EDGE ( 'NONE', *, *, #4038, .F. ) ;
#2816 = EDGE_CURVE ( 'NONE', #5583, #1919, #8487, .T. ) ;
#2818 = ADVANCED_FACE ( 'NONE', ( #637 ), #385, .T. ) ;
#2817 = AXIS2_PLACEMENT_3D ( 'NONE', #5160, #1713, #4462 ) ;
#2819 = ORIENTED_EDGE ( 'NONE', *, *, #6684, .F. ) ;
#2820 = CARTESIAN_POINT ( 'NONE',  ( -4.645000000000001400, -1.123578144323986900, 2.999587534657338800 ) ) ;
#2821 = ORIENTED_EDGE ( 'NONE', *, *, #2436, .F. ) ;
#2822 = VECTOR ( 'NONE', #8705, 1000.000000000000000 ) ;
#2823 = DIRECTION ( 'NONE',  ( 4.336808689942019700E-016, 0.0000000000000000000, 1.000000000000000000 ) ) ;
#2824 = FILL_AREA_STYLE_COLOUR ( '', #814 ) ;
#2825 = VERTEX_POINT ( 'NONE', #6340 ) ;
#2826 = CARTESIAN_POINT ( 'NONE',  ( -4.245000000000000100, -0.8885781443239865200, -2.999587534657339700 ) ) ;
#2827 = FACE_OUTER_BOUND ( 'NONE', #5994, .T. ) ;
#2828 = AXIS2_PLACEMENT_3D ( 'NONE', #5440, #7498, #6702 ) ;
#2829 = DIRECTION ( 'NONE',  ( -1.000000000000000000, -0.0000000000000000000, -0.0000000000000000000 ) ) ;
#2830 = DIRECTION ( 'NONE',  ( -1.000000000000000000, 0.0000000000000000000, -0.0000000000000000000 ) ) ;
#2831 = DIRECTION ( 'NONE',  ( 0.0000000000000000000, 1.000000000000000000, 0.0000000000000000000 ) ) ;
#2832 = AXIS2_PLACEMENT_3D ( 'NONE', #1667, #4447, #5114 ) ;
#2833 = CARTESIAN_POINT ( 'NONE',  ( -4.245000000000000100, -0.1000000000000000100, 1.599999999999999900 ) ) ;
#2834 = PLANE ( 'NONE',  #5574 ) ;
#2835 = CARTESIAN_POINT ( 'NONE',  ( 2.974999999999998300, 0.1000000000000000200, -2.592546190531647400 ) ) ;
#2836 = FACE_OUTER_BOUND ( 'NONE', #6108, .T. ) ;
#2837 = EDGE_CURVE ( 'NONE', #4164, #3451, #2556, .T. ) ;
#2838 = CARTESIAN_POINT ( 'NONE',  ( 5.509999999999999800, 0.0000000000000000000, 2.300000000000000700 ) ) ;
#2839 = PLANE ( 'NONE',  #2863 ) ;
#2840 = DIRECTION ( 'NONE',  ( 0.0000000000000000000, 0.0000000000000000000, -1.000000000000000000 ) ) ;
#2841 = LINE ( 'NONE', #8342, #8661 ) ;
#2842 = DIRECTION ( 'NONE',  ( -1.000000000000000000, -8.425943506694156900E-032, 4.336808689942019700E-016 ) ) ;
#2843 = VERTEX_POINT ( 'NONE', #5107 ) ;
#2844 = CARTESIAN_POINT ( 'NONE',  ( -4.645000000000001400, -0.1000000000000000100, 1.599999999999999900 ) ) ;
#2845 = EDGE_CURVE ( 'NONE', #2086, #2811, #6687, .T. ) ;
#2846 = FACE_OUTER_BOUND ( 'NONE', #5860, .T. ) ;
#2847 = DIRECTION ( 'NONE',  ( 0.0000000000000000000, 1.000000000000000000, 2.168404344971009900E-016 ) ) ;
#2848 = DIRECTION ( 'NONE',  ( -1.000000000000000000, 0.0000000000000000000, 0.0000000000000000000 ) ) ;
#2849 = ADVANCED_FACE ( 'NONE', ( #8069 ), #434, .F. ) ;
#2850 = EDGE_CURVE ( 'NONE', #3211, #669, #6072, .T. ) ;
#2851 = EDGE_LOOP ( 'NONE', ( #5234, #2494, #3974, #1488 ) ) ;
#2852 = LINE ( 'NONE', #1218, #1034 ) ;
#2853 = ORIENTED_EDGE ( 'NONE', *, *, #8496, .T. ) ;
#2854 = CARTESIAN_POINT ( 'NONE',  ( 1.704999999999999000, -0.8885781443239865200, 2.999587534657339700 ) ) ;
#2855 = ADVANCED_FACE ( 'NONE', ( #1062 ), #3002, .T. ) ;
#2856 = DIRECTION ( 'NONE',  ( 0.0000000000000000000, 0.0000000000000000000, 1.000000000000000000 ) ) ;
#2857 = VERTEX_POINT ( 'NONE', #5762 ) ;
#2858 = PLANE ( 'NONE',  #8707 ) ;
#2859 = CARTESIAN_POINT ( 'NONE',  ( 1.704999999999999000, -0.8885781443239865200, -2.999587534657339700 ) ) ;
#2860 = LINE ( 'NONE', #3183, #6048 ) ;
#2861 = VECTOR ( 'NONE', #5372, 1000.000000000000000 ) ;
#2862 = EDGE_CURVE ( 'NONE', #6033, #7409, #2031, .T. ) ;
#2863 = AXIS2_PLACEMENT_3D ( 'NONE', #2100, #61, #5558 ) ;
#2864 = EDGE_LOOP ( 'NONE', ( #519, #6308, #2609, #2988 ) ) ;
#2865 = FACE_OUTER_BOUND ( 'NONE', #749, .T. ) ;
#2866 = EDGE_CURVE ( 'NONE', #4396, #7217, #5652, .T. ) ;
#2867 = CARTESIAN_POINT ( 'NONE',  ( -4.245000000000000100, -0.1289223137816567200, 2.627014461887075200 ) ) ;
#2868 = ORIENTED_EDGE ( 'NONE', *, *, #8137, .T. ) ;
#2869 = ORIENTED_EDGE ( 'NONE', *, *, #4508, .T. ) ;
#2870 = VECTOR ( 'NONE', #4493, 1000.000000000000200 ) ;
#2871 = FACE_OUTER_BOUND ( 'NONE', #4500, .T. ) ;
#2872 = DIRECTION ( 'NONE',  ( 0.0000000000000000000, 0.0000000000000000000, 1.000000000000000000 ) ) ;
#2873 = LINE ( 'NONE', #4033, #1055 ) ;
#2874 = ADVANCED_FACE ( 'NONE', ( #7422 ), #3058, .F. ) ;
#2875 = LINE ( 'NONE', #5067, #101 ) ;
#2876 = CARTESIAN_POINT ( 'NONE',  ( -0.4350000000000015500, -0.8885781443239865200, -2.999587534657339700 ) ) ;
#2877 = DIRECTION ( 'NONE',  ( -1.000000000000000000, 0.0000000000000000000, 0.0000000000000000000 ) ) ;
#2878 = DIRECTION ( 'NONE',  ( -1.000000000000000000, -0.0000000000000000000, 0.0000000000000000000 ) ) ;
#2879 = CARTESIAN_POINT ( 'NONE',  ( 0.0000000000000000000, -1.123578144323987200, 3.555000000000000200 ) ) ;
#2880 = AXIS2_PLACEMENT_3D ( 'NONE', #8428, #1731, #5812 ) ;
#2881 = ORIENTED_EDGE ( 'NONE', *, *, #4299, .T. ) ;
#2882 = DIRECTION ( 'NONE',  ( -0.0000000000000000000, -0.0000000000000000000, 1.000000000000000000 ) ) ;
#2883 = CARTESIAN_POINT ( 'NONE',  ( 0.0000000000000000000, -0.9235781443239861100, 0.005099784264222377100 ) ) ;
#2884 = VECTOR ( 'NONE', #4131, 1000.000000000000000 ) ;
#2885 = EDGE_CURVE ( 'NONE', #4146, #3957, #5248, .T. ) ;
#2886 = CARTESIAN_POINT ( 'NONE',  ( 2.974999999999998300, -1.123578144323986900, 2.999587534657339700 ) ) ;
#2887 = EDGE_CURVE ( 'NONE', #3137, #1760, #5036, .T. ) ;
#2888 = ORIENTED_EDGE ( 'NONE', *, *, #6520, .T. ) ;
#2889 = ORIENTED_EDGE ( 'NONE', *, *, #528, .F. ) ;
#2890 = CIRCLE ( 'NONE', #3329, 0.03500000000000030900 ) ;
#2891 = AXIS2_PLACEMENT_3D ( 'NONE', #2709, #13, #4150 ) ;
#2892 = ADVANCED_FACE ( 'NONE', ( #7206 ), #8528, .T. ) ;
#2893 = DIRECTION ( 'NONE',  ( 0.0000000000000000000, 0.0000000000000000000, -1.000000000000000000 ) ) ;
#2894 = LINE ( 'NONE', #5728, #7977 ) ;
#2895 = DIRECTION ( 'NONE',  ( -0.0000000000000000000, -0.0000000000000000000, 1.000000000000000000 ) ) ;
#2896 = ORIENTED_EDGE ( 'NONE', *, *, #5003, .F. ) ;
#2897 = ADVANCED_FACE ( 'NONE', ( #2448 ), #5282, .T. ) ;
#2898 = LINE ( 'NONE', #2705, #1080 ) ;
#2899 = VECTOR ( 'NONE', #8052, 1000.000000000000200 ) ;
#2900 = ORIENTED_EDGE ( 'NONE', *, *, #6078, .F. ) ;
#2901 = EDGE_LOOP ( 'NONE', ( #5881, #5753, #7434, #7734 ) ) ;
#2902 = EDGE_LOOP ( 'NONE', ( #5222, #1528, #5086, #3879 ) ) ;
#2903 = DIRECTION ( 'NONE',  ( -1.000000000000000000, -2.710505431213754200E-016, 0.0000000000000000000 ) ) ;
#2904 = EDGE_LOOP ( 'NONE', ( #4703, #8265, #5164, #902 ) ) ;
#2905 = PRESENTATION_STYLE_ASSIGNMENT (( #635 ) ) ;
#2906 = ORIENTED_EDGE ( 'NONE', *, *, #3086, .T. ) ;
#2907 = EDGE_CURVE ( 'NONE', #4129, #4687, #3857, .T. ) ;
#2908 = VECTOR ( 'NONE', #900, 1000.000000000000000 ) ;
#2909 = CARTESIAN_POINT ( 'NONE',  ( 0.8349999999999989700, -1.123578144323986900, -2.999587534657339700 ) ) ;
#2910 = CARTESIAN_POINT ( 'NONE',  ( 0.0000000000000000000, -1.123578144323987200, -3.555000000000000200 ) ) ;
#2911 = ORIENTED_EDGE ( 'NONE', *, *, #4823, .T. ) ;
#2912 = CARTESIAN_POINT ( 'NONE',  ( -4.645000000000001400, 0.1000000000000000200, -2.592546190531647400 ) ) ;
#2913 = FACE_OUTER_BOUND ( 'NONE', #5998, .T. ) ;
#2914 = ORIENTED_EDGE ( 'NONE', *, *, #3077, .F. ) ;
#2915 = CARTESIAN_POINT ( 'NONE',  ( -2.105000000000001300, -0.1349999999999994500, 2.592546190531647400 ) ) ;
#2916 = LINE ( 'NONE', #1772, #30 ) ;
#2917 = DIRECTION ( 'NONE',  ( 0.0000000000000000000, 0.0000000000000000000, -1.000000000000000000 ) ) ;
#2918 = VERTEX_POINT ( 'NONE', #5311 ) ;
#2919 = CARTESIAN_POINT ( 'NONE',  ( -4.245000000000000100, -0.9235781443239867700, 2.999587534657338800 ) ) ;
#2920 = ORIENTED_EDGE ( 'NONE', *, *, #860, .F. ) ;
#2921 = CARTESIAN_POINT ( 'NONE',  ( -4.645000000000001400, -0.1349999999999994500, 2.592546190531647400 ) ) ;
#2922 = VECTOR ( 'NONE', #8513, 1000.000000000000000 ) ;
#2923 = VECTOR ( 'NONE', #962, 1000.000000000000000 ) ;
#2924 = CARTESIAN_POINT ( 'NONE',  ( -0.8350000000000015200, 0.1000000000000000100, -1.599999999999999900 ) ) ;
#2925 = DIRECTION ( 'NONE',  ( 1.000000000000000000, -0.0000000000000000000, 0.0000000000000000000 ) ) ;
#2926 = CARTESIAN_POINT ( 'NONE',  ( -7.733763339029309200, -2.049999999999999800, -3.555000000000000200 ) ) ;
#2927 = EDGE_CURVE ( 'NONE', #3027, #715, #5444, .T. ) ;
#2928 = EDGE_LOOP ( 'NONE', ( #8579, #3592, #7137, #2777 ) ) ;
#2929 = CARTESIAN_POINT ( 'NONE',  ( -4.645000000000001400, -0.09999999999999925600, -2.592546190531647400 ) ) ;
#2930 = DIRECTION ( 'NONE',  ( -1.000000000000000000, 0.0000000000000000000, -0.0000000000000000000 ) ) ;
#2931 = VERTEX_POINT ( 'NONE', #3173 ) ;
#2932 = VECTOR ( 'NONE', #1118, 1000.000000000000000 ) ;
#2933 = CARTESIAN_POINT ( 'NONE',  ( -0.8350000000000014100, -1.123578144323987200, 3.555000000000000200 ) ) ;
#2934 = DIRECTION ( 'NONE',  ( 0.0000000000000000000, -0.9848077530122073500, -0.1736481776669340500 ) ) ;
#2935 = DIRECTION ( 'NONE',  ( -1.000000000000000000, 0.0000000000000000000, 0.0000000000000000000 ) ) ;
#2936 = ADVANCED_FACE ( 'NONE', ( #1476 ), #7934, .F. ) ;
#2937 = DIRECTION ( 'NONE',  ( -1.000000000000000000, 0.0000000000000000000, 0.0000000000000000000 ) ) ;
#2938 = CARTESIAN_POINT ( 'NONE',  ( -0.8350000000000015200, -0.8946558305423294400, -2.965119263301911400 ) ) ;
#2939 = DIRECTION ( 'NONE',  ( 0.0000000000000000000, 0.0000000000000000000, -1.000000000000000000 ) ) ;
#2940 = ORIENTED_EDGE ( 'NONE', *, *, #5875, .F. ) ;
#2941 = VECTOR ( 'NONE', #8329, 1000.000000000000000 ) ;
#2942 = DIRECTION ( 'NONE',  ( 1.000000000000000000, -0.0000000000000000000, -0.0000000000000000000 ) ) ;
#2943 = CARTESIAN_POINT ( 'NONE',  ( -4.645000000000001400, -0.8885781443239865200, -2.999587534657339700 ) ) ;
#2944 = DIRECTION ( 'NONE',  ( 0.0000000000000000000, -0.1736481776669339900, -0.9848077530122073500 ) ) ;
#2945 = CARTESIAN_POINT ( 'NONE',  ( -0.4350000000000005000, -0.1349999999999994500, 2.592546190531647400 ) ) ;
#2946 = ADVANCED_FACE ( 'NONE', ( #2871 ), #5643, .T. ) ;
#2947 = LINE ( 'NONE', #1623, #6854 ) ;
#2948 = AXIS2_PLACEMENT_3D ( 'NONE', #1903, #8736, #5409 ) ;
#2949 = DIRECTION ( 'NONE',  ( 0.0000000000000000000, 9.227252531791510400E-016, -1.000000000000000000 ) ) ;
#2950 = AXIS2_PLACEMENT_3D ( 'NONE', #2926, #6630, #505 ) ;
#2951 = DIRECTION ( 'NONE',  ( 0.0000000000000000000, 0.0000000000000000000, -1.000000000000000000 ) ) ;
#2952 = CARTESIAN_POINT ( 'NONE',  ( -4.645000000000000500, -1.123578144323987200, -3.555000000000000200 ) ) ;
#2953 = AXIS2_PLACEMENT_3D ( 'NONE', #3277, #5554, #1451 ) ;
#2954 = DIRECTION ( 'NONE',  ( -4.212971753347078400E-032, -1.000000000000000000, 0.0000000000000000000 ) ) ;
#2955 = VERTEX_POINT ( 'NONE', #6558 ) ;
#2956 = FACE_OUTER_BOUND ( 'NONE', #3979, .T. ) ;
#2957 = ORIENTED_EDGE ( 'NONE', *, *, #4381, .T. ) ;
#2958 = PLANE ( 'NONE',  #7570 ) ;
#2959 = CARTESIAN_POINT ( 'NONE',  ( 2.974999999999998300, -0.09999999999999925600, 2.592546190531647400 ) ) ;
#2960 = CARTESIAN_POINT ( 'NONE',  ( -0.8350000000000015200, -0.8946558305423292200, -2.965119263301912300 ) ) ;
#2961 = DIRECTION ( 'NONE',  ( 0.0000000000000000000, 1.000000000000000000, -0.0000000000000000000 ) ) ;
#2962 = CARTESIAN_POINT ( 'NONE',  ( -4.245000000000000100, -0.09999999999999925600, 2.592546190531647400 ) ) ;
#2963 = ORIENTED_EDGE ( 'NONE', *, *, #3949, .F. ) ;
#2964 = EDGE_CURVE ( 'NONE', #5788, #3062, #7849, .T. ) ;
#2965 = ORIENTED_EDGE ( 'NONE', *, *, #8127, .F. ) ;
#2966 = CYLINDRICAL_SURFACE ( 'NONE', #4504, 0.03500000000000019100 ) ;
#2967 = PLANE ( 'NONE',  #3063 ) ;
#2968 = CARTESIAN_POINT ( 'NONE',  ( -5.333673019291534700, 1.000000000000000000, 1.807728344383776800 ) ) ;
#2969 = EDGE_CURVE ( 'NONE', #4440, #3241, #3418, .T. ) ;
#2970 = DIRECTION ( 'NONE',  ( -1.000000000000000000, 0.0000000000000000000, 0.0000000000000000000 ) ) ;
#2971 = CARTESIAN_POINT ( 'NONE',  ( 4.645000000000001400, -0.1000000000000000100, 1.599999999999999900 ) ) ;
#2972 = FACE_OUTER_BOUND ( 'NONE', #6910, .T. ) ;
#2973 = CIRCLE ( 'NONE', #379, 0.03500000000000030900 ) ;
#2974 = EDGE_LOOP ( 'NONE', ( #886, #4578, #2118, #7870 ) ) ;
#2975 = PRESENTATION_STYLE_ASSIGNMENT (( #942 ) ) ;
#2976 = DIRECTION ( 'NONE',  ( -1.000000000000000000, 0.0000000000000000000, 0.0000000000000000000 ) ) ;
#2977 = EDGE_CURVE ( 'NONE', #2420, #4342, #6785, .T. ) ;
#2978 = DIRECTION ( 'NONE',  ( -1.000000000000000000, 0.0000000000000000000, 0.0000000000000000000 ) ) ;
#2979 = VECTOR ( 'NONE', #1431, 1000.000000000000100 ) ;
#2980 = FACE_OUTER_BOUND ( 'NONE', #5528, .T. ) ;
#2981 = FACE_OUTER_BOUND ( 'NONE', #3152, .T. ) ;
#2982 = PLANE ( 'NONE',  #7363 ) ;
#2983 = VERTEX_POINT ( 'NONE', #1750 ) ;
#2984 = ORIENTED_EDGE ( 'NONE', *, *, #4225, .F. ) ;
#2985 = DIRECTION ( 'NONE',  ( -1.000000000000000000, 0.0000000000000000000, 0.0000000000000000000 ) ) ;
#2986 = EDGE_CURVE ( 'NONE', #8516, #1078, #1581, .T. ) ;
#2987 = PRESENTATION_LAYER_ASSIGNMENT (  '', '', ( #6933 ) ) ;
#2988 = ORIENTED_EDGE ( 'NONE', *, *, #1217, .F. ) ;
#2989 = VECTOR ( 'NONE', #3500, 1000.000000000000000 ) ;
#2990 = CARTESIAN_POINT ( 'NONE',  ( -2.105000000000001300, -0.09419267824827008700, -2.823976012489515200 ) ) ;
#2991 = ADVANCED_FACE ( 'NONE', ( #1263 ), #2344, .F. ) ;
#2992 = AXIS2_PLACEMENT_3D ( 'NONE', #2097, #3450, #629 ) ;
#2993 = ORIENTED_EDGE ( 'NONE', *, *, #6180, .F. ) ;
#2994 = CARTESIAN_POINT ( 'NONE',  ( -2.975000000000000100, -0.9235781443239867700, 2.999587534657339700 ) ) ;
#2995 = ORIENTED_EDGE ( 'NONE', *, *, #6578, .F. ) ;
#2996 = EDGE_LOOP ( 'NONE', ( #4474, #6088, #4862, #4084 ) ) ;
#2997 = LINE ( 'NONE', #232, #5041 ) ;
#2998 = EDGE_LOOP ( 'NONE', ( #1539, #14, #4390, #7713 ) ) ;
#2999 = CARTESIAN_POINT ( 'NONE',  ( 4.645000000000001400, -0.09419267824827012900, 2.823976012489515200 ) ) ;
#3000 = ORIENTED_EDGE ( 'NONE', *, *, #5539, .T. ) ;
#3001 = DIRECTION ( 'NONE',  ( 0.0000000000000000000, 0.0000000000000000000, 1.000000000000000000 ) ) ;
#3002 = PLANE ( 'NONE',  #1848 ) ;
#3003 = DIRECTION ( 'NONE',  ( -1.000000000000000000, 0.0000000000000000000, 0.0000000000000000000 ) ) ;
#3004 = PRESENTATION_LAYER_ASSIGNMENT (  '', '', ( #3054 ) ) ;
#3005 = FACE_OUTER_BOUND ( 'NONE', #8792, .T. ) ;
#3006 = VERTEX_POINT ( 'NONE', #6024 ) ;
#3007 = PLANE ( 'NONE',  #6616 ) ;
#3008 = ORIENTED_EDGE ( 'NONE', *, *, #960, .T. ) ;
#3009 = FACE_OUTER_BOUND ( 'NONE', #4132, .T. ) ;
#3010 = CARTESIAN_POINT ( 'NONE',  ( -0.8350000000000016300, -1.123578144323987200, -3.555000000000000200 ) ) ;
#3011 = ORIENTED_EDGE ( 'NONE', *, *, #2671, .T. ) ;
#3012 = EDGE_CURVE ( 'NONE', #4319, #8047, #6677, .T. ) ;
#3013 = CARTESIAN_POINT ( 'NONE',  ( -1.705000000000001200, -0.8946558305423294400, -2.965119263301911400 ) ) ;
#3014 = UNCERTAINTY_MEASURE_WITH_UNIT (LENGTH_MEASURE( 1.000000000000000100E-005 ), #5828, 'distance_accuracy_value', 'NONE');
#3015 = FACE_OUTER_BOUND ( 'NONE', #7226, .T. ) ;
#3016 = ORIENTED_EDGE ( 'NONE', *, *, #4143, .T. ) ;
#3017 = ORIENTED_EDGE ( 'NONE', *, *, #965, .F. ) ;
#3018 = FACE_OUTER_BOUND ( 'NONE', #1514, .T. ) ;
#3019 = LINE ( 'NONE', #8606, #4640 ) ;
#3020 = CARTESIAN_POINT ( 'NONE',  ( -4.245000000000000100, -0.1349999999999994500, 2.592546190531647400 ) ) ;
#3021 = DIRECTION ( 'NONE',  ( 0.0000000000000000000, -1.000000000000000000, 0.0000000000000000000 ) ) ;
#3022 = DIRECTION ( 'NONE',  ( 0.0000000000000000000, -0.1736481776669340800, -0.9848077530122074700 ) ) ;
#3023 = DIRECTION ( 'NONE',  ( -1.000000000000000000, 0.0000000000000000000, 0.0000000000000000000 ) ) ;
#3024 = DIRECTION ( 'NONE',  ( -1.000000000000000000, 0.0000000000000000000, 0.0000000000000000000 ) ) ;
#3025 = CIRCLE ( 'NONE', #2652, 0.2350000000000004000 ) ;
#3026 = VERTEX_POINT ( 'NONE', #4104 ) ;
#3027 = VERTEX_POINT ( 'NONE', #8116 ) ;
#3028 = DIRECTION ( 'NONE',  ( 0.0000000000000000000, -0.9848077530122073500, -0.1736481776669340500 ) ) ;
#3029 = FACE_OUTER_BOUND ( 'NONE', #7332, .T. ) ;
#3030 = LINE ( 'NONE', #285, #996 ) ;
#3031 = ORIENTED_EDGE ( 'NONE', *, *, #5032, .F. ) ;
#3032 = EDGE_CURVE ( 'NONE', #4408, #4794, #3089, .T. ) ;
#3033 = CARTESIAN_POINT ( 'NONE',  ( 0.0000000000000000000, 0.5148177190201993500, 2.716591047919102200 ) ) ;
#3034 = DIRECTION ( 'NONE',  ( -1.000000000000000000, 0.0000000000000000000, 0.0000000000000000000 ) ) ;
#3035 = ORIENTED_EDGE ( 'NONE', *, *, #1436, .T. ) ;
#3036 = ORIENTED_EDGE ( 'NONE', *, *, #3811, .F. ) ;
#3037 = EDGE_LOOP ( 'NONE', ( #8093, #8230, #6543, #4808 ) ) ;
#3038 = ADVANCED_FACE ( 'NONE', ( #2134 ), #4498, .F. ) ;
#3039 = VECTOR ( 'NONE', #1558, 1000.000000000000000 ) ;
#3040 = CARTESIAN_POINT ( 'NONE',  ( -0.8350000000000015200, -0.1000000000000000100, 1.599999999999999900 ) ) ;
#3041 = DIRECTION ( 'NONE',  ( 1.000000000000000000, -0.0000000000000000000, -0.0000000000000000000 ) ) ;
#3042 = EDGE_CURVE ( 'NONE', #2755, #5071, #8480, .T. ) ;
#3043 = CARTESIAN_POINT ( 'NONE',  ( 1.704999999999999000, -0.1289223137816567200, 2.627014461887075200 ) ) ;
#3044 = CARTESIAN_POINT ( 'NONE',  ( 4.645000000000001400, -0.1349999999999994500, 2.592546190531647400 ) ) ;
#3045 = EDGE_CURVE ( 'NONE', #3468, #7603, #3752, .T. ) ;
#3046 = VECTOR ( 'NONE', #487, 1000.000000000000000 ) ;
#3047 = DIRECTION ( 'NONE',  ( -0.0000000000000000000, 0.0000000000000000000, 1.000000000000000000 ) ) ;
#3048 = DIRECTION ( 'NONE',  ( 1.000000000000000000, -0.0000000000000000000, -0.0000000000000000000 ) ) ;
#3049 = ORIENTED_EDGE ( 'NONE', *, *, #4162, .F. ) ;
#3050 = DIRECTION ( 'NONE',  ( 3.859235655567988700E-032, -1.000000000000000000, 2.832769448823989800E-016 ) ) ;
#3051 = CIRCLE ( 'NONE', #6674, 0.2350000000000004000 ) ;
#3052 = AXIS2_PLACEMENT_3D ( 'NONE', #5966, #1899, #3305 ) ;
#3053 = PLANE ( 'NONE',  #930 ) ;
#3054 = STYLED_ITEM ( 'NONE', ( #1124 ), #6126 ) ;
#3055 = ORIENTED_EDGE ( 'NONE', *, *, #5385, .T. ) ;
#3056 = LINE ( 'NONE', #2522, #8026 ) ;
#3057 = DIRECTION ( 'NONE',  ( -1.000000000000000000, 0.0000000000000000000, 0.0000000000000000000 ) ) ;
#3058 = PLANE ( 'NONE',  #3519 ) ;
#3059 = CARTESIAN_POINT ( 'NONE',  ( -0.4350000000000005000, -0.8885781443239865200, 2.999587534657339700 ) ) ;
#3060 = DIRECTION ( 'NONE',  ( -1.000000000000000000, 0.0000000000000000000, 0.0000000000000000000 ) ) ;
#3061 = EDGE_CURVE ( 'NONE', #2793, #7523, #5851, .T. ) ;
#3062 = VERTEX_POINT ( 'NONE', #6645 ) ;
#3063 = AXIS2_PLACEMENT_3D ( 'NONE', #4373, #5042, #6884 ) ;
#3064 = DIRECTION ( 'NONE',  ( -1.000000000000000000, 0.0000000000000000000, 0.0000000000000000000 ) ) ;
#3065 = VECTOR ( 'NONE', #5524, 1000.000000000000200 ) ;
#3066 = AXIS2_PLACEMENT_3D ( 'NONE', #7212, #3215, #7238 ) ;
#3067 = DIRECTION ( 'NONE',  ( -1.000000000000000000, -0.0000000000000000000, -0.0000000000000000000 ) ) ;
#3068 = DIRECTION ( 'NONE',  ( 1.000000000000000000, 0.0000000000000000000, 0.0000000000000000000 ) ) ;
#3069 = ORIENTED_EDGE ( 'NONE', *, *, #6650, .T. ) ;
#3070 = LINE ( 'NONE', #3289, #8242 ) ;
#3071 = ORIENTED_EDGE ( 'NONE', *, *, #2077, .F. ) ;
#3072 = DIRECTION ( 'NONE',  ( -1.000000000000000000, 0.0000000000000000000, 0.0000000000000000000 ) ) ;
#3073 = DIRECTION ( 'NONE',  ( 0.0000000000000000000, -1.000000000000000000, 0.0000000000000000000 ) ) ;
#3074 = PLANE ( 'NONE',  #5562 ) ;
#3075 = DIRECTION ( 'NONE',  ( -1.000000000000000000, 0.0000000000000000000, 0.0000000000000000000 ) ) ;
#3076 = ADVANCED_FACE ( 'NONE', ( #7101 ), #4041, .F. ) ;
#3077 = EDGE_CURVE ( 'NONE', #3185, #8682, #5750, .T. ) ;
#3078 = ORIENTED_EDGE ( 'NONE', *, *, #2355, .F. ) ;
#3079 = FACE_OUTER_BOUND ( 'NONE', #6505, .T. ) ;
#3080 = LINE ( 'NONE', #5458, #5029 ) ;
#3081 = CARTESIAN_POINT ( 'NONE',  ( -1.705000000000000300, -0.1349999999999994500, 2.592546190531647400 ) ) ;
#3082 = EDGE_LOOP ( 'NONE', ( #2166, #7573, #4730, #4949 ) ) ;
#3083 = VECTOR ( 'NONE', #797, 1000.000000000000000 ) ;
#3084 = CARTESIAN_POINT ( 'NONE',  ( 0.4349999999999987800, -0.09419267824826987900, -2.823976012489516600 ) ) ;
#3085 = ORIENTED_EDGE ( 'NONE', *, *, #6832, .T. ) ;
#3086 = EDGE_CURVE ( 'NONE', #456, #4555, #4082, .T. ) ;
#3087 = ORIENTED_EDGE ( 'NONE', *, *, #3366, .T. ) ;
#3088 = VECTOR ( 'NONE', #6569, 1000.000000000000000 ) ;
#3089 = LINE ( 'NONE', #8775, #7412 ) ;
#3090 = EDGE_CURVE ( 'NONE', #3716, #2602, #1917, .T. ) ;
#3091 = CARTESIAN_POINT ( 'NONE',  ( 3.374999999999999600, 0.1000000000000000100, 2.825000000000000200 ) ) ;
#3092 = DIRECTION ( 'NONE',  ( 0.0000000000000000000, -1.084202172485504900E-016, 1.000000000000000000 ) ) ;
#3093 = CARTESIAN_POINT ( 'NONE',  ( 2.104999999999999100, -0.8946558305423296700, -2.965119263301910100 ) ) ;
#3094 = CARTESIAN_POINT ( 'NONE',  ( -4.645000000000001400, -0.1349999999999994500, -2.592546190531647400 ) ) ;
#3095 = CIRCLE ( 'NONE', #1725, 0.2350000000000004000 ) ;
#3096 = ORIENTED_EDGE ( 'NONE', *, *, #7605, .F. ) ;
#3097 = ADVANCED_FACE ( 'NONE', ( #2657 ), #6766, .T. ) ;
#3098 = PRESENTATION_LAYER_ASSIGNMENT (  '', '', ( #6997 ) ) ;
#3099 = DIRECTION ( 'NONE',  ( -0.0000000000000000000, -0.0000000000000000000, 1.000000000000000000 ) ) ;
#3100 = DIRECTION ( 'NONE',  ( 0.0000000000000000000, 0.1736481776669341100, 0.9848077530122073500 ) ) ;
#3101 = PLANE ( 'NONE',  #3890 ) ;
#3102 = DIRECTION ( 'NONE',  ( -1.000000000000000000, 0.0000000000000000000, -0.0000000000000000000 ) ) ;
#3103 = CIRCLE ( 'NONE', #6433, 0.03500000000000030900 ) ;
#3104 = CARTESIAN_POINT ( 'NONE',  ( -1.705000000000000300, -0.8885781443239865200, 2.999587534657339700 ) ) ;
#3105 = AXIS2_PLACEMENT_3D ( 'NONE', #6811, #6195, #6144 ) ;
#3106 = EDGE_LOOP ( 'NONE', ( #2285, #2743, #4509, #1595 ) ) ;
#3107 = VECTOR ( 'NONE', #4983, 1000.000000000000200 ) ;
#3108 = CARTESIAN_POINT ( 'NONE',  ( 4.645000000000001400, -0.9235781443239867700, -2.999587534657339700 ) ) ;
#3109 = ORIENTED_EDGE ( 'NONE', *, *, #6317, .T. ) ;
#3110 = DIRECTION ( 'NONE',  ( 0.0000000000000000000, 0.0000000000000000000, -1.000000000000000000 ) ) ;
#3111 = LINE ( 'NONE', #1458, #6703 ) ;
#3112 = AXIS2_PLACEMENT_3D ( 'NONE', #6557, #8608, #1190 ) ;
#3113 = ORIENTED_EDGE ( 'NONE', *, *, #6279, .T. ) ;
#3114 = VERTEX_POINT ( 'NONE', #3426 ) ;
#3115 = CARTESIAN_POINT ( 'NONE',  ( -3.375000000000001300, -0.9235781443239867700, -2.999587534657339700 ) ) ;
#3116 = AXIS2_PLACEMENT_3D ( 'NONE', #6025, #3265, #5284 ) ;
#3117 = DIRECTION ( 'NONE',  ( -1.000000000000000000, 0.0000000000000000000, 0.0000000000000000000 ) ) ;
#3118 = VECTOR ( 'NONE', #1339, 1000.000000000000000 ) ;
#3119 = VERTEX_POINT ( 'NONE', #6135 ) ;
#3120 = ORIENTED_EDGE ( 'NONE', *, *, #4702, .T. ) ;
#3121 = ADVANCED_FACE ( 'NONE', ( #2232 ), #319, .T. ) ;
#3122 = DIRECTION ( 'NONE',  ( -0.0000000000000000000, 0.9848077530122073500, -0.1736481776669340500 ) ) ;
#3123 = CIRCLE ( 'NONE', #7567, 0.2350000000000004000 ) ;
#3124 = DIRECTION ( 'NONE',  ( 0.0000000000000000000, 0.0000000000000000000, -1.000000000000000000 ) ) ;
#3125 = ORIENTED_EDGE ( 'NONE', *, *, #3613, .F. ) ;
#3126 = VERTEX_POINT ( 'NONE', #694 ) ;
#3127 = LINE ( 'NONE', #5923, #1406 ) ;
#3128 = DIRECTION ( 'NONE',  ( -1.000000000000000000, -4.212971753347078400E-032, 2.168404344971009900E-016 ) ) ;
#3129 = VECTOR ( 'NONE', #1164, 1000.000000000000000 ) ;
#3130 = VECTOR ( 'NONE', #466, 1000.000000000000000 ) ;
#3131 = CARTESIAN_POINT ( 'NONE',  ( -4.645000000000001400, -0.8885781443239866300, 2.999587534657338800 ) ) ;
#3132 = ORIENTED_EDGE ( 'NONE', *, *, #1372, .F. ) ;
#3133 = EDGE_CURVE ( 'NONE', #7117, #1054, #8262, .T. ) ;
#3134 = CARTESIAN_POINT ( 'NONE',  ( -4.645000000000001400, -0.09419267824827008700, -2.823976012489515200 ) ) ;
#3135 = DIRECTION ( 'NONE',  ( 0.0000000000000000000, 1.000000000000000000, 0.0000000000000000000 ) ) ;
#3136 = EDGE_CURVE ( 'NONE', #4705, #8473, #7315, .T. ) ;
#3137 = VERTEX_POINT ( 'NONE', #7482 ) ;
#3138 = DIRECTION ( 'NONE',  ( -1.000000000000000000, 0.0000000000000000000, 0.0000000000000000000 ) ) ;
#3139 = VERTEX_POINT ( 'NONE', #3457 ) ;
#3140 = CIRCLE ( 'NONE', #4406, 0.03500000000000030900 ) ;
#3141 = CARTESIAN_POINT ( 'NONE',  ( -3.375000000000001300, -0.8946558305423294400, -2.965119263301911400 ) ) ;
#3142 = DIRECTION ( 'NONE',  ( 0.0000000000000000000, 0.0000000000000000000, -1.000000000000000000 ) ) ;
#3143 = CARTESIAN_POINT ( 'NONE',  ( 2.974999999999998800, -1.123578144323986900, 3.555000000000000200 ) ) ;
#3144 = EDGE_CURVE ( 'NONE', #7778, #4658, #5236, .T. ) ;
#3145 = CARTESIAN_POINT ( 'NONE',  ( -4.245000000000001000, -0.09419267824826980900, -2.823976012489516600 ) ) ;
#3146 = VERTEX_POINT ( 'NONE', #2750 ) ;
#3147 = LINE ( 'NONE', #3748, #2405 ) ;
#3148 = ORIENTED_EDGE ( 'NONE', *, *, #5973, .F. ) ;
#3149 = CARTESIAN_POINT ( 'NONE',  ( 0.8349999999999989700, -0.09999999999999925600, -2.592546190531647400 ) ) ;
#3150 = EDGE_CURVE ( 'NONE', #1919, #525, #1805, .T. ) ;
#3151 = PLANE ( 'NONE',  #66 ) ;
#3152 = EDGE_LOOP ( 'NONE', ( #20, #4930, #3758, #7727 ) ) ;
#3153 = LINE ( 'NONE', #6636, #278 ) ;
#3154 = PLANE ( 'NONE',  #7872 ) ;
#3155 = EDGE_CURVE ( 'NONE', #38, #239, #4196, .T. ) ;
#3156 = AXIS2_PLACEMENT_3D ( 'NONE', #5241, #2397, #1015 ) ;
#3157 = DIRECTION ( 'NONE',  ( 0.0000000000000000000, 1.000000000000000000, 0.0000000000000000000 ) ) ;
#3158 = DIRECTION ( 'NONE',  ( -1.000000000000000000, 0.0000000000000000000, -0.0000000000000000000 ) ) ;
#3159 = AXIS2_PLACEMENT_3D ( 'NONE', #2248, #2937, #2872 ) ;
#3160 = EDGE_CURVE ( 'NONE', #38, #4755, #3643, .T. ) ;
#3161 = CARTESIAN_POINT ( 'NONE',  ( 0.4349999999999987800, -1.123578144323986900, 2.970219047566134300 ) ) ;
#3162 =( LENGTH_UNIT ( ) NAMED_UNIT ( * ) SI_UNIT ( .MILLI., .METRE. ) );
#3163 = CARTESIAN_POINT ( 'NONE',  ( -2.105000000000001300, -0.8885781443239865200, 2.999587534657339700 ) ) ;
#3164 = EDGE_LOOP ( 'NONE', ( #3371, #7688, #7510, #1794 ) ) ;
#3165 = ADVANCED_FACE ( 'NONE', ( #95 ), #6853, .F. ) ;
#3166 = VECTOR ( 'NONE', #8202, 1000.000000000000000 ) ;
#3167 = AXIS2_PLACEMENT_3D ( 'NONE', #2632, #3332, #1258 ) ;
#3168 = CARTESIAN_POINT ( 'NONE',  ( 0.0000000000000000000, -0.9293854660757164800, 2.768157712699470100 ) ) ;
#3169 = DIRECTION ( 'NONE',  ( 1.000000000000000000, -0.0000000000000000000, -0.0000000000000000000 ) ) ;
#3170 = DIRECTION ( 'NONE',  ( 0.0000000000000000000, -0.1736481776669339900, -0.9848077530122073500 ) ) ;
#3171 = VERTEX_POINT ( 'NONE', #2778 ) ;
#3172 = DIRECTION ( 'NONE',  ( -7.080503983578802800E-016, 0.0000000000000000000, -1.000000000000000000 ) ) ;
#3173 = CARTESIAN_POINT ( 'NONE',  ( 4.245000000000000100, -1.123578144323987200, 3.555000000000000200 ) ) ;
#3174 = ORIENTED_EDGE ( 'NONE', *, *, #4982, .T. ) ;
#3175 = VECTOR ( 'NONE', #56, 1000.000000000000200 ) ;
#3176 = PLANE ( 'NONE',  #2241 ) ;
#3177 = EDGE_CURVE ( 'NONE', #347, #4125, #1052, .T. ) ;
#3178 = EDGE_CURVE ( 'NONE', #7675, #3216, #4712, .T. ) ;
#3179 = DIRECTION ( 'NONE',  ( 0.0000000000000000000, 0.0000000000000000000, -1.000000000000000000 ) ) ;
#3180 = VECTOR ( 'NONE', #1900, 1000.000000000000000 ) ;
#3181 = FACE_OUTER_BOUND ( 'NONE', #286, .T. ) ;
#3182 = LINE ( 'NONE', #235, #5342 ) ;
#3183 = CARTESIAN_POINT ( 'NONE',  ( -0.4350000000000011600, -1.123578144323986300, 0.005099784264222431700 ) ) ;
#3184 = CARTESIAN_POINT ( 'NONE',  ( -0.8350000000000015200, -0.8946558305423296700, 2.965119263301910100 ) ) ;
#3185 = VERTEX_POINT ( 'NONE', #6266 ) ;
#3186 = ADVANCED_FACE ( 'NONE', ( #840 ), #6330, .F. ) ;
#3187 = ORIENTED_EDGE ( 'NONE', *, *, #3177, .F. ) ;
#3188 = LINE ( 'NONE', #7560, #1368 ) ;
#3189 = LINE ( 'NONE', #3376, #4399 ) ;
#3190 = DIRECTION ( 'NONE',  ( 1.000000000000000000, 0.0000000000000000000, 0.0000000000000000000 ) ) ;
#3191 = VECTOR ( 'NONE', #1997, 1000.000000000000000 ) ;
#3192 = ORIENTED_EDGE ( 'NONE', *, *, #8774, .F. ) ;
#3193 = EDGE_CURVE ( 'NONE', #8611, #2811, #4294, .T. ) ;
#3194 = DIRECTION ( 'NONE',  ( -1.000000000000000000, 0.0000000000000000000, -0.0000000000000000000 ) ) ;
#3195 = ORIENTED_EDGE ( 'NONE', *, *, #4521, .F. ) ;
#3196 = DIRECTION ( 'NONE',  ( 1.000000000000000000, 0.0000000000000000000, 0.0000000000000000000 ) ) ;
#3197 = VECTOR ( 'NONE', #7160, 1000.000000000000000 ) ;
#3198 = CARTESIAN_POINT ( 'NONE',  ( 3.374999999999999600, -0.1349999999999994500, 2.592546190531647400 ) ) ;
#3199 = DIRECTION ( 'NONE',  ( 0.0000000000000000000, -0.0000000000000000000, -1.000000000000000000 ) ) ;
#3200 = CARTESIAN_POINT ( 'NONE',  ( 2.104999999999999100, -0.8885781443239865200, -2.999587534657339700 ) ) ;
#3201 = ADVANCED_FACE ( 'NONE', ( #7631 ), #251, .T. ) ;
#3202 = LINE ( 'NONE', #7013, #106 ) ;
#3203 = EDGE_CURVE ( 'NONE', #1349, #1964, #3307, .T. ) ;
#3204 = EDGE_LOOP ( 'NONE', ( #3698, #8351, #250, #7625 ) ) ;
#3205 = VERTEX_POINT ( 'NONE', #6964 ) ;
#3206 = CIRCLE ( 'NONE', #1138, 0.2350000000000004000 ) ;
#3207 = AXIS2_PLACEMENT_3D ( 'NONE', #3336, #6691, #8057 ) ;
#3208 = FACE_OUTER_BOUND ( 'NONE', #1371, .T. ) ;
#3209 = CARTESIAN_POINT ( 'NONE',  ( 2.974999999999998300, -0.8946558305423294400, 2.965119263301911400 ) ) ;
#3210 = VECTOR ( 'NONE', #7882, 1000.000000000000200 ) ;
#3211 = VERTEX_POINT ( 'NONE', #2282 ) ;
#3212 = ORIENTED_EDGE ( 'NONE', *, *, #7108, .T. ) ;
#3213 = CARTESIAN_POINT ( 'NONE',  ( 4.645000000000001400, -0.8885781443239865200, 2.999587534657339700 ) ) ;
#3214 = DIRECTION ( 'NONE',  ( -1.000000000000000000, -0.0000000000000000000, -0.0000000000000000000 ) ) ;
#3215 = DIRECTION ( 'NONE',  ( 1.000000000000000000, 0.0000000000000000000, -0.0000000000000000000 ) ) ;
#3216 = VERTEX_POINT ( 'NONE', #8362 ) ;
#3217 = AXIS2_PLACEMENT_3D ( 'NONE', #6546, #4023, #8677 ) ;
#3218 = VECTOR ( 'NONE', #1746, 1000.000000000000000 ) ;
#3219 = VECTOR ( 'NONE', #8452, 1000.000000000000200 ) ;
#3220 = VERTEX_POINT ( 'NONE', #4276 ) ;
#3221 = FACE_OUTER_BOUND ( 'NONE', #6714, .T. ) ;
#3222 = CARTESIAN_POINT ( 'NONE',  ( 0.4349999999999987800, -1.123578144323986900, 2.999587534657339700 ) ) ;
#3223 = LINE ( 'NONE', #2601, #4434 ) ;
#3224 = PLANE ( 'NONE',  #3933 ) ;
#3225 = VERTEX_POINT ( 'NONE', #4304 ) ;
#3226 = ORIENTED_EDGE ( 'NONE', *, *, #7832, .T. ) ;
#3227 = ORIENTED_EDGE ( 'NONE', *, *, #1878, .T. ) ;
#3228 = EDGE_CURVE ( 'NONE', #1834, #5832, #7528, .T. ) ;
#3229 = CARTESIAN_POINT ( 'NONE',  ( -4.645000000000001400, -0.9235781443239867700, 2.999587534657338800 ) ) ;
#3230 = ORIENTED_EDGE ( 'NONE', *, *, #6957, .F. ) ;
#3231 = AXIS2_PLACEMENT_3D ( 'NONE', #3542, #3615, #260 ) ;
#3232 = LINE ( 'NONE', #571, #5587 ) ;
#3233 = ORIENTED_EDGE ( 'NONE', *, *, #5278, .T. ) ;
#3234 = EDGE_LOOP ( 'NONE', ( #3668, #8071, #3572, #5496 ) ) ;
#3235 = ORIENTED_EDGE ( 'NONE', *, *, #3325, .F. ) ;
#3236 = PLANE ( 'NONE',  #3116 ) ;
#3237 = EDGE_LOOP ( 'NONE', ( #6608, #7501, #1851, #2274 ) ) ;
#3238 = LINE ( 'NONE', #704, #5494 ) ;
#3239 = LINE ( 'NONE', #5223, #2288 ) ;
#3240 = ORIENTED_EDGE ( 'NONE', *, *, #5928, .F. ) ;
#3241 = VERTEX_POINT ( 'NONE', #7697 ) ;
#3242 = CARTESIAN_POINT ( 'NONE',  ( 4.645000000000001400, -0.1289223137816567200, 2.627014461887075200 ) ) ;
#3243 = CARTESIAN_POINT ( 'NONE',  ( -4.645000000000001400, -0.1349999999999994500, -2.592546190531647400 ) ) ;
#3244 = ORIENTED_EDGE ( 'NONE', *, *, #3155, .F. ) ;
#3245 = DIRECTION ( 'NONE',  ( 1.000000000000000000, -0.0000000000000000000, -0.0000000000000000000 ) ) ;
#3246 = DIRECTION ( 'NONE',  ( 1.451823225083932900E-032, -1.000000000000000000, -1.608122649676636600E-016 ) ) ;
#3247 = LINE ( 'NONE', #7289, #4551 ) ;
#3248 = ORIENTED_EDGE ( 'NONE', *, *, #5723, .T. ) ;
#3249 = EDGE_LOOP ( 'NONE', ( #8724, #5169, #8508, #1603 ) ) ;
#3250 = DIRECTION ( 'NONE',  ( 1.000000000000000000, -0.0000000000000000000, -0.0000000000000000000 ) ) ;
#3251 = EDGE_CURVE ( 'NONE', #6564, #4440, #202, .T. ) ;
#3252 = CARTESIAN_POINT ( 'NONE',  ( -2.975000000000001000, -0.8885781443239865200, -2.999587534657339700 ) ) ;
#3253 = ADVANCED_FACE ( 'NONE', ( #1906 ), #7656, .F. ) ;
#3254 = CARTESIAN_POINT ( 'NONE',  ( -2.105000000000001300, -1.123578144323986900, 2.999587534657339700 ) ) ;
#3255 = DIRECTION ( 'NONE',  ( 0.0000000000000000000, -0.1736481776669340800, 0.9848077530122074700 ) ) ;
#3256 = DIRECTION ( 'NONE',  ( -1.000000000000000000, 0.0000000000000000000, -0.0000000000000000000 ) ) ;
#3257 = FACE_OUTER_BOUND ( 'NONE', #8166, .T. ) ;
#3258 = EDGE_CURVE ( 'NONE', #1760, #2825, #5948, .T. ) ;
#3259 = CARTESIAN_POINT ( 'NONE',  ( -2.105000000000001300, -0.8885781443239865200, -2.999587534657339700 ) ) ;
#3260 = PLANE ( 'NONE',  #7066 ) ;
#3261 = ORIENTED_EDGE ( 'NONE', *, *, #4648, .T. ) ;
#3262 = EDGE_CURVE ( 'NONE', #5268, #5759, #87, .T. ) ;
#3263 = LINE ( 'NONE', #122, #4039 ) ;
#3264 = DIRECTION ( 'NONE',  ( 0.0000000000000000000, -1.000000000000000000, 0.0000000000000000000 ) ) ;
#3265 = DIRECTION ( 'NONE',  ( 1.000000000000000000, 0.0000000000000000000, -0.0000000000000000000 ) ) ;
#3266 = DIRECTION ( 'NONE',  ( -1.000000000000000000, 0.0000000000000000000, -0.0000000000000000000 ) ) ;
#3267 = VERTEX_POINT ( 'NONE', #6379 ) ;
#3268 = EDGE_LOOP ( 'NONE', ( #7356, #8088, #6043, #2689 ) ) ;
#3269 = EDGE_CURVE ( 'NONE', #2955, #8699, #5124, .T. ) ;
#3270 = CARTESIAN_POINT ( 'NONE',  ( -0.8350000000000015200, 0.1000000000000000100, 1.599999999999999900 ) ) ;
#3271 = CARTESIAN_POINT ( 'NONE',  ( -3.375000000000001300, 0.1000000000000000100, 1.599999999999999900 ) ) ;
#3272 = AXIS2_PLACEMENT_3D ( 'NONE', #6026, #608, #1257 ) ;
#3273 = FILL_AREA_STYLE_COLOUR ( '', #7431 ) ;
#3274 = ORIENTED_EDGE ( 'NONE', *, *, #3364, .T. ) ;
#3275 = ADVANCED_FACE ( 'NONE', ( #2980 ), #8430, .F. ) ;
#3276 = VECTOR ( 'NONE', #2064, 1000.000000000000000 ) ;
#3277 = CARTESIAN_POINT ( 'NONE',  ( 0.0000000000000000000, -0.9235781443239861100, -0.005099784264222377100 ) ) ;
#3278 = DIRECTION ( 'NONE',  ( 0.0000000000000000000, 0.1736481776669341100, 0.9848077530122073500 ) ) ;
#3279 = DIRECTION ( 'NONE',  ( 1.000000000000000000, -0.0000000000000000000, -0.0000000000000000000 ) ) ;
#3280 = AXIS2_PLACEMENT_3D ( 'NONE', #4941, #2925, #5610 ) ;
#3281 = ORIENTED_EDGE ( 'NONE', *, *, #339, .T. ) ;
#3282 = AXIS2_PLACEMENT_3D ( 'NONE', #6734, #1361, #651 ) ;
#3283 = FACE_OUTER_BOUND ( 'NONE', #1537, .T. ) ;
#3284 = ORIENTED_EDGE ( 'NONE', *, *, #228, .T. ) ;
#3285 = COLOUR_RGB ( '',0.2509803921568627400, 0.2509803921568627400, 0.2509803921568627400 ) ;
#3286 = DIRECTION ( 'NONE',  ( 0.0000000000000000000, 0.1736481776669342400, -0.9848077530122073500 ) ) ;
#3287 = ORIENTED_EDGE ( 'NONE', *, *, #8237, .T. ) ;
#3288 = AXIS2_PLACEMENT_3D ( 'NONE', #3782, #333, #5143 ) ;
#3289 = CARTESIAN_POINT ( 'NONE',  ( -4.245000000000000100, -0.1000000000000000100, -1.599999999999999900 ) ) ;
#3290 =( NAMED_UNIT ( * ) PLANE_ANGLE_UNIT ( ) SI_UNIT ( $, .RADIAN. ) );
#3291 = DIRECTION ( 'NONE',  ( -0.0000000000000000000, -0.9848077530122073500, -0.1736481776669340500 ) ) ;
#3292 = CARTESIAN_POINT ( 'NONE',  ( -4.645000000000000500, -1.123578144323987200, -3.970219047566133900 ) ) ;
#3293 = EDGE_LOOP ( 'NONE', ( #5196, #7838, #5738, #2819 ) ) ;
#3294 = LINE ( 'NONE', #2108, #1467 ) ;
#3295 = LINE ( 'NONE', #564, #1692 ) ;
#3296 = CARTESIAN_POINT ( 'NONE',  ( -4.245000000000000100, -0.8946558305423296700, 2.965119263301910100 ) ) ;
#3297 = ORIENTED_EDGE ( 'NONE', *, *, #1059, .F. ) ;
#3298 = LINE ( 'NONE', #6983, #3083 ) ;
#3299 = DIRECTION ( 'NONE',  ( 0.0000000000000000000, 9.227252531791510400E-016, 1.000000000000000000 ) ) ;
#3300 = EDGE_CURVE ( 'NONE', #7149, #821, #4920, .T. ) ;
#3301 = CARTESIAN_POINT ( 'NONE',  ( 2.105000000000000400, -1.123578144323987200, 3.555000000000000200 ) ) ;
#3302 = CARTESIAN_POINT ( 'NONE',  ( 2.104999999999999100, 0.1000000000000007500, -2.592546190531647400 ) ) ;
#3303 = CARTESIAN_POINT ( 'NONE',  ( -4.245000000000000100, -0.8885781443239866300, 2.999587534657338800 ) ) ;
#3304 = ORIENTED_EDGE ( 'NONE', *, *, #3510, .T. ) ;
#3305 = DIRECTION ( 'NONE',  ( 0.0000000000000000000, -0.9848077530122073500, -0.1736481776669340500 ) ) ;
#3306 = DIRECTION ( 'NONE',  ( 0.0000000000000000000, 0.0000000000000000000, -1.000000000000000000 ) ) ;
#3307 = LINE ( 'NONE', #2962, #1699 ) ;
#3308 = CARTESIAN_POINT ( 'NONE',  ( -4.645000000000001400, -0.8946558305423293300, 2.965119263301911400 ) ) ;
#3309 = DIRECTION ( 'NONE',  ( -0.0000000000000000000, 0.1736481776669340500, 0.9848077530122073500 ) ) ;
#3310 = VECTOR ( 'NONE', #2742, 1000.000000000000200 ) ;
#3311 = DIRECTION ( 'NONE',  ( 0.0000000000000000000, 1.000000000000000000, 0.0000000000000000000 ) ) ;
#3312 = EDGE_CURVE ( 'NONE', #4439, #3438, #2126, .T. ) ;
#3313 = DIRECTION ( 'NONE',  ( -1.000000000000000000, 0.0000000000000000000, 0.0000000000000000000 ) ) ;
#3314 = CIRCLE ( 'NONE', #5831, 0.03500000000000030900 ) ;
#3315 = DIRECTION ( 'NONE',  ( -0.0000000000000000000, 0.0000000000000000000, 1.000000000000000000 ) ) ;
#3316 = ORIENTED_EDGE ( 'NONE', *, *, #7711, .F. ) ;
#3317 = ORIENTED_EDGE ( 'NONE', *, *, #4463, .F. ) ;
#3318 = EDGE_CURVE ( 'NONE', #6767, #3137, #5337, .T. ) ;
#3319 = VERTEX_POINT ( 'NONE', #5729 ) ;
#3320 = FACE_OUTER_BOUND ( 'NONE', #8376, .T. ) ;
#3321 = SURFACE_SIDE_STYLE ('',( #4746 ) ) ;
#3322 = ORIENTED_EDGE ( 'NONE', *, *, #1198, .T. ) ;
#3323 = DIRECTION ( 'NONE',  ( 0.0000000000000000000, -1.000000000000000000, 0.0000000000000000000 ) ) ;
#3324 = FACE_OUTER_BOUND ( 'NONE', #3082, .T. ) ;
#3325 = EDGE_CURVE ( 'NONE', #2602, #1064, #2337, .T. ) ;
#3326 = AXIS2_PLACEMENT_3D ( 'NONE', #8226, #3512, #5618 ) ;
#3327 = ORIENTED_EDGE ( 'NONE', *, *, #1340, .F. ) ;
#3328 = DIRECTION ( 'NONE',  ( 0.0000000000000000000, 0.0000000000000000000, 1.000000000000000000 ) ) ;
#3329 = AXIS2_PLACEMENT_3D ( 'NONE', #8522, #402, #3820 ) ;
#3330 = EDGE_CURVE ( 'NONE', #7833, #1536, #3295, .T. ) ;
#3331 = FACE_OUTER_BOUND ( 'NONE', #5888, .T. ) ;
#3332 = DIRECTION ( 'NONE',  ( -1.000000000000000000, 8.425943506694156900E-032, 4.336808689942019700E-016 ) ) ;
#3333 = ORIENTED_EDGE ( 'NONE', *, *, #5204, .F. ) ;
#3334 = DIRECTION ( 'NONE',  ( 0.0000000000000000000, -0.1736481776669339900, 0.9848077530122073500 ) ) ;
#3335 = LINE ( 'NONE', #809, #1506 ) ;
#3336 = CARTESIAN_POINT ( 'NONE',  ( -2.975000000000000100, -0.8885781443239865200, 2.999587534657339700 ) ) ;
#3337 = DIRECTION ( 'NONE',  ( -0.0000000000000000000, -0.9848077530122073500, 0.1736481776669340500 ) ) ;
#3338 = ORIENTED_EDGE ( 'NONE', *, *, #5815, .F. ) ;
#3339 = DIRECTION ( 'NONE',  ( 1.000000000000000000, -0.0000000000000000000, -0.0000000000000000000 ) ) ;
#3340 = ORIENTED_EDGE ( 'NONE', *, *, #4261, .T. ) ;
#3341 = VERTEX_POINT ( 'NONE', #7376 ) ;
#3342 = CARTESIAN_POINT ( 'NONE',  ( -0.8350000000000015200, -0.09999999999999925600, 2.592546190531647400 ) ) ;
#3343 = ORIENTED_EDGE ( 'NONE', *, *, #5870, .T. ) ;
#3344 = LINE ( 'NONE', #7388, #7450 ) ;
#3345 = AXIS2_PLACEMENT_3D ( 'NONE', #8246, #5487, #1380 ) ;
#3346 = CARTESIAN_POINT ( 'NONE',  ( -4.245000000000001000, -0.1289223137816569700, -2.627014461887073900 ) ) ;
#3347 = ORIENTED_EDGE ( 'NONE', *, *, #6211, .F. ) ;
#3348 = EDGE_LOOP ( 'NONE', ( #1201, #5505, #7399, #6710 ) ) ;
#3349 = VERTEX_POINT ( 'NONE', #1327 ) ;
#3350 = DIRECTION ( 'NONE',  ( 0.0000000000000000000, -0.1736481776669339900, -0.9848077530122073500 ) ) ;
#3351 = VECTOR ( 'NONE', #7437, 1000.000000000000000 ) ;
#3352 = CIRCLE ( 'NONE', #1277, 0.03500000000000030900 ) ;
#3353 = CARTESIAN_POINT ( 'NONE',  ( -0.8350000000000015200, 0.1000000000000000100, -1.599999999999999900 ) ) ;
#3354 = ORIENTED_EDGE ( 'NONE', *, *, #3618, .F. ) ;
#3355 = DIRECTION ( 'NONE',  ( -4.336808689942019700E-016, -2.168404344971009900E-016, -1.000000000000000000 ) ) ;
#3356 =( GEOMETRIC_REPRESENTATION_CONTEXT ( 3 ) GLOBAL_UNCERTAINTY_ASSIGNED_CONTEXT ( ( #8539 ) ) GLOBAL_UNIT_ASSIGNED_CONTEXT ( ( #5332, #3290, #5279 ) ) REPRESENTATION_CONTEXT ( 'NONE', 'WORKASPACE' ) );
#3357 = CARTESIAN_POINT ( 'NONE',  ( 0.4349999999999987800, 0.4800880834868125900, -2.519629497316660900 ) ) ;
#3358 = ADVANCED_FACE ( 'NONE', ( #311 ), #531, .F. ) ;
#3359 = ORIENTED_EDGE ( 'NONE', *, *, #241, .F. ) ;
#3360 = DIRECTION ( 'NONE',  ( 0.0000000000000000000, 0.0000000000000000000, 1.000000000000000000 ) ) ;
#3361 = ORIENTED_EDGE ( 'NONE', *, *, #6323, .F. ) ;
#3362 = ORIENTED_EDGE ( 'NONE', *, *, #5156, .T. ) ;
#3363 = FACE_OUTER_BOUND ( 'NONE', #5702, .T. ) ;
#3364 = EDGE_CURVE ( 'NONE', #5932, #2315, #941, .T. ) ;
#3365 = PLANE ( 'NONE',  #6648 ) ;
#3366 = EDGE_CURVE ( 'NONE', #4792, #2481, #1148, .T. ) ;
#3367 = CARTESIAN_POINT ( 'NONE',  ( 4.245000000000000100, -0.8885781443239865200, -2.999587534657339700 ) ) ;
#3368 = ORIENTED_EDGE ( 'NONE', *, *, #8737, .T. ) ;
#3369 = CARTESIAN_POINT ( 'NONE',  ( 3.374999999999999600, -0.06527036446661303700, 2.818876228225294200 ) ) ;
#3370 = PRESENTATION_LAYER_ASSIGNMENT (  '', '', ( #607 ) ) ;
#3371 = ORIENTED_EDGE ( 'NONE', *, *, #955, .F. ) ;
#3372 = EDGE_LOOP ( 'NONE', ( #5621, #2029, #2896, #6160 ) ) ;
#3373 = VECTOR ( 'NONE', #7687, 1000.000000000000000 ) ;
#3374 = PLANE ( 'NONE',  #3167 ) ;
#3375 = CARTESIAN_POINT ( 'NONE',  ( 2.974999999999998300, 0.1000000000000000100, 1.599999999999999900 ) ) ;
#3376 = CARTESIAN_POINT ( 'NONE',  ( 2.105000000000000400, -0.9235781443239869900, 3.970219047566133900 ) ) ;
#3377 = CARTESIAN_POINT ( 'NONE',  ( -7.733763339029309200, -2.049999999999999800, -3.555000000000000200 ) ) ;
#3378 = CARTESIAN_POINT ( 'NONE',  ( -0.8350000000000015200, -0.1000000000000000100, 1.599999999999999900 ) ) ;
#3379 = ORIENTED_EDGE ( 'NONE', *, *, #7031, .F. ) ;
#3380 = LINE ( 'NONE', #7831, #4365 ) ;
#3381 = CARTESIAN_POINT ( 'NONE',  ( 4.645000000000001400, -0.9293854660757160400, 2.768157712699471000 ) ) ;
#3382 = EDGE_CURVE ( 'NONE', #3349, #7348, #3189, .T. ) ;
#3383 = DIRECTION ( 'NONE',  ( -1.000000000000000000, 0.0000000000000000000, 0.0000000000000000000 ) ) ;
#3384 = CARTESIAN_POINT ( 'NONE',  ( -2.975000000000000100, 0.1000000000000000200, 2.592546190531647400 ) ) ;
#3385 = CARTESIAN_POINT ( 'NONE',  ( 2.974999999999998300, 0.1000000000000000100, -1.599999999999999900 ) ) ;
#3386 = FACE_OUTER_BOUND ( 'NONE', #7317, .T. ) ;
#3387 = DIRECTION ( 'NONE',  ( 1.000000000000000000, 0.0000000000000000000, 0.0000000000000000000 ) ) ;
#3388 = EDGE_CURVE ( 'NONE', #1078, #568, #3962, .T. ) ;
#3389 = DIRECTION ( 'NONE',  ( 3.859235655567988700E-032, -1.000000000000000000, 2.832769448823989800E-016 ) ) ;
#3390 = EDGE_LOOP ( 'NONE', ( #6314, #3830, #6900, #1968 ) ) ;
#3391 = VECTOR ( 'NONE', #8319, 1000.000000000000000 ) ;
#3392 = PLANE ( 'NONE',  #6606 ) ;
#3393 = ADVANCED_FACE ( 'NONE', ( #6877 ), #2015, .F. ) ;
#3394 = ORIENTED_EDGE ( 'NONE', *, *, #5270, .F. ) ;
#3395 = DIRECTION ( 'NONE',  ( 0.0000000000000000000, 0.0000000000000000000, -1.000000000000000000 ) ) ;
#3396 = EDGE_LOOP ( 'NONE', ( #8727, #4077, #759, #4286 ) ) ;
#3397 = CYLINDRICAL_SURFACE ( 'NONE', #646, 0.03500000000000019100 ) ;
#3398 = CARTESIAN_POINT ( 'NONE',  ( -4.245000000000001000, -0.1349999999999994500, -2.592546190531647400 ) ) ;
#3399 = DIRECTION ( 'NONE',  ( 4.336808689942019700E-016, -2.168404344971009900E-016, 1.000000000000000000 ) ) ;
#3400 = DIRECTION ( 'NONE',  ( 1.000000000000000000, 0.0000000000000000000, 0.0000000000000000000 ) ) ;
#3401 = EDGE_LOOP ( 'NONE', ( #6639, #6408, #8758, #6604 ) ) ;
#3402 = CARTESIAN_POINT ( 'NONE',  ( -3.375000000000001300, -0.1349999999999994500, 2.592546190531647400 ) ) ;
#3403 = CARTESIAN_POINT ( 'NONE',  ( 2.974999999999998300, -0.09999999999999925600, -2.592546190531647400 ) ) ;
#3404 = AXIS2_PLACEMENT_3D ( 'NONE', #1430, #707, #6206 ) ;
#3405 = CARTESIAN_POINT ( 'NONE',  ( -4.245000000000001000, -0.8946558305423294400, -2.965119263301911400 ) ) ;
#3406 = ORIENTED_EDGE ( 'NONE', *, *, #5390, .T. ) ;
#3407 = FACE_OUTER_BOUND ( 'NONE', #1144, .T. ) ;
#3408 = CARTESIAN_POINT ( 'NONE',  ( -2.105000000000001300, -0.8885781443239865200, -2.999587534657339700 ) ) ;
#3409 = CYLINDRICAL_SURFACE ( 'NONE', #2025, 0.03500000000000019100 ) ;
#3410 = ORIENTED_EDGE ( 'NONE', *, *, #8752, .F. ) ;
#3411 = CARTESIAN_POINT ( 'NONE',  ( -4.645000000000001400, -1.123578144323986900, 2.970219047566134300 ) ) ;
#3412 = EDGE_CURVE ( 'NONE', #6265, #5060, #8049, .T. ) ;
#3413 = AXIS2_PLACEMENT_3D ( 'NONE', #1175, #5263, #1765 ) ;
#3414 = ORIENTED_EDGE ( 'NONE', *, *, #2770, .F. ) ;
#3415 = AXIS2_PLACEMENT_3D ( 'NONE', #8789, #4121, #8009 ) ;
#3416 = ORIENTED_EDGE ( 'NONE', *, *, #4817, .F. ) ;
#3417 = VECTOR ( 'NONE', #824, 1000.000000000000000 ) ;
#3418 = CIRCLE ( 'NONE', #8318, 0.03500000000000030900 ) ;
#3419 = AXIS2_PLACEMENT_3D ( 'NONE', #3044, #3068, #7051 ) ;
#3420 = VECTOR ( 'NONE', #457, 1000.000000000000200 ) ;
#3421 = ORIENTED_EDGE ( 'NONE', *, *, #5555, .T. ) ;
#3422 = EDGE_LOOP ( 'NONE', ( #7663, #5604, #6736, #4079 ) ) ;
#3423 = DIRECTION ( 'NONE',  ( 0.0000000000000000000, 0.0000000000000000000, -1.000000000000000000 ) ) ;
#3424 = CARTESIAN_POINT ( 'NONE',  ( -2.975000000000001000, -0.1000000000000000100, -2.825000000000000200 ) ) ;
#3425 = ADVANCED_FACE ( 'NONE', ( #7835 ), #7346, .T. ) ;
#3426 = CARTESIAN_POINT ( 'NONE',  ( 5.333673019291533800, 1.000000000000000000, 1.807728344383776800 ) ) ;
#3427 = ORIENTED_EDGE ( 'NONE', *, *, #1029, .F. ) ;
#3428 = DIRECTION ( 'NONE',  ( 0.0000000000000000000, 0.0000000000000000000, -1.000000000000000000 ) ) ;
#3429 = CARTESIAN_POINT ( 'NONE',  ( -0.8350000000000015200, -0.1349999999999994500, 2.592546190531647400 ) ) ;
#3430 = EDGE_LOOP ( 'NONE', ( #1247, #5783, #8725, #7763 ) ) ;
#3431 = EDGE_CURVE ( 'NONE', #5379, #1589, #2441, .T. ) ;
#3432 = DIRECTION ( 'NONE',  ( 0.0000000000000000000, 0.0000000000000000000, -1.000000000000000000 ) ) ;
#3433 = CARTESIAN_POINT ( 'NONE',  ( 0.4349999999999987800, -1.123578144323986900, 2.999587534657339700 ) ) ;
#3434 = DIRECTION ( 'NONE',  ( -1.000000000000000000, 0.0000000000000000000, 0.0000000000000000000 ) ) ;
#3435 = CARTESIAN_POINT ( 'NONE',  ( 0.4349999999999987800, -0.8885781443239865200, 2.999587534657339700 ) ) ;
#3436 = VECTOR ( 'NONE', #2797, 1000.000000000000200 ) ;
#3437 = EDGE_LOOP ( 'NONE', ( #3626, #7236, #4397, #4043 ) ) ;
#3438 = VERTEX_POINT ( 'NONE', #5376 ) ;
#3439 = EDGE_CURVE ( 'NONE', #8117, #3957, #621, .T. ) ;
#3440 = DIRECTION ( 'NONE',  ( -8.673617379884039400E-016, -2.168404344971009900E-016, 1.000000000000000000 ) ) ;
#3441 = CARTESIAN_POINT ( 'NONE',  ( 2.974999999999998300, -0.1000000000000000100, 1.599999999999999900 ) ) ;
#3442 = CARTESIAN_POINT ( 'NONE',  ( -1.705000000000001200, -0.09999999999999925600, -2.592546190531647400 ) ) ;
#3443 = PLANE ( 'NONE',  #2642 ) ;
#3444 = LINE ( 'NONE', #778, #8793 ) ;
#3445 = ADVANCED_FACE ( 'NONE', ( #1369 ), #4760, .F. ) ;
#3446 = EDGE_CURVE ( 'NONE', #1536, #2857, #725, .T. ) ;
#3447 = ORIENTED_EDGE ( 'NONE', *, *, #2355, .T. ) ;
#3448 = FACE_OUTER_BOUND ( 'NONE', #3430, .T. ) ;
#3449 = CIRCLE ( 'NONE', #8426, 0.03500000000000030900 ) ;
#3450 = DIRECTION ( 'NONE',  ( 1.000000000000000000, -0.0000000000000000000, -0.0000000000000000000 ) ) ;
#3451 = VERTEX_POINT ( 'NONE', #8324 ) ;
#3452 = ORIENTED_EDGE ( 'NONE', *, *, #1, .T. ) ;
#3453 = DIRECTION ( 'NONE',  ( -1.000000000000000000, 0.0000000000000000000, 0.0000000000000000000 ) ) ;
#3454 = DIRECTION ( 'NONE',  ( 1.000000000000000000, -0.0000000000000000000, 0.0000000000000000000 ) ) ;
#3455 = PLANE ( 'NONE',  #5890 ) ;
#3456 = FACE_OUTER_BOUND ( 'NONE', #8285, .T. ) ;
#3457 = CARTESIAN_POINT ( 'NONE',  ( -2.975000000000000100, -0.1000000000000000100, 1.599999999999999900 ) ) ;
#3458 = EDGE_LOOP ( 'NONE', ( #3148, #3528, #4065, #8463 ) ) ;
#3459 = VECTOR ( 'NONE', #3936, 1000.000000000000000 ) ;
#3460 = ORIENTED_EDGE ( 'NONE', *, *, #4097, .T. ) ;
#3461 = EDGE_CURVE ( 'NONE', #263, #5673, #6049, .T. ) ;
#3462 = LINE ( 'NONE', #7076, #24 ) ;
#3463 = VECTOR ( 'NONE', #8770, 1000.000000000000000 ) ;
#3464 = ORIENTED_EDGE ( 'NONE', *, *, #6212, .T. ) ;
#3465 = DIRECTION ( 'NONE',  ( 0.0000000000000000000, 0.0000000000000000000, 1.000000000000000000 ) ) ;
#3466 = VERTEX_POINT ( 'NONE', #316 ) ;
#3467 = FACE_OUTER_BOUND ( 'NONE', #2445, .T. ) ;
#3468 = VERTEX_POINT ( 'NONE', #7028 ) ;
#3469 = DIRECTION ( 'NONE',  ( 0.0000000000000000000, -1.000000000000000000, 0.0000000000000000000 ) ) ;
#3470 = DIRECTION ( 'NONE',  ( 0.0000000000000000000, 0.0000000000000000000, -1.000000000000000000 ) ) ;
#3471 = VERTEX_POINT ( 'NONE', #1928 ) ;
#3472 = VECTOR ( 'NONE', #3719, 1000.000000000000000 ) ;
#3473 = CARTESIAN_POINT ( 'NONE',  ( 4.645000000000001400, -0.09419267824826990700, 2.823976012489516600 ) ) ;
#3474 = LINE ( 'NONE', #6804, #776 ) ;
#3475 = VERTEX_POINT ( 'NONE', #8122 ) ;
#3476 = EDGE_LOOP ( 'NONE', ( #7394, #6097, #8627, #3799 ) ) ;
#3477 = AXIS2_PLACEMENT_3D ( 'NONE', #6172, #8148, #4156 ) ;
#3478 = CARTESIAN_POINT ( 'NONE',  ( -0.4350000000000013900, 0.1000000000000007500, -2.592546190531647400 ) ) ;
#3479 = ORIENTED_EDGE ( 'NONE', *, *, #3412, .F. ) ;
#3480 = ORIENTED_EDGE ( 'NONE', *, *, #2334, .F. ) ;
#3481 = STYLED_ITEM ( 'NONE', ( #4045 ), #6355 ) ;
#3482 = LINE ( 'NONE', #5057, #4980 ) ;
#3483 = DIRECTION ( 'NONE',  ( -0.0000000000000000000, 0.0000000000000000000, -1.000000000000000000 ) ) ;
#3484 = ORIENTED_EDGE ( 'NONE', *, *, #8477, .T. ) ;
#3485 = ORIENTED_EDGE ( 'NONE', *, *, #8355, .F. ) ;
#3486 = ORIENTED_EDGE ( 'NONE', *, *, #2964, .T. ) ;
#3487 = CARTESIAN_POINT ( 'NONE',  ( -4.645000000000001400, 0.4800880834868125900, -2.519629497316660900 ) ) ;
#3488 = EDGE_CURVE ( 'NONE', #1754, #8044, #3080, .T. ) ;
#3489 = ORIENTED_EDGE ( 'NONE', *, *, #8745, .F. ) ;
#3490 = FACE_OUTER_BOUND ( 'NONE', #7943, .T. ) ;
#3491 = DIRECTION ( 'NONE',  ( 1.000000000000000000, -0.0000000000000000000, 0.0000000000000000000 ) ) ;
#3492 = CARTESIAN_POINT ( 'NONE',  ( 0.0000000000000000000, -0.9293854660757164800, -2.768157712699470100 ) ) ;
#3493 = DIRECTION ( 'NONE',  ( -2.168404344971009900E-016, 2.168404344971009900E-016, -1.000000000000000000 ) ) ;
#3494 = CARTESIAN_POINT ( 'NONE',  ( 3.374999999999999600, -0.1000000000000000100, 2.825000000000000200 ) ) ;
#3495 = CARTESIAN_POINT ( 'NONE',  ( 0.0000000000000000000, -1.123578144323987200, -3.555000000000000200 ) ) ;
#3496 = LINE ( 'NONE', #1373, #5717 ) ;
#3497 = CARTESIAN_POINT ( 'NONE',  ( -4.245000000000001000, -1.123578144323986900, -2.999587534657339700 ) ) ;
#3498 = DIRECTION ( 'NONE',  ( 1.000000000000000000, -0.0000000000000000000, -0.0000000000000000000 ) ) ;
#3499 = DIRECTION ( 'NONE',  ( 1.000000000000000000, 0.0000000000000000000, -0.0000000000000000000 ) ) ;
#3500 = DIRECTION ( 'NONE',  ( -1.000000000000000000, -2.710505431213754200E-016, 0.0000000000000000000 ) ) ;
#3501 = CARTESIAN_POINT ( 'NONE',  ( 1.704999999999999000, -0.9235781443239868800, 3.555000000000000200 ) ) ;
#3502 = EDGE_CURVE ( 'NONE', #1206, #8516, #6241, .T. ) ;
#3503 = ADVANCED_FACE ( 'NONE', ( #7308 ), #1965, .T. ) ;
#3504 = DIRECTION ( 'NONE',  ( 0.0000000000000000000, -1.000000000000000000, 0.0000000000000000000 ) ) ;
#3505 =( NAMED_UNIT ( * ) PLANE_ANGLE_UNIT ( ) SI_UNIT ( $, .RADIAN. ) );
#3506 = CARTESIAN_POINT ( 'NONE',  ( 3.374999999999998700, 0.1000000000000007500, -2.592546190531647400 ) ) ;
#3507 = VERTEX_POINT ( 'NONE', #7343 ) ;
#3508 = FACE_OUTER_BOUND ( 'NONE', #566, .T. ) ;
#3509 = DIRECTION ( 'NONE',  ( 0.0000000000000000000, -2.168404344971009900E-016, 1.000000000000000000 ) ) ;
#3510 = EDGE_CURVE ( 'NONE', #5392, #398, #6666, .T. ) ;
#3511 = EDGE_CURVE ( 'NONE', #8473, #38, #2761, .T. ) ;
#3512 = DIRECTION ( 'NONE',  ( -1.000000000000000000, 0.0000000000000000000, 0.0000000000000000000 ) ) ;
#3513 = ORIENTED_EDGE ( 'NONE', *, *, #5660, .F. ) ;
#3514 = LINE ( 'NONE', #3497, #1571 ) ;
#3515 = ORIENTED_EDGE ( 'NONE', *, *, #998, .T. ) ;
#3516 = EDGE_LOOP ( 'NONE', ( #6966, #1724, #3421, #4495 ) ) ;
#3517 = ADVANCED_FACE ( 'NONE', ( #1254 ), #7395, .F. ) ;
#3518 = PLANE ( 'NONE',  #595 ) ;
#3519 = AXIS2_PLACEMENT_3D ( 'NONE', #3713, #3761, #8462 ) ;
#3520 = DIRECTION ( 'NONE',  ( 1.000000000000000000, 0.0000000000000000000, -0.0000000000000000000 ) ) ;
#3521 = ORIENTED_EDGE ( 'NONE', *, *, #3534, .F. ) ;
#3522 = VECTOR ( 'NONE', #4758, 1000.000000000000000 ) ;
#3523 = PLANE ( 'NONE',  #5837 ) ;
#3524 = ORIENTED_EDGE ( 'NONE', *, *, #2845, .F. ) ;
#3525 = FACE_OUTER_BOUND ( 'NONE', #4113, .T. ) ;
#3526 = MECHANICAL_DESIGN_GEOMETRIC_PRESENTATION_REPRESENTATION (  '', ( #3054 ), #2722 ) ;
#3527 = DIRECTION ( 'NONE',  ( -7.080503983578802800E-016, 0.0000000000000000000, -1.000000000000000000 ) ) ;
#3528 = ORIENTED_EDGE ( 'NONE', *, *, #1249, .F. ) ;
#3529 = DIRECTION ( 'NONE',  ( 1.000000000000000000, 2.710505431213754200E-016, 4.358825176006376800E-032 ) ) ;
#3530 = VECTOR ( 'NONE', #5511, 1000.000000000000000 ) ;
#3531 = CARTESIAN_POINT ( 'NONE',  ( -2.975000000000001000, -0.9235781443239867700, -2.999587534657339700 ) ) ;
#3532 = CARTESIAN_POINT ( 'NONE',  ( 0.0000000000000000000, -0.9235781443239861100, -0.005099784264222377100 ) ) ;
#3533 = VERTEX_POINT ( 'NONE', #3270 ) ;
#3534 = EDGE_CURVE ( 'NONE', #7745, #7463, #8366, .T. ) ;
#3535 = DIRECTION ( 'NONE',  ( 0.0000000000000000000, 0.0000000000000000000, 1.000000000000000000 ) ) ;
#3536 = EDGE_CURVE ( 'NONE', #3676, #8410, #8249, .T. ) ;
#3537 = FACE_OUTER_BOUND ( 'NONE', #22, .T. ) ;
#3538 = ADVANCED_FACE ( 'NONE', ( #521 ), #8732, .F. ) ;
#3539 = ORIENTED_EDGE ( 'NONE', *, *, #2738, .F. ) ;
#3540 = CARTESIAN_POINT ( 'NONE',  ( 1.704999999999999000, -0.8946558305423294400, 2.965119263301911400 ) ) ;
#3541 = VECTOR ( 'NONE', #2648, 1000.000000000000200 ) ;
#3542 = CARTESIAN_POINT ( 'NONE',  ( 4.245000000000000100, -0.8885781443239865200, 2.999587534657339700 ) ) ;
#3543 = ORIENTED_EDGE ( 'NONE', *, *, #2167, .T. ) ;
#3544 = CARTESIAN_POINT ( 'NONE',  ( 0.8349999999999989700, -0.9235781443239867700, -2.970219047566134300 ) ) ;
#3545 = ORIENTED_EDGE ( 'NONE', *, *, #8752, .T. ) ;
#3546 = EDGE_CURVE ( 'NONE', #1407, #4164, #8156, .T. ) ;
#3547 = VECTOR ( 'NONE', #5872, 1000.000000000000000 ) ;
#3548 = CARTESIAN_POINT ( 'NONE',  ( 5.333673019291534700, 1.000000000000000000, -2.123673019291533800 ) ) ;
#3549 = ORIENTED_EDGE ( 'NONE', *, *, #6180, .T. ) ;
#3550 = CARTESIAN_POINT ( 'NONE',  ( -4.245000000000001000, 0.1000000000000007500, -2.592546190531647400 ) ) ;
#3551 = DIRECTION ( 'NONE',  ( -1.000000000000000000, 0.0000000000000000000, -0.0000000000000000000 ) ) ;
#3552 = DIRECTION ( 'NONE',  ( -8.425943506694156900E-032, -1.000000000000000000, 0.0000000000000000000 ) ) ;
#3553 = CIRCLE ( 'NONE', #5001, 0.2350000000000004000 ) ;
#3554 = ORIENTED_EDGE ( 'NONE', *, *, #493, .T. ) ;
#3555 = EDGE_CURVE ( 'NONE', #3225, #3220, #4489, .T. ) ;
#3556 = LINE ( 'NONE', #1413, #2160 ) ;
#3557 = CIRCLE ( 'NONE', #3272, 0.03500000000000030900 ) ;
#3558 = DIRECTION ( 'NONE',  ( 1.000000000000000000, -0.0000000000000000000, -0.0000000000000000000 ) ) ;
#3559 = ORIENTED_EDGE ( 'NONE', *, *, #7805, .F. ) ;
#3560 = ORIENTED_EDGE ( 'NONE', *, *, #7781, .F. ) ;
#3561 = CARTESIAN_POINT ( 'NONE',  ( -2.105000000000001300, -1.123578144323986900, -2.999587534657339700 ) ) ;
#3562 = DIRECTION ( 'NONE',  ( -7.080503983578802800E-016, 0.0000000000000000000, 1.000000000000000000 ) ) ;
#3563 = ORIENTED_EDGE ( 'NONE', *, *, #5000, .T. ) ;
#3564 = CARTESIAN_POINT ( 'NONE',  ( 3.374999999999998700, -0.09999999999999925600, -2.592546190531647400 ) ) ;
#3565 = ADVANCED_FACE ( 'NONE', ( #6561 ), #4021, .F. ) ;
#3566 = CARTESIAN_POINT ( 'NONE',  ( 4.645000000000001400, -0.06527036446661303700, 2.818876228225294200 ) ) ;
#3567 = EDGE_CURVE ( 'NONE', #6726, #3126, #828, .T. ) ;
#3568 = VERTEX_POINT ( 'NONE', #2707 ) ;
#3569 = VECTOR ( 'NONE', #2546, 1000.000000000000200 ) ;
#3570 = ORIENTED_EDGE ( 'NONE', *, *, #6832, .F. ) ;
#3571 = ORIENTED_EDGE ( 'NONE', *, *, #5202, .F. ) ;
#3572 = ORIENTED_EDGE ( 'NONE', *, *, #46, .F. ) ;
#3573 = FACE_OUTER_BOUND ( 'NONE', #7023, .T. ) ;
#3574 = FACE_OUTER_BOUND ( 'NONE', #4762, .T. ) ;
#3575 = ORIENTED_EDGE ( 'NONE', *, *, #912, .T. ) ;
#3576 = UNCERTAINTY_MEASURE_WITH_UNIT (LENGTH_MEASURE( 1.000000000000000100E-005 ), #8622, 'distance_accuracy_value', 'NONE');
#3577 = CARTESIAN_POINT ( 'NONE',  ( -1.705000000000001200, -0.09999999999999925600, -2.592546190531647400 ) ) ;
#3578 = CARTESIAN_POINT ( 'NONE',  ( -1.705000000000000300, -0.8885781443239865200, 2.999587534657339700 ) ) ;
#3579 = DIRECTION ( 'NONE',  ( 0.0000000000000000000, -0.1736481776669340800, 0.9848077530122074700 ) ) ;
#3580 = VERTEX_POINT ( 'NONE', #612 ) ;
#3581 = VERTEX_POINT ( 'NONE', #6120 ) ;
#3582 = AXIS2_PLACEMENT_3D ( 'NONE', #4699, #4725, #2413 ) ;
#3583 = ORIENTED_EDGE ( 'NONE', *, *, #7999, .F. ) ;
#3584 = DIRECTION ( 'NONE',  ( 0.0000000000000000000, 1.000000000000000000, -2.168404344971009900E-016 ) ) ;
#3585 = PRODUCT_DEFINITION_FORMATION_WITH_SPECIFIED_SOURCE ( 'ANY', '', #7033, .NOT_KNOWN. ) ;
#3586 = LINE ( 'NONE', #7377, #4252 ) ;
#3587 = DIRECTION ( 'NONE',  ( 1.000000000000000000, -0.0000000000000000000, -0.0000000000000000000 ) ) ;
#3588 = AXIS2_PLACEMENT_3D ( 'NONE', #4321, #207, #275 ) ;
#3589 = DIRECTION ( 'NONE',  ( 0.0000000000000000000, 0.0000000000000000000, 1.000000000000000000 ) ) ;
#3590 = CARTESIAN_POINT ( 'NONE',  ( -0.4350000000000013900, -0.1289223137816569700, -2.627014461887073900 ) ) ;
#3591 = DIRECTION ( 'NONE',  ( 0.0000000000000000000, 0.0000000000000000000, 1.000000000000000000 ) ) ;
#3592 = ORIENTED_EDGE ( 'NONE', *, *, #2003, .T. ) ;
#3593 = VERTEX_POINT ( 'NONE', #6002 ) ;
#3594 = DIRECTION ( 'NONE',  ( 1.000000000000000000, 0.0000000000000000000, -7.080503983578802800E-016 ) ) ;
#3595 = FACE_OUTER_BOUND ( 'NONE', #7954, .T. ) ;
#3596 = EDGE_CURVE ( 'NONE', #2857, #4537, #4189, .T. ) ;
#3597 = AXIS2_PLACEMENT_3D ( 'NONE', #5705, #5725, #901 ) ;
#3598 = AXIS2_PLACEMENT_3D ( 'NONE', #1209, #4647, #4052 ) ;
#3599 = CARTESIAN_POINT ( 'NONE',  ( -3.375000000000001300, -0.09999999999999925600, 2.592546190531647400 ) ) ;
#3600 = ADVANCED_FACE ( 'NONE', ( #6358 ), #6189, .F. ) ;
#3601 = CARTESIAN_POINT ( 'NONE',  ( 0.0000000000000000000, -1.123578144323987200, 3.555000000000000200 ) ) ;
#3602 = DIRECTION ( 'NONE',  ( 0.0000000000000000000, 0.1736481776669342400, 0.9848077530122073500 ) ) ;
#3603 = AXIS2_PLACEMENT_3D ( 'NONE', #4584, #533, #4522 ) ;
#3604 = ORIENTED_EDGE ( 'NONE', *, *, #7303, .F. ) ;
#3605 = DIRECTION ( 'NONE',  ( 1.000000000000000000, 0.0000000000000000000, 0.0000000000000000000 ) ) ;
#3606 = VECTOR ( 'NONE', #2037, 1000.000000000000000 ) ;
#3607 = EDGE_CURVE ( 'NONE', #1834, #8168, #4803, .T. ) ;
#3608 = CARTESIAN_POINT ( 'NONE',  ( 2.104999999999999100, -0.1289223137816567200, -2.627014461887075200 ) ) ;
#3609 = DIRECTION ( 'NONE',  ( 1.000000000000000000, -0.0000000000000000000, -0.0000000000000000000 ) ) ;
#3610 = ORIENTED_EDGE ( 'NONE', *, *, #412, .T. ) ;
#3611 = DIRECTION ( 'NONE',  ( 0.0000000000000000000, 0.0000000000000000000, -1.000000000000000000 ) ) ;
#3612 = FACE_OUTER_BOUND ( 'NONE', #4456, .T. ) ;
#3613 = EDGE_CURVE ( 'NONE', #7764, #3507, #716, .T. ) ;
#3614 = DIRECTION ( 'NONE',  ( 1.000000000000000000, -0.0000000000000000000, -0.0000000000000000000 ) ) ;
#3615 = DIRECTION ( 'NONE',  ( -1.000000000000000000, 0.0000000000000000000, 0.0000000000000000000 ) ) ;
#3616 = VERTEX_POINT ( 'NONE', #2137 ) ;
#3617 = DIRECTION ( 'NONE',  ( -1.000000000000000000, -0.0000000000000000000, -0.0000000000000000000 ) ) ;
#3618 = EDGE_CURVE ( 'NONE', #8118, #1504, #5939, .T. ) ;
#3619 = LINE ( 'NONE', #5207, #5522 ) ;
#3620 = CARTESIAN_POINT ( 'NONE',  ( 2.105000000000000000, -0.8946558305423292200, 2.965119263301912300 ) ) ;
#3621 = DIRECTION ( 'NONE',  ( -1.000000000000000000, -0.0000000000000000000, -0.0000000000000000000 ) ) ;
#3622 = EDGE_CURVE ( 'NONE', #5268, #6178, #3631, .T. ) ;
#3623 = ORIENTED_EDGE ( 'NONE', *, *, #7591, .F. ) ;
#3624 = DIRECTION ( 'NONE',  ( 0.0000000000000000000, 9.227252531791510400E-016, -1.000000000000000000 ) ) ;
#3625 = ADVANCED_FACE ( 'NONE', ( #2006 ), #2540, .T. ) ;
#3626 = ORIENTED_EDGE ( 'NONE', *, *, #3864, .F. ) ;
#3627 = CARTESIAN_POINT ( 'NONE',  ( 0.0000000000000000000, -0.9235781443239868800, -3.555000000000000200 ) ) ;
#3628 = DIRECTION ( 'NONE',  ( 1.000000000000000000, -0.0000000000000000000, -0.0000000000000000000 ) ) ;
#3629 = CARTESIAN_POINT ( 'NONE',  ( 2.974999999999998300, -0.1349999999999994500, 2.592546190531647400 ) ) ;
#3630 = VECTOR ( 'NONE', #2961, 1000.000000000000000 ) ;
#3631 = LINE ( 'NONE', #4900, #2220 ) ;
#3632 = EDGE_CURVE ( 'NONE', #3349, #6110, #1797, .T. ) ;
#3633 = AXIS2_PLACEMENT_3D ( 'NONE', #4688, #1250, #1949 ) ;
#3634 = ORIENTED_EDGE ( 'NONE', *, *, #3136, .F. ) ;
#3635 = LINE ( 'NONE', #1509, #1800 ) ;
#3636 = ADVANCED_FACE ( 'NONE', ( #6555 ), #3518, .T. ) ;
#3637 = AXIS2_PLACEMENT_3D ( 'NONE', #2212, #7662, #7575 ) ;
#3638 = EDGE_CURVE ( 'NONE', #8047, #2807, #3514, .T. ) ;
#3639 = DIRECTION ( 'NONE',  ( 0.0000000000000000000, 0.0000000000000000000, 1.000000000000000000 ) ) ;
#3640 = DIRECTION ( 'NONE',  ( -1.000000000000000000, -0.0000000000000000000, 0.0000000000000000000 ) ) ;
#3641 = ORIENTED_EDGE ( 'NONE', *, *, #633, .T. ) ;
#3642 = LINE ( 'NONE', #7648, #2979 ) ;
#3643 = CIRCLE ( 'NONE', #6504, 0.03500000000000030900 ) ;
#3644 = EDGE_LOOP ( 'NONE', ( #1410, #588, #5927, #3570 ) ) ;
#3645 = VECTOR ( 'NONE', #5244, 1000.000000000000200 ) ;
#3646 = DIRECTION ( 'NONE',  ( -1.000000000000000000, 0.0000000000000000000, -0.0000000000000000000 ) ) ;
#3647 = ORIENTED_EDGE ( 'NONE', *, *, #5149, .F. ) ;
#3648 = AXIS2_PLACEMENT_3D ( 'NONE', #7626, #4369, #5708 ) ;
#3649 = CARTESIAN_POINT ( 'NONE',  ( 4.645000000000001400, -0.09999999999999925600, -2.592546190531647400 ) ) ;
#3650 = CARTESIAN_POINT ( 'NONE',  ( 4.645000000000001400, -0.8946558305423292200, 2.965119263301912300 ) ) ;
#3651 = STYLED_ITEM ( 'NONE', ( #8112 ), #186 ) ;
#3652 = VERTEX_POINT ( 'NONE', #69 ) ;
#3653 = CIRCLE ( 'NONE', #3872, 0.2350000000000004000 ) ;
#3654 = AXIS2_PLACEMENT_3D ( 'NONE', #3712, #2970, #3675 ) ;
#3655 = ORIENTED_EDGE ( 'NONE', *, *, #276, .T. ) ;
#3656 = DIRECTION ( 'NONE',  ( 0.0000000000000000000, 0.1736481776669340500, 0.9848077530122073500 ) ) ;
#3657 = CARTESIAN_POINT ( 'NONE',  ( -2.105000000000001300, -0.8885781443239865200, 2.999587534657339700 ) ) ;
#3658 = DIRECTION ( 'NONE',  ( 0.0000000000000000000, 0.0000000000000000000, -1.000000000000000000 ) ) ;
#3659 = CARTESIAN_POINT ( 'NONE',  ( 1.704999999999998500, -0.9235781443239868800, -3.555000000000000200 ) ) ;
#3660 = EDGE_CURVE ( 'NONE', #2843, #7030, #1135, .T. ) ;
#3661 = CARTESIAN_POINT ( 'NONE',  ( -7.733763339029309200, -2.049999999999999800, 3.555000000000000200 ) ) ;
#3662 = EDGE_CURVE ( 'NONE', #2685, #7270, #5328, .T. ) ;
#3663 = ORIENTED_EDGE ( 'NONE', *, *, #7487, .F. ) ;
#3664 = EDGE_LOOP ( 'NONE', ( #6183, #3787, #3016, #8086 ) ) ;
#3665 = VECTOR ( 'NONE', #2360, 1000.000000000000000 ) ;
#3666 = CARTESIAN_POINT ( 'NONE',  ( 3.374999999999999600, -0.1349999999999994500, 2.592546190531647400 ) ) ;
#3667 = LINE ( 'NONE', #2508, #4739 ) ;
#3668 = ORIENTED_EDGE ( 'NONE', *, *, #1865, .T. ) ;
#3669 = DIRECTION ( 'NONE',  ( 0.0000000000000000000, 1.000000000000000000, 0.0000000000000000000 ) ) ;
#3670 = ORIENTED_EDGE ( 'NONE', *, *, #2862, .F. ) ;
#3671 = CARTESIAN_POINT ( 'NONE',  ( -2.105000000000001300, -0.9293854660757164800, 2.768157712699470100 ) ) ;
#3672 = ORIENTED_EDGE ( 'NONE', *, *, #7415, .T. ) ;
#3673 = EDGE_CURVE ( 'NONE', #4873, #6181, #3952, .T. ) ;
#3674 = FACE_OUTER_BOUND ( 'NONE', #6250, .T. ) ;
#3675 = DIRECTION ( 'NONE',  ( 0.0000000000000000000, 0.0000000000000000000, 1.000000000000000000 ) ) ;
#3676 = VERTEX_POINT ( 'NONE', #102 ) ;
#3677 = LINE ( 'NONE', #3929, #4433 ) ;
#3678 = CARTESIAN_POINT ( 'NONE',  ( 0.4349999999999987800, -0.1000000000000000100, -1.599999999999999900 ) ) ;
#3679 = LINE ( 'NONE', #4187, #3463 ) ;
#3680 = ORIENTED_EDGE ( 'NONE', *, *, #5716, .F. ) ;
#3681 = DIRECTION ( 'NONE',  ( 1.000000000000000000, -0.0000000000000000000, -0.0000000000000000000 ) ) ;
#3682 = ADVANCED_FACE ( 'NONE', ( #4176 ), #699, .F. ) ;
#3683 = ORIENTED_EDGE ( 'NONE', *, *, #3330, .T. ) ;
#3684 = FACE_OUTER_BOUND ( 'NONE', #1173, .T. ) ;
#3685 = CARTESIAN_POINT ( 'NONE',  ( 2.974999999999998300, -0.1289223137816569700, 2.627014461887073900 ) ) ;
#3686 = ADVANCED_FACE ( 'NONE', ( #6349 ), #2756, .T. ) ;
#3687 = EDGE_LOOP ( 'NONE', ( #1510, #4446, #6029, #7368 ) ) ;
#3688 = ORIENTED_EDGE ( 'NONE', *, *, #4553, .F. ) ;
#3689 = PLANE ( 'NONE',  #65 ) ;
#3690 = VECTOR ( 'NONE', #8066, 1000.000000000000200 ) ;
#3691 = LINE ( 'NONE', #4312, #4140 ) ;
#3692 = DIRECTION ( 'NONE',  ( 1.000000000000000000, -0.0000000000000000000, -0.0000000000000000000 ) ) ;
#3693 = ORIENTED_EDGE ( 'NONE', *, *, #1961, .T. ) ;
#3694 = DIRECTION ( 'NONE',  ( -1.000000000000000000, 0.0000000000000000000, 0.0000000000000000000 ) ) ;
#3695 = ORIENTED_EDGE ( 'NONE', *, *, #6228, .F. ) ;
#3696 = DIRECTION ( 'NONE',  ( 1.000000000000000000, 0.0000000000000000000, -0.0000000000000000000 ) ) ;
#3697 = EDGE_CURVE ( 'NONE', #4217, #4852, #6974, .T. ) ;
#3698 = ORIENTED_EDGE ( 'NONE', *, *, #1394, .T. ) ;
#3699 = CARTESIAN_POINT ( 'NONE',  ( 4.645000000000001400, -0.8885781443239865200, -2.999587534657339700 ) ) ;
#3700 = CYLINDRICAL_SURFACE ( 'NONE', #4685, 0.03500000000000019100 ) ;
#3701 = CARTESIAN_POINT ( 'NONE',  ( 4.245000000000000100, -0.1000000000000000100, 1.599999999999999900 ) ) ;
#3702 = VERTEX_POINT ( 'NONE', #5712 ) ;
#3703 = DIRECTION ( 'NONE',  ( -1.000000000000000000, 0.0000000000000000000, 0.0000000000000000000 ) ) ;
#3704 = AXIS2_PLACEMENT_3D ( 'NONE', #4024, #8702, #6752 ) ;
#3705 = ORIENTED_EDGE ( 'NONE', *, *, #5601, .F. ) ;
#3706 = DIRECTION ( 'NONE',  ( 0.0000000000000000000, -2.168404344971009900E-016, -1.000000000000000000 ) ) ;
#3707 = STYLED_ITEM ( 'NONE', ( #5048 ), #7337 ) ;
#3708 = DIRECTION ( 'NONE',  ( -1.000000000000000000, -4.212971753347078400E-032, 2.168404344971009900E-016 ) ) ;
#3709 = ADVANCED_FACE ( 'NONE', ( #7198 ), #7507, .T. ) ;
#3710 = AXIS2_PLACEMENT_3D ( 'NONE', #4607, #8701, #1169 ) ;
#3711 = CIRCLE ( 'NONE', #3763, 0.03500000000000030900 ) ;
#3712 = CARTESIAN_POINT ( 'NONE',  ( -2.105000000000001300, -0.1000000000000000100, 1.599999999999999900 ) ) ;
#3713 = CARTESIAN_POINT ( 'NONE',  ( 1.704999999999999000, -0.1349999999999994500, 2.592546190531647400 ) ) ;
#3714 = CARTESIAN_POINT ( 'NONE',  ( 2.104999999999999100, -0.1000000000000000100, -2.825000000000000200 ) ) ;
#3715 = EDGE_CURVE ( 'NONE', #4438, #6216, #5116, .T. ) ;
#3716 = VERTEX_POINT ( 'NONE', #4402 ) ;
#3717 = LINE ( 'NONE', #2280, #594 ) ;
#3718 = AXIS2_PLACEMENT_3D ( 'NONE', #97, #5644, #4344 ) ;
#3719 = DIRECTION ( 'NONE',  ( -7.080503983578801900E-016, 0.0000000000000000000, 1.000000000000000000 ) ) ;
#3720 = DIRECTION ( 'NONE',  ( 0.0000000000000000000, 0.0000000000000000000, 1.000000000000000000 ) ) ;
#3721 = CARTESIAN_POINT ( 'NONE',  ( -7.733763339029309200, -2.049999999999999800, -3.555000000000000200 ) ) ;
#3722 = DIRECTION ( 'NONE',  ( 0.0000000000000000000, -0.9848077530122073500, 0.1736481776669340500 ) ) ;
#3723 = EDGE_LOOP ( 'NONE', ( #4483, #8201, #141, #8532 ) ) ;
#3724 = VECTOR ( 'NONE', #5217, 1000.000000000000100 ) ;
#3725 = DIRECTION ( 'NONE',  ( 1.000000000000000000, -0.0000000000000000000, 0.0000000000000000000 ) ) ;
#3726 = ADVANCED_FACE ( 'NONE', ( #3283 ), #842, .T. ) ;
#3727 = CARTESIAN_POINT ( 'NONE',  ( 4.645000000000001400, -0.8885781443239865200, 2.999587534657339700 ) ) ;
#3728 = DIRECTION ( 'NONE',  ( 0.0000000000000000000, 0.0000000000000000000, 1.000000000000000000 ) ) ;
#3729 = ORIENTED_EDGE ( 'NONE', *, *, #1961, .F. ) ;
#3730 = EDGE_CURVE ( 'NONE', #7787, #3896, #6769, .T. ) ;
#3731 = FACE_OUTER_BOUND ( 'NONE', #1033, .T. ) ;
#3732 = DIRECTION ( 'NONE',  ( -1.000000000000000000, 0.0000000000000000000, 0.0000000000000000000 ) ) ;
#3733 = EDGE_CURVE ( 'NONE', #5956, #5807, #2973, .T. ) ;
#3734 = CARTESIAN_POINT ( 'NONE',  ( 0.8349999999999989700, 0.4800880834868125900, -2.519629497316660900 ) ) ;
#3735 = ORIENTED_EDGE ( 'NONE', *, *, #279, .F. ) ;
#3736 = VECTOR ( 'NONE', #5874, 1000.000000000000000 ) ;
#3737 = ORIENTED_EDGE ( 'NONE', *, *, #5362, .T. ) ;
#3738 = DIRECTION ( 'NONE',  ( 0.0000000000000000000, 0.0000000000000000000, 1.000000000000000000 ) ) ;
#3739 = EDGE_CURVE ( 'NONE', #897, #4269, #5435, .T. ) ;
#3740 = CARTESIAN_POINT ( 'NONE',  ( 0.0000000000000000000, -1.123578144323986300, -0.005099784264222338000 ) ) ;
#3741 = EDGE_LOOP ( 'NONE', ( #1009, #2096, #5934, #6915 ) ) ;
#3742 = DIRECTION ( 'NONE',  ( 1.000000000000000000, 0.0000000000000000000, 0.0000000000000000000 ) ) ;
#3743 = FACE_OUTER_BOUND ( 'NONE', #6979, .T. ) ;
#3744 = VECTOR ( 'NONE', #4047, 1000.000000000000000 ) ;
#3745 = DIRECTION ( 'NONE',  ( 1.000000000000000000, -0.0000000000000000000, -0.0000000000000000000 ) ) ;
#3746 = VERTEX_POINT ( 'NONE', #4986 ) ;
#3747 = CARTESIAN_POINT ( 'NONE',  ( -2.975000000000000100, -0.06527036446661303700, 2.818876228225294200 ) ) ;
#3748 = CARTESIAN_POINT ( 'NONE',  ( -2.975000000000000100, 0.4800880834868125900, 2.519629497316660900 ) ) ;
#3749 = ADVANCED_FACE ( 'NONE', ( #7939 ), #5733, .F. ) ;
#3750 = EDGE_CURVE ( 'NONE', #7310, #7148, #300, .T. ) ;
#3751 = ORIENTED_EDGE ( 'NONE', *, *, #7285, .F. ) ;
#3752 = LINE ( 'NONE', #5960, #631 ) ;
#3753 = CARTESIAN_POINT ( 'NONE',  ( -2.975000000000000100, -0.06527036446661323200, 2.818876228225292800 ) ) ;
#3754 = DIRECTION ( 'NONE',  ( 1.000000000000000000, -0.0000000000000000000, -0.0000000000000000000 ) ) ;
#3755 = VECTOR ( 'NONE', #5768, 1000.000000000000000 ) ;
#3756 = DIRECTION ( 'NONE',  ( -1.000000000000000000, 0.0000000000000000000, 0.0000000000000000000 ) ) ;
#3757 = AXIS2_PLACEMENT_3D ( 'NONE', #6896, #6257, #5584 ) ;
#3758 = ORIENTED_EDGE ( 'NONE', *, *, #3797, .F. ) ;
#3759 = DIRECTION ( 'NONE',  ( 0.0000000000000000000, 0.0000000000000000000, 1.000000000000000000 ) ) ;
#3760 = AXIS2_PLACEMENT_3D ( 'NONE', #8349, #1631, #2412 ) ;
#3761 = DIRECTION ( 'NONE',  ( 1.000000000000000000, 0.0000000000000000000, 0.0000000000000000000 ) ) ;
#3762 = ADVANCED_FACE ( 'NONE', ( #933 ), #4388, .T. ) ;
#3763 = AXIS2_PLACEMENT_3D ( 'NONE', #1879, #3937, #3817 ) ;
#3764 = VECTOR ( 'NONE', #1703, 1000.000000000000000 ) ;
#3765 = DIRECTION ( 'NONE',  ( 0.0000000000000000000, -2.168404344971009900E-016, 1.000000000000000000 ) ) ;
#3766 = ORIENTED_EDGE ( 'NONE', *, *, #7158, .T. ) ;
#3767 = ORIENTED_EDGE ( 'NONE', *, *, #8277, .T. ) ;
#3768 = DIRECTION ( 'NONE',  ( 0.0000000000000000000, 0.0000000000000000000, 1.000000000000000000 ) ) ;
#3769 = VERTEX_POINT ( 'NONE', #5622 ) ;
#3770 = ORIENTED_EDGE ( 'NONE', *, *, #4932, .F. ) ;
#3771 = LINE ( 'NONE', #6579, #1937 ) ;
#3772 = EDGE_LOOP ( 'NONE', ( #5331, #123, #4593, #8586 ) ) ;
#3773 = EDGE_CURVE ( 'NONE', #2086, #7742, #77, .T. ) ;
#3774 = CARTESIAN_POINT ( 'NONE',  ( -1.705000000000000300, -0.8885781443239865200, 2.999587534657339700 ) ) ;
#3775 = ORIENTED_EDGE ( 'NONE', *, *, #1668, .F. ) ;
#3776 = LINE ( 'NONE', #2630, #1940 ) ;
#3777 = ORIENTED_EDGE ( 'NONE', *, *, #4271, .T. ) ;
#3778 = ORIENTED_EDGE ( 'NONE', *, *, #4745, .F. ) ;
#3779 = FACE_OUTER_BOUND ( 'NONE', #2904, .T. ) ;
#3780 = VECTOR ( 'NONE', #6518, 1000.000000000000000 ) ;
#3781 = DIRECTION ( 'NONE',  ( -1.000000000000000000, 0.0000000000000000000, 0.0000000000000000000 ) ) ;
#3782 = CARTESIAN_POINT ( 'NONE',  ( 0.0000000000000000000, 0.5148177190201993500, 2.716591047919102200 ) ) ;
#3783 = EDGE_LOOP ( 'NONE', ( #8095, #2603, #7470, #2072 ) ) ;
#3784 = CARTESIAN_POINT ( 'NONE',  ( 1.704999999999999000, -0.8946558305423296700, 2.965119263301910100 ) ) ;
#3785 = ORIENTED_EDGE ( 'NONE', *, *, #1711, .T. ) ;
#3786 = CARTESIAN_POINT ( 'NONE',  ( -4.645000000000001400, -0.06527036446661303700, 2.818876228225294200 ) ) ;
#3787 = ORIENTED_EDGE ( 'NONE', *, *, #6146, .F. ) ;
#3788 = VECTOR ( 'NONE', #747, 1000.000000000000000 ) ;
#3789 = EDGE_LOOP ( 'NONE', ( #3513, #2940, #1122, #131 ) ) ;
#3790 = EDGE_CURVE ( 'NONE', #7355, #4396, #7726, .T. ) ;
#3791 = ORIENTED_EDGE ( 'NONE', *, *, #412, .F. ) ;
#3792 = VERTEX_POINT ( 'NONE', #6335 ) ;
#3793 = LINE ( 'NONE', #730, #7568 ) ;
#3794 = VECTOR ( 'NONE', #2552, 1000.000000000000000 ) ;
#3795 = DIRECTION ( 'NONE',  ( 0.0000000000000000000, 0.0000000000000000000, 1.000000000000000000 ) ) ;
#3796 = VERTEX_POINT ( 'NONE', #2968 ) ;
#3797 = EDGE_CURVE ( 'NONE', #2059, #7889, #1893, .T. ) ;
#3798 = VERTEX_POINT ( 'NONE', #2194 ) ;
#3799 = ORIENTED_EDGE ( 'NONE', *, *, #8471, .F. ) ;
#3800 = VERTEX_POINT ( 'NONE', #3671 ) ;
#3801 = LINE ( 'NONE', #1930, #583 ) ;
#3802 = CARTESIAN_POINT ( 'NONE',  ( 2.104999999999999100, -0.8946558305423296700, -2.965119263301910100 ) ) ;
#3803 = CARTESIAN_POINT ( 'NONE',  ( 0.0000000000000000000, 0.5148177190201993500, -2.716591047919102200 ) ) ;
#3804 = CARTESIAN_POINT ( 'NONE',  ( 4.645000000000001400, -1.123578144323986900, -2.999587534657339700 ) ) ;
#3805 = PLANE ( 'NONE',  #1896 ) ;
#3806 = EDGE_CURVE ( 'NONE', #5673, #7523, #8777, .T. ) ;
#3807 = AXIS2_PLACEMENT_3D ( 'NONE', #8360, #8334, #1575 ) ;
#3808 = ORIENTED_EDGE ( 'NONE', *, *, #8520, .T. ) ;
#3809 = ORIENTED_EDGE ( 'NONE', *, *, #8331, .T. ) ;
#3810 = AXIS2_PLACEMENT_3D ( 'NONE', #6131, #7503, #6708 ) ;
#3811 = EDGE_CURVE ( 'NONE', #3580, #7117, #8674, .T. ) ;
#3812 = CIRCLE ( 'NONE', #3419, 0.03500000000000030900 ) ;
#3813 = ORIENTED_EDGE ( 'NONE', *, *, #1319, .T. ) ;
#3814 = CARTESIAN_POINT ( 'NONE',  ( -5.509999999999999800, 0.0000000000000000000, -2.299999999999998900 ) ) ;
#3815 = FILL_AREA_STYLE ('',( #332 ) ) ;
#3816 = ADVANCED_FACE ( 'NONE', ( #3407 ), #8489, .T. ) ;
#3817 = DIRECTION ( 'NONE',  ( 0.0000000000000000000, 0.0000000000000000000, -1.000000000000000000 ) ) ;
#3818 = CARTESIAN_POINT ( 'NONE',  ( -4.245000000000000100, 0.4800880834868125900, 2.519629497316660900 ) ) ;
#3819 = AXIS2_PLACEMENT_3D ( 'NONE', #4697, #6004, #5403 ) ;
#3820 = DIRECTION ( 'NONE',  ( 0.0000000000000000000, 7.744301232039248600E-016, -1.000000000000000000 ) ) ;
#3821 = DIRECTION ( 'NONE',  ( 4.336808689942019700E-016, 2.168404344971009900E-016, 1.000000000000000000 ) ) ;
#3822 = AXIS2_PLACEMENT_3D ( 'NONE', #4281, #3520, #2139 ) ;
#3823 = DIRECTION ( 'NONE',  ( 0.0000000000000000000, 0.0000000000000000000, -1.000000000000000000 ) ) ;
#3824 = VECTOR ( 'NONE', #7812, 1000.000000000000000 ) ;
#3825 = DIRECTION ( 'NONE',  ( 0.0000000000000000000, 0.0000000000000000000, 1.000000000000000000 ) ) ;
#3826 = DIRECTION ( 'NONE',  ( -0.0000000000000000000, 0.0000000000000000000, -1.000000000000000000 ) ) ;
#3827 = CARTESIAN_POINT ( 'NONE',  ( -4.245000000000000100, -0.09419267824826987900, 2.823976012489516600 ) ) ;
#3828 = CARTESIAN_POINT ( 'NONE',  ( 0.8349999999999988500, -1.123578144323986900, -3.555000000000000200 ) ) ;
#3829 = EDGE_CURVE ( 'NONE', #4658, #3468, #4073, .T. ) ;
#3830 = ORIENTED_EDGE ( 'NONE', *, *, #64, .F. ) ;
#3831 = EDGE_CURVE ( 'NONE', #7030, #7355, #5536, .T. ) ;
#3832 = DIRECTION ( 'NONE',  ( 0.0000000000000000000, 0.1736481776669341100, 0.9848077530122073500 ) ) ;
#3833 = LINE ( 'NONE', #1782, #7606 ) ;
#3834 = DIRECTION ( 'NONE',  ( -0.0000000000000000000, -0.9848077530122073500, -0.1736481776669340500 ) ) ;
#3835 = DIRECTION ( 'NONE',  ( -0.0000000000000000000, 0.9848077530122073500, -0.1736481776669340500 ) ) ;
#3836 = CARTESIAN_POINT ( 'NONE',  ( 3.374999999999998700, -1.123578144323986900, -2.999587534657339700 ) ) ;
#3837 = CARTESIAN_POINT ( 'NONE',  ( -3.375000000000001300, -0.9235781443239867700, 2.970219047566134300 ) ) ;
#3838 = ORIENTED_EDGE ( 'NONE', *, *, #2969, .F. ) ;
#3839 = ADVANCED_FACE ( 'NONE', ( #1680 ), #7097, .T. ) ;
#3840 = ORIENTED_EDGE ( 'NONE', *, *, #8231, .T. ) ;
#3841 = LINE ( 'NONE', #6243, #4171 ) ;
#3842 = VERTEX_POINT ( 'NONE', #346 ) ;
#3843 = DIRECTION ( 'NONE',  ( -0.1710878697460323200, 0.9702875252478150300, 0.1710878697460323200 ) ) ;
#3844 = DIRECTION ( 'NONE',  ( -8.425943506694156900E-032, 1.000000000000000000, 0.0000000000000000000 ) ) ;
#3845 = EDGE_CURVE ( 'NONE', #7745, #1095, #6865, .T. ) ;
#3846 = ORIENTED_EDGE ( 'NONE', *, *, #91, .T. ) ;
#3847 = SURFACE_STYLE_FILL_AREA ( #2759 ) ;
#3848 = LINE ( 'NONE', #5309, #8571 ) ;
#3849 = EDGE_LOOP ( 'NONE', ( #4102, #2914, #8783, #8087 ) ) ;
#3850 = VECTOR ( 'NONE', #5551, 1000.000000000000000 ) ;
#3851 = CARTESIAN_POINT ( 'NONE',  ( 0.8349999999999989700, -0.09999999999999925600, -2.592546190531647400 ) ) ;
#3852 = ORIENTED_EDGE ( 'NONE', *, *, #5326, .T. ) ;
#3853 = DIRECTION ( 'NONE',  ( 1.000000000000000000, -0.0000000000000000000, -0.0000000000000000000 ) ) ;
#3854 = CARTESIAN_POINT ( 'NONE',  ( -7.733763339029309200, -2.049999999999999800, -3.555000000000000200 ) ) ;
#3855 = EDGE_LOOP ( 'NONE', ( #1313, #8140, #4583, #2477 ) ) ;
#3856 = VECTOR ( 'NONE', #7802, 1000.000000000000000 ) ;
#3857 = LINE ( 'NONE', #4628, #6982 ) ;
#3858 = CARTESIAN_POINT ( 'NONE',  ( -1.705000000000000300, -0.9235781443239867700, 2.999587534657339700 ) ) ;
#3859 = ADVANCED_FACE ( 'NONE', ( #5229 ), #5931, .F. ) ;
#3860 = ORIENTED_EDGE ( 'NONE', *, *, #508, .F. ) ;
#3861 = FACE_OUTER_BOUND ( 'NONE', #2391, .T. ) ;
#3862 = ORIENTED_EDGE ( 'NONE', *, *, #3790, .T. ) ;
#3863 = CARTESIAN_POINT ( 'NONE',  ( -4.645000000000001400, 0.4800880834868125900, 2.519629497316660900 ) ) ;
#3864 = EDGE_CURVE ( 'NONE', #4, #6139, #4908, .T. ) ;
#3865 = VECTOR ( 'NONE', #5470, 1000.000000000000000 ) ;
#3866 =( NAMED_UNIT ( * ) PLANE_ANGLE_UNIT ( ) SI_UNIT ( $, .RADIAN. ) );
#3867 = ORIENTED_EDGE ( 'NONE', *, *, #7594, .T. ) ;
#3868 = CARTESIAN_POINT ( 'NONE',  ( 2.974999999999998300, -1.123578144323986900, 2.999587534657339700 ) ) ;
#3869 = VECTOR ( 'NONE', #1588, 1000.000000000000000 ) ;
#3870 = CARTESIAN_POINT ( 'NONE',  ( -2.105000000000001300, -0.1000000000000000100, 1.599999999999999900 ) ) ;
#3871 = ORIENTED_EDGE ( 'NONE', *, *, #2748, .T. ) ;
#3872 = AXIS2_PLACEMENT_3D ( 'NONE', #8092, #2673, #8756 ) ;
#3873 = PLANE ( 'NONE',  #1867 ) ;
#3874 = DIRECTION ( 'NONE',  ( -1.000000000000000000, -2.710505431213754200E-016, -2.938735877055712700E-032 ) ) ;
#3875 = FILL_AREA_STYLE ('',( #5865 ) ) ;
#3876 = LINE ( 'NONE', #8236, #7110 ) ;
#3877 = AXIS2_PLACEMENT_3D ( 'NONE', #173, #2233, #3602 ) ;
#3878 = EDGE_LOOP ( 'NONE', ( #6572, #1085, #543, #5053 ) ) ;
#3879 = ORIENTED_EDGE ( 'NONE', *, *, #1780, .F. ) ;
#3880 = SURFACE_STYLE_FILL_AREA ( #1185 ) ;
#3881 = DIRECTION ( 'NONE',  ( -1.000000000000000000, 0.0000000000000000000, 0.0000000000000000000 ) ) ;
#3882 = PLANE ( 'NONE',  #4109 ) ;
#3883 = FACE_OUTER_BOUND ( 'NONE', #1139, .T. ) ;
#3884 = EDGE_CURVE ( 'NONE', #3746, #7745, #3848, .T. ) ;
#3885 = ORIENTED_EDGE ( 'NONE', *, *, #1766, .T. ) ;
#3886 = AXIS2_PLACEMENT_3D ( 'NONE', #7840, #7095, #3795 ) ;
#3887 = VECTOR ( 'NONE', #8780, 1000.000000000000000 ) ;
#3888 = VECTOR ( 'NONE', #1454, 1000.000000000000200 ) ;
#3889 = PLANE ( 'NONE',  #546 ) ;
#3890 = AXIS2_PLACEMENT_3D ( 'NONE', #7808, #2396, #4394 ) ;
#3891 = ORIENTED_EDGE ( 'NONE', *, *, #4076, .T. ) ;
#3892 = ADVANCED_FACE ( 'NONE', ( #8460 ), #3260, .F. ) ;
#3893 = EDGE_LOOP ( 'NONE', ( #8011, #7474, #1642, #3791 ) ) ;
#3894 = ORIENTED_EDGE ( 'NONE', *, *, #8421, .F. ) ;
#3895 = LINE ( 'NONE', #5704, #664 ) ;
#3896 = VERTEX_POINT ( 'NONE', #549 ) ;
#3897 = DIRECTION ( 'NONE',  ( 0.0000000000000000000, 0.9848077530122073500, -0.1736481776669340500 ) ) ;
#3898 = LINE ( 'NONE', #3091, #2060 ) ;
#3899 = VECTOR ( 'NONE', #582, 1000.000000000000000 ) ;
#3900 = ORIENTED_EDGE ( 'NONE', *, *, #2704, .F. ) ;
#3901 = DIRECTION ( 'NONE',  ( -4.336808689942019700E-016, 2.168404344971009900E-016, -1.000000000000000000 ) ) ;
#3902 = ORIENTED_EDGE ( 'NONE', *, *, #5889, .T. ) ;
#3903 = VECTOR ( 'NONE', #6219, 1000.000000000000000 ) ;
#3904 = EDGE_CURVE ( 'NONE', #3139, #2804, #5633, .T. ) ;
#3905 = ORIENTED_EDGE ( 'NONE', *, *, #8162, .F. ) ;
#3906 = ORIENTED_EDGE ( 'NONE', *, *, #7257, .F. ) ;
#3907 = VERTEX_POINT ( 'NONE', #3229 ) ;
#3908 = ADVANCED_FACE ( 'NONE', ( #3181 ), #3945, .T. ) ;
#3909 = VECTOR ( 'NONE', #2146, 1000.000000000000200 ) ;
#3910 = VECTOR ( 'NONE', #2007, 1000.000000000000000 ) ;
#3911 = DIRECTION ( 'NONE',  ( -4.336808689942019700E-016, 0.0000000000000000000, -1.000000000000000000 ) ) ;
#3912 = DIRECTION ( 'NONE',  ( 0.0000000000000000000, 9.227252531791510400E-016, -1.000000000000000000 ) ) ;
#3913 = ORIENTED_EDGE ( 'NONE', *, *, #2964, .F. ) ;
#3914 = ORIENTED_EDGE ( 'NONE', *, *, #1319, .F. ) ;
#3915 = CARTESIAN_POINT ( 'NONE',  ( 4.245000000000001000, -0.06527036446661303700, -2.818876228225294200 ) ) ;
#3916 = ADVANCED_FACE ( 'NONE', ( #5015 ), #5277, .T. ) ;
#3917 = EDGE_CURVE ( 'NONE', #4794, #8726, #3070, .T. ) ;
#3918 = ORIENTED_EDGE ( 'NONE', *, *, #5432, .T. ) ;
#3919 = CARTESIAN_POINT ( 'NONE',  ( 0.0000000000000000000, 0.0000000000000000000, 0.0000000000000000000 ) ) ;
#3920 = ORIENTED_EDGE ( 'NONE', *, *, #439, .T. ) ;
#3921 = DIRECTION ( 'NONE',  ( -1.000000000000000000, -0.0000000000000000000, -0.0000000000000000000 ) ) ;
#3922 = LINE ( 'NONE', #5859, #7263 ) ;
#3923 = ORIENTED_EDGE ( 'NONE', *, *, #8046, .F. ) ;
#3924 = EDGE_CURVE ( 'NONE', #2589, #6356, #2852, .T. ) ;
#3925 = CARTESIAN_POINT ( 'NONE',  ( 3.374999999999998700, -0.1349999999999994500, -2.592546190531647400 ) ) ;
#3926 = PLANE ( 'NONE',  #4273 ) ;
#3927 = ORIENTED_EDGE ( 'NONE', *, *, #7393, .F. ) ;
#3928 = VECTOR ( 'NONE', #2646, 1000.000000000000000 ) ;
#3929 = CARTESIAN_POINT ( 'NONE',  ( 3.374999999999999600, -0.1289223137816567200, 2.627014461887075200 ) ) ;
#3930 = EDGE_CURVE ( 'NONE', #5820, #6181, #4694, .T. ) ;
#3931 = DIRECTION ( 'NONE',  ( 0.0000000000000000000, 0.0000000000000000000, -1.000000000000000000 ) ) ;
#3932 = CARTESIAN_POINT ( 'NONE',  ( 1.704999999999999000, -0.1289223137816567200, -2.627014461887075200 ) ) ;
#3933 = AXIS2_PLACEMENT_3D ( 'NONE', #1216, #4622, #5986 ) ;
#3934 = EDGE_LOOP ( 'NONE', ( #3284, #3460, #8175, #5670 ) ) ;
#3935 = LINE ( 'NONE', #7717, #59 ) ;
#3936 = DIRECTION ( 'NONE',  ( 4.336808689942019700E-016, -2.168404344971009900E-016, 1.000000000000000000 ) ) ;
#3937 = DIRECTION ( 'NONE',  ( 1.000000000000000000, -0.0000000000000000000, -0.0000000000000000000 ) ) ;
#3938 = CARTESIAN_POINT ( 'NONE',  ( 2.974999999999998300, -0.1349999999999994500, 2.592546190531647400 ) ) ;
#3939 = CARTESIAN_POINT ( 'NONE',  ( 2.104999999999999100, -0.9235781443239867700, -2.970219047566134300 ) ) ;
#3940 = ORIENTED_EDGE ( 'NONE', *, *, #6472, .T. ) ;
#3941 = VECTOR ( 'NONE', #4724, 1000.000000000000000 ) ;
#3942 = AXIS2_PLACEMENT_3D ( 'NONE', #2427, #3169, #7908 ) ;
#3943 = DIRECTION ( 'NONE',  ( -0.0000000000000000000, -0.0000000000000000000, 1.000000000000000000 ) ) ;
#3944 = AXIS2_PLACEMENT_3D ( 'NONE', #6903, #1574, #4925 ) ;
#3945 = PLANE ( 'NONE',  #3112 ) ;
#3946 = ORIENTED_EDGE ( 'NONE', *, *, #2509, .T. ) ;
#3947 = VECTOR ( 'NONE', #6599, 1000.000000000000000 ) ;
#3948 = ADVANCED_FACE ( 'NONE', ( #7563 ), #1802, .T. ) ;
#3949 = EDGE_CURVE ( 'NONE', #5788, #8698, #6991, .T. ) ;
#3950 = ADVANCED_FACE ( 'NONE', ( #5764 ), #6743, .F. ) ;
#3951 = EDGE_LOOP ( 'NONE', ( #873, #8420, #1070, #7739 ) ) ;
#3952 = LINE ( 'NONE', #2733, #191 ) ;
#3953 = VECTOR ( 'NONE', #6523, 1000.000000000000000 ) ;
#3954 = DIRECTION ( 'NONE',  ( 0.0000000000000000000, -1.000000000000000000, 0.0000000000000000000 ) ) ;
#3955 = CARTESIAN_POINT ( 'NONE',  ( -7.733763339029309200, -2.049999999999999800, 3.555000000000000200 ) ) ;
#3956 = ORIENTED_EDGE ( 'NONE', *, *, #5981, .T. ) ;
#3957 = VERTEX_POINT ( 'NONE', #8160 ) ;
#3958 = DIRECTION ( 'NONE',  ( -1.000000000000000000, 0.0000000000000000000, -0.0000000000000000000 ) ) ;
#3959 = CARTESIAN_POINT ( 'NONE',  ( 0.8349999999999989700, -0.1289223137816569700, -2.627014461887073900 ) ) ;
#3960 = EDGE_LOOP ( 'NONE', ( #8720, #4870, #3000, #4220 ) ) ;
#3961 = VECTOR ( 'NONE', #8652, 1000.000000000000000 ) ;
#3962 = LINE ( 'NONE', #7428, #6453 ) ;
#3963 = LINE ( 'NONE', #2092, #6976 ) ;
#3964 = DIRECTION ( 'NONE',  ( 0.0000000000000000000, 0.0000000000000000000, 1.000000000000000000 ) ) ;
#3965 = CARTESIAN_POINT ( 'NONE',  ( 0.8349999999999988500, -0.9235781443239867700, -2.999587534657339700 ) ) ;
#3966 = EDGE_CURVE ( 'NONE', #1977, #3216, #8357, .T. ) ;
#3967 = ORIENTED_EDGE ( 'NONE', *, *, #3330, .F. ) ;
#3968 = PLANE ( 'NONE',  #5726 ) ;
#3969 = VECTOR ( 'NONE', #1375, 1000.000000000000000 ) ;
#3970 = ORIENTED_EDGE ( 'NONE', *, *, #298, .F. ) ;
#3971 = DIRECTION ( 'NONE',  ( 0.0000000000000000000, 1.000000000000000000, -2.168404344971009900E-016 ) ) ;
#3972 = DIRECTION ( 'NONE',  ( 0.0000000000000000000, 0.0000000000000000000, 1.000000000000000000 ) ) ;
#3973 = ADVANCED_FACE ( 'NONE', ( #1043 ), #2747, .T. ) ;
#3974 = ORIENTED_EDGE ( 'NONE', *, *, #5616, .T. ) ;
#3975 = CARTESIAN_POINT ( 'NONE',  ( -0.8350000000000015200, -0.1349999999999994500, 2.592546190531647400 ) ) ;
#3976 = EDGE_CURVE ( 'NONE', #715, #6087, #5132, .T. ) ;
#3977 = LINE ( 'NONE', #1663, #5962 ) ;
#3978 = DIRECTION ( 'NONE',  ( -1.000000000000000000, 0.0000000000000000000, 0.0000000000000000000 ) ) ;
#3979 = EDGE_LOOP ( 'NONE', ( #5023, #6987, #6802, #2557 ) ) ;
#3980 = DIRECTION ( 'NONE',  ( 0.0000000000000000000, 0.0000000000000000000, 1.000000000000000000 ) ) ;
#3981 = ORIENTED_EDGE ( 'NONE', *, *, #8045, .F. ) ;
#3982 = DIRECTION ( 'NONE',  ( -2.903646450167865900E-032, -1.000000000000000000, -1.608122649676636600E-016 ) ) ;
#3983 = DIRECTION ( 'NONE',  ( -0.0000000000000000000, 0.0000000000000000000, -1.000000000000000000 ) ) ;
#3984 = DIRECTION ( 'NONE',  ( -0.0000000000000000000, 0.0000000000000000000, 1.000000000000000000 ) ) ;
#3985 = DIRECTION ( 'NONE',  ( -1.000000000000000000, -0.0000000000000000000, -0.0000000000000000000 ) ) ;
#3986 = LINE ( 'NONE', #4503, #2674 ) ;
#3987 = CARTESIAN_POINT ( 'NONE',  ( 0.4349999999999987800, -0.1289223137816567200, -2.627014461887075200 ) ) ;
#3988 = ORIENTED_EDGE ( 'NONE', *, *, #1559, .F. ) ;
#3989 = ORIENTED_EDGE ( 'NONE', *, *, #3150, .T. ) ;
#3990 = PLANE ( 'NONE',  #5847 ) ;
#3991 = CIRCLE ( 'NONE', #2306, 0.03500000000000030900 ) ;
#3992 = ORIENTED_EDGE ( 'NONE', *, *, #601, .T. ) ;
#3993 = VERTEX_POINT ( 'NONE', #739 ) ;
#3994 = DIRECTION ( 'NONE',  ( 0.0000000000000000000, 0.1736481776669341100, 0.9848077530122073500 ) ) ;
#3995 = EDGE_LOOP ( 'NONE', ( #7792, #1569, #6133, #7621 ) ) ;
#3996 = ORIENTED_EDGE ( 'NONE', *, *, #2267, .F. ) ;
#3997 = DIRECTION ( 'NONE',  ( 1.000000000000000000, -0.0000000000000000000, -0.0000000000000000000 ) ) ;
#3998 = LINE ( 'NONE', #4866, #227 ) ;
#3999 = ORIENTED_EDGE ( 'NONE', *, *, #3715, .T. ) ;
#4000 = LINE ( 'NONE', #5945, #1944 ) ;
#4001 = LINE ( 'NONE', #4161, #3118 ) ;
#4002 = ORIENTED_EDGE ( 'NONE', *, *, #6857, .T. ) ;
#4003 = EDGE_CURVE ( 'NONE', #2286, #5576, #3444, .T. ) ;
#4004 = DIRECTION ( 'NONE',  ( 1.000000000000000000, 0.0000000000000000000, -0.0000000000000000000 ) ) ;
#4005 = ORIENTED_EDGE ( 'NONE', *, *, #3806, .T. ) ;
#4006 = CARTESIAN_POINT ( 'NONE',  ( 0.0000000000000000000, -1.000000000000000000, 2.123673019291535600 ) ) ;
#4007 = ORIENTED_EDGE ( 'NONE', *, *, #6935, .F. ) ;
#4008 = EDGE_CURVE ( 'NONE', #6110, #3702, #1245, .T. ) ;
#4009 = LINE ( 'NONE', #4731, #4436 ) ;
#4010 = VERTEX_POINT ( 'NONE', #2278 ) ;
#4011 = VERTEX_POINT ( 'NONE', #1545 ) ;
#4012 = VERTEX_POINT ( 'NONE', #6300 ) ;
#4013 = DIRECTION ( 'NONE',  ( 0.0000000000000000000, 0.9848077530122073500, 0.1736481776669340500 ) ) ;
#4014 = ORIENTED_EDGE ( 'NONE', *, *, #4256, .F. ) ;
#4015 = AXIS2_PLACEMENT_3D ( 'NONE', #1272, #5302, #7323 ) ;
#4016 = LINE ( 'NONE', #1596, #1626 ) ;
#4017 = VECTOR ( 'NONE', #6050, 1000.000000000000200 ) ;
#4018 = CARTESIAN_POINT ( 'NONE',  ( 0.0000000000000000000, -0.9293854660757164800, -2.768157712699470100 ) ) ;
#4019 = DIRECTION ( 'NONE',  ( -0.0000000000000000000, -0.9848077530122073500, -0.1736481776669340500 ) ) ;
#4020 = ORIENTED_EDGE ( 'NONE', *, *, #5264, .F. ) ;
#4021 = PLANE ( 'NONE',  #7751 ) ;
#4022 = ORIENTED_EDGE ( 'NONE', *, *, #8471, .T. ) ;
#4023 = DIRECTION ( 'NONE',  ( 1.000000000000000000, 0.0000000000000000000, -0.0000000000000000000 ) ) ;
#4024 = CARTESIAN_POINT ( 'NONE',  ( 0.4349999999999987800, -0.1349999999999994500, 2.592546190531647400 ) ) ;
#4025 = DIRECTION ( 'NONE',  ( 0.0000000000000000000, -0.9848077530122073500, 0.1736481776669340500 ) ) ;
#4026 = ORIENTED_EDGE ( 'NONE', *, *, #5613, .T. ) ;
#4027 = DIRECTION ( 'NONE',  ( 0.0000000000000000000, 0.0000000000000000000, 1.000000000000000000 ) ) ;
#4028 = CYLINDRICAL_SURFACE ( 'NONE', #3415, 0.03500000000000019100 ) ;
#4029 = DIRECTION ( 'NONE',  ( -1.000000000000000000, -0.0000000000000000000, 0.0000000000000000000 ) ) ;
#4030 = ADVANCED_FACE ( 'NONE', ( #6883 ), #245, .T. ) ;
#4031 = EDGE_CURVE ( 'NONE', #4, #1388, #1705, .T. ) ;
#4032 = ORIENTED_EDGE ( 'NONE', *, *, #5339, .F. ) ;
#4033 = CARTESIAN_POINT ( 'NONE',  ( -2.105000000000001300, -0.1000000000000000100, -1.599999999999999900 ) ) ;
#4034 = FACE_OUTER_BOUND ( 'NONE', #647, .T. ) ;
#4035 = CARTESIAN_POINT ( 'NONE',  ( -1.705000000000001200, -1.123578144323986900, -2.999587534657339700 ) ) ;
#4036 = EDGE_CURVE ( 'NONE', #3114, #6139, #2875, .T. ) ;
#4037 = DIRECTION ( 'NONE',  ( 0.0000000000000000000, 0.0000000000000000000, 1.000000000000000000 ) ) ;
#4038 = EDGE_CURVE ( 'NONE', #5475, #4737, #7637, .T. ) ;
#4039 = VECTOR ( 'NONE', #7597, 1000.000000000000000 ) ;
#4040 = DIRECTION ( 'NONE',  ( 1.451823225083932900E-032, -1.000000000000000000, -1.608122649676636600E-016 ) ) ;
#4041 = PLANE ( 'NONE',  #2252 ) ;
#4042 = PLANE ( 'NONE',  #8380 ) ;
#4043 = ORIENTED_EDGE ( 'NONE', *, *, #4806, .F. ) ;
#4044 = ADVANCED_FACE ( 'NONE', ( #5856 ), #4417, .F. ) ;
#4045 = PRESENTATION_STYLE_ASSIGNMENT (( #8665 ) ) ;
#4046 = DIRECTION ( 'NONE',  ( -1.000000000000000000, 0.0000000000000000000, 0.0000000000000000000 ) ) ;
#4047 = DIRECTION ( 'NONE',  ( -1.000000000000000000, 0.0000000000000000000, 0.0000000000000000000 ) ) ;
#4048 = PLANE ( 'NONE',  #34 ) ;
#4049 = PRODUCT_RELATED_PRODUCT_CATEGORY ( 'part', '', ( #7033 ) ) ;
#4050 = DIRECTION ( 'NONE',  ( 0.0000000000000000000, 0.0000000000000000000, 1.000000000000000000 ) ) ;
#4051 = ORIENTED_EDGE ( 'NONE', *, *, #155, .F. ) ;
#4052 = DIRECTION ( 'NONE',  ( 0.0000000000000000000, 0.0000000000000000000, 1.000000000000000000 ) ) ;
#4053 = VECTOR ( 'NONE', #6092, 1000.000000000000000 ) ;
#4054 = CARTESIAN_POINT ( 'NONE',  ( -2.975000000000000100, -0.1000000000000000100, -1.599999999999999900 ) ) ;
#4055 = DIRECTION ( 'NONE',  ( 0.0000000000000000000, 0.9848077530122073500, -0.1736481776669340500 ) ) ;
#4056 = DIRECTION ( 'NONE',  ( 2.168404344971009900E-016, -2.168404344971009900E-016, 1.000000000000000000 ) ) ;
#4057 = CARTESIAN_POINT ( 'NONE',  ( -4.245000000000001000, -0.9293854660757164800, -2.768157712699470100 ) ) ;
#4058 = EDGE_CURVE ( 'NONE', #8259, #2063, #4298, .T. ) ;
#4059 = PRESENTATION_LAYER_ASSIGNMENT (  '', '', ( #817 ) ) ;
#4060 = VERTEX_POINT ( 'NONE', #281 ) ;
#4061 = AXIS2_PLACEMENT_3D ( 'NONE', #7464, #4239, #11 ) ;
#4062 = VERTEX_POINT ( 'NONE', #7653 ) ;
#4063 =( NAMED_UNIT ( * ) SI_UNIT ( $, .STERADIAN. ) SOLID_ANGLE_UNIT ( ) );
#4064 = AXIS2_PLACEMENT_3D ( 'NONE', #6137, #8050, #3646 ) ;
#4065 = ORIENTED_EDGE ( 'NONE', *, *, #6478, .T. ) ;
#4066 = DIRECTION ( 'NONE',  ( -1.000000000000000000, -0.0000000000000000000, -0.0000000000000000000 ) ) ;
#4067 = ORIENTED_EDGE ( 'NONE', *, *, #8024, .F. ) ;
#4068 = AXIS2_PLACEMENT_3D ( 'NONE', #6669, #6037, #8712 ) ;
#4069 = DIRECTION ( 'NONE',  ( 0.0000000000000000000, -0.6427876096865402500, -0.7660444431189772400 ) ) ;
#4070 = CARTESIAN_POINT ( 'NONE',  ( -2.975000000000000100, -0.1349999999999994500, 2.592546190531647400 ) ) ;
#4071 = ORIENTED_EDGE ( 'NONE', *, *, #5138, .T. ) ;
#4072 = LINE ( 'NONE', #5785, #3630 ) ;
#4073 = CIRCLE ( 'NONE', #2651, 0.03500000000000030900 ) ;
#4074 = LINE ( 'NONE', #4250, #2222 ) ;
#4075 = ORIENTED_EDGE ( 'NONE', *, *, #7714, .T. ) ;
#4076 = EDGE_CURVE ( 'NONE', #821, #3006, #8266, .T. ) ;
#4077 = ORIENTED_EDGE ( 'NONE', *, *, #5936, .T. ) ;
#4078 = EDGE_CURVE ( 'NONE', #5576, #2789, #4505, .T. ) ;
#4079 = ORIENTED_EDGE ( 'NONE', *, *, #3510, .F. ) ;
#4080 = DIRECTION ( 'NONE',  ( 1.000000000000000000, 0.0000000000000000000, 0.0000000000000000000 ) ) ;
#4081 = LINE ( 'NONE', #1720, #1051 ) ;
#4082 = LINE ( 'NONE', #40, #3969 ) ;
#4083 = DIRECTION ( 'NONE',  ( 1.000000000000000000, 4.212971753347078400E-032, -2.168404344971009900E-016 ) ) ;
#4084 = ORIENTED_EDGE ( 'NONE', *, *, #3150, .F. ) ;
#4085 = VECTOR ( 'NONE', #3050, 1000.000000000000000 ) ;
#4086 = ORIENTED_EDGE ( 'NONE', *, *, #6863, .T. ) ;
#4087 = CARTESIAN_POINT ( 'NONE',  ( -0.8350000000000015200, -0.8885781443239865200, 2.999587534657339700 ) ) ;
#4088 = SURFACE_STYLE_FILL_AREA ( #4160 ) ;
#4089 = DIRECTION ( 'NONE',  ( -2.168404344971009900E-016, 2.168404344971009900E-016, -1.000000000000000000 ) ) ;
#4090 = EDGE_CURVE ( 'NONE', #5989, #4258, #429, .T. ) ;
#4091 = PLANE ( 'NONE',  #4127 ) ;
#4092 = ORIENTED_EDGE ( 'NONE', *, *, #2243, .F. ) ;
#4093 = CARTESIAN_POINT ( 'NONE',  ( 4.245000000000001000, -0.09419267824827008700, -2.823976012489515200 ) ) ;
#4094 = VECTOR ( 'NONE', #2110, 1000.000000000000000 ) ;
#4095 = PLANE ( 'NONE',  #158 ) ;
#4096 = ADVANCED_FACE ( 'NONE', ( #6260 ), #6106, .F. ) ;
#4097 = EDGE_CURVE ( 'NONE', #773, #805, #2454, .T. ) ;
#4098 = PRODUCT_CONTEXT ( 'NONE', #6740, 'mechanical' ) ;
#4099 = DIRECTION ( 'NONE',  ( 0.0000000000000000000, -0.0000000000000000000, -1.000000000000000000 ) ) ;
#4100 = CIRCLE ( 'NONE', #1260, 0.2350000000000004000 ) ;
#4101 = DIRECTION ( 'NONE',  ( 0.0000000000000000000, 1.000000000000000000, 0.0000000000000000000 ) ) ;
#4102 = ORIENTED_EDGE ( 'NONE', *, *, #5366, .F. ) ;
#4103 = VERTEX_POINT ( 'NONE', #6795 ) ;
#4104 = CARTESIAN_POINT ( 'NONE',  ( -5.333673019291534700, -1.000000000000000000, 2.123673019291535600 ) ) ;
#4105 = FACE_OUTER_BOUND ( 'NONE', #6870, .T. ) ;
#4106 = PLANE ( 'NONE',  #5737 ) ;
#4107 = EDGE_CURVE ( 'NONE', #1219, #7564, #6681, .T. ) ;
#4108 = AXIS2_PLACEMENT_3D ( 'NONE', #8404, #7791, #3759 ) ;
#4109 = AXIS2_PLACEMENT_3D ( 'NONE', #8574, #4569, #4457 ) ;
#4110 = EDGE_CURVE ( 'NONE', #5675, #3205, #1921, .T. ) ;
#4111 = VECTOR ( 'NONE', #4454, 1000.000000000000000 ) ;
#4112 = DIRECTION ( 'NONE',  ( 0.0000000000000000000, 0.1736481776669342400, -0.9848077530122073500 ) ) ;
#4113 = EDGE_LOOP ( 'NONE', ( #7191, #1632, #677, #8152 ) ) ;
#4114 = ORIENTED_EDGE ( 'NONE', *, *, #2435, .F. ) ;
#4115 = CARTESIAN_POINT ( 'NONE',  ( -2.975000000000000100, -0.8885781443239865200, 2.999587534657339700 ) ) ;
#4116 = FACE_OUTER_BOUND ( 'NONE', #1016, .T. ) ;
#4117 = CARTESIAN_POINT ( 'NONE',  ( 0.0000000000000000000, -1.123578144323986300, 0.005099784264222338000 ) ) ;
#4118 = DIRECTION ( 'NONE',  ( -0.0000000000000000000, 0.9848077530122073500, 0.1736481776669340500 ) ) ;
#4119 = ORIENTED_EDGE ( 'NONE', *, *, #7674, .F. ) ;
#4120 = PLANE ( 'NONE',  #808 ) ;
#4121 = DIRECTION ( 'NONE',  ( -1.000000000000000000, -0.0000000000000000000, -0.0000000000000000000 ) ) ;
#4122 = LINE ( 'NONE', #1827, #6592 ) ;
#4123 = AXIS2_PLACEMENT_3D ( 'NONE', #8076, #3453, #2627 ) ;
#4124 = VERTEX_POINT ( 'NONE', #4183 ) ;
#4125 = VERTEX_POINT ( 'NONE', #1392 ) ;
#4126 = LINE ( 'NONE', #5863, #6506 ) ;
#4127 = AXIS2_PLACEMENT_3D ( 'NONE', #684, #5436, #4178 ) ;
#4128 = DIRECTION ( 'NONE',  ( 7.259116125419664700E-033, -1.000000000000000000, -1.608122649676636600E-016 ) ) ;
#4129 = VERTEX_POINT ( 'NONE', #8795 ) ;
#4130 = LINE ( 'NONE', #7874, #3130 ) ;
#4131 = DIRECTION ( 'NONE',  ( -7.080503983578801900E-016, -0.0000000000000000000, -1.000000000000000000 ) ) ;
#4132 = EDGE_LOOP ( 'NONE', ( #5987, #1485, #32, #7037 ) ) ;
#4133 = DIRECTION ( 'NONE',  ( -1.000000000000000000, 0.0000000000000000000, 0.0000000000000000000 ) ) ;
#4134 = AXIS2_PLACEMENT_3D ( 'NONE', #468, #5912, #1826 ) ;
#4135 = CARTESIAN_POINT ( 'NONE',  ( 2.974999999999998300, -0.09999999999999925600, 2.592546190531647400 ) ) ;
#4136 = LINE ( 'NONE', #4018, #3788 ) ;
#4137 = ORIENTED_EDGE ( 'NONE', *, *, #6922, .F. ) ;
#4138 = ORIENTED_EDGE ( 'NONE', *, *, #6226, .T. ) ;
#4139 = VECTOR ( 'NONE', #8711, 1000.000000000000000 ) ;
#4140 = VECTOR ( 'NONE', #4354, 1000.000000000000000 ) ;
#4141 = ORIENTED_EDGE ( 'NONE', *, *, #5709, .F. ) ;
#4142 = EDGE_CURVE ( 'NONE', #645, #5370, #8484, .T. ) ;
#4143 = EDGE_CURVE ( 'NONE', #7413, #5071, #5135, .T. ) ;
#4144 = CARTESIAN_POINT ( 'NONE',  ( 0.0000000000000000000, -0.9235781443239861100, -0.005099784264222377100 ) ) ;
#4145 = ORIENTED_EDGE ( 'NONE', *, *, #8176, .T. ) ;
#4146 = VERTEX_POINT ( 'NONE', #4057 ) ;
#4147 = FACE_OUTER_BOUND ( 'NONE', #7116, .T. ) ;
#4148 = DIRECTION ( 'NONE',  ( 0.0000000000000000000, 0.1736481776669341100, 0.9848077530122073500 ) ) ;
#4149 = DIRECTION ( 'NONE',  ( 1.000000000000000000, -0.0000000000000000000, -0.0000000000000000000 ) ) ;
#4150 = DIRECTION ( 'NONE',  ( 0.0000000000000000000, 0.0000000000000000000, -1.000000000000000000 ) ) ;
#4151 = CARTESIAN_POINT ( 'NONE',  ( 4.645000000000001400, -0.06527036446661323200, 2.818876228225292800 ) ) ;
#4152 = CARTESIAN_POINT ( 'NONE',  ( -4.645000000000001400, -1.123578144323986900, 3.555000000000000200 ) ) ;
#4153 = ORIENTED_EDGE ( 'NONE', *, *, #5561, .F. ) ;
#4154 = VECTOR ( 'NONE', #7775, 1000.000000000000000 ) ;
#4155 = EDGE_CURVE ( 'NONE', #4342, #3581, #4714, .T. ) ;
#4156 = DIRECTION ( 'NONE',  ( 0.0000000000000000000, 0.0000000000000000000, 1.000000000000000000 ) ) ;
#4157 = DIRECTION ( 'NONE',  ( 1.000000000000000000, 0.0000000000000000000, -0.0000000000000000000 ) ) ;
#4158 = CARTESIAN_POINT ( 'NONE',  ( 3.374999999999999600, -0.1000000000000000100, 1.599999999999999900 ) ) ;
#4159 = CARTESIAN_POINT ( 'NONE',  ( 2.974999999999998300, -0.1000000000000000100, -1.599999999999999900 ) ) ;
#4160 = FILL_AREA_STYLE ('',( #6823 ) ) ;
#4161 = CARTESIAN_POINT ( 'NONE',  ( 0.4349999999999987800, -0.1000000000000000100, 1.599999999999999900 ) ) ;
#4162 = EDGE_CURVE ( 'NONE', #476, #6726, #1475, .T. ) ;
#4163 = DIRECTION ( 'NONE',  ( 0.0000000000000000000, -0.9848077530122073500, -0.1736481776669340500 ) ) ;
#4164 = VERTEX_POINT ( 'NONE', #7382 ) ;
#4165 = CARTESIAN_POINT ( 'NONE',  ( -0.4350000000000013900, -0.09999999999999925600, -2.592546190531647400 ) ) ;
#4166 = VECTOR ( 'NONE', #3835, 1000.000000000000200 ) ;
#4167 = ADVANCED_FACE ( 'NONE', ( #6471 ), #766, .T. ) ;
#4168 = ORIENTED_EDGE ( 'NONE', *, *, #4648, .F. ) ;
#4169 = DIRECTION ( 'NONE',  ( 0.0000000000000000000, 0.0000000000000000000, 1.000000000000000000 ) ) ;
#4170 = AXIS2_PLACEMENT_3D ( 'NONE', #2430, #3117, #2695 ) ;
#4171 = VECTOR ( 'NONE', #6220, 1000.000000000000000 ) ;
#4172 = CARTESIAN_POINT ( 'NONE',  ( 2.104999999999999100, 0.1000000000000007500, -2.592546190531647400 ) ) ;
#4173 = CARTESIAN_POINT ( 'NONE',  ( 0.8349999999999989700, -0.9235781443239868800, -3.555000000000000200 ) ) ;
#4174 = AXIS2_PLACEMENT_3D ( 'NONE', #1477, #8290, #7616 ) ;
#4175 = CLOSED_SHELL ( 'NONE', ( #6126, #2608, #5416, #8257, #4096, #855, #186, #5512, #2043, #6355, #1737 ) ) ;
#4176 = FACE_OUTER_BOUND ( 'NONE', #8464, .T. ) ;
#4177 = ORIENTED_EDGE ( 'NONE', *, *, #3662, .T. ) ;
#4178 = DIRECTION ( 'NONE',  ( 0.0000000000000000000, -2.168404344971009900E-016, 1.000000000000000000 ) ) ;
#4179 = LINE ( 'NONE', #2527, #2211 ) ;
#4180 = CARTESIAN_POINT ( 'NONE',  ( 0.0000000000000000000, -1.123578144323986300, 0.005099784264222338000 ) ) ;
#4181 = FILL_AREA_STYLE ('',( #1336 ) ) ;
#4182 = DIRECTION ( 'NONE',  ( -1.000000000000000000, 0.0000000000000000000, -7.080503983578802800E-016 ) ) ;
#4183 = CARTESIAN_POINT ( 'NONE',  ( -3.375000000000001300, -1.123578144323986900, -2.999587534657339700 ) ) ;
#4184 = EDGE_CURVE ( 'NONE', #2014, #3146, #5947, .T. ) ;
#4185 = ORIENTED_EDGE ( 'NONE', *, *, #8234, .T. ) ;
#4186 = ORIENTED_EDGE ( 'NONE', *, *, #2564, .T. ) ;
#4187 = CARTESIAN_POINT ( 'NONE',  ( -0.8350000000000015200, -0.1000000000000000100, -1.599999999999999900 ) ) ;
#4188 = FACE_OUTER_BOUND ( 'NONE', #237, .T. ) ;
#4189 = LINE ( 'NONE', #786, #4704 ) ;
#4190 = LINE ( 'NONE', #1152, #2763 ) ;
#4191 = VERTEX_POINT ( 'NONE', #4322 ) ;
#4192 = DIRECTION ( 'NONE',  ( 0.0000000000000000000, -0.1736481776669340800, -0.9848077530122074700 ) ) ;
#4193 = DIRECTION ( 'NONE',  ( 1.000000000000000000, -0.0000000000000000000, -0.0000000000000000000 ) ) ;
#4194 = ADVANCED_FACE ( 'NONE', ( #6464 ), #6954, .T. ) ;
#4195 = ORIENTED_EDGE ( 'NONE', *, *, #4184, .T. ) ;
#4196 = LINE ( 'NONE', #2132, #8690 ) ;
#4197 = CARTESIAN_POINT ( 'NONE',  ( -0.8350000000000015200, -1.123578144323986900, 2.999587534657339700 ) ) ;
#4198 = CARTESIAN_POINT ( 'NONE',  ( 0.4349999999999987800, 0.1000000000000000100, -1.599999999999999900 ) ) ;
#4199 = ORIENTED_EDGE ( 'NONE', *, *, #3618, .T. ) ;
#4200 = DIRECTION ( 'NONE',  ( -0.0000000000000000000, -1.000000000000000000, 2.832769448823989800E-016 ) ) ;
#4201 = EDGE_CURVE ( 'NONE', #1579, #3896, #2231, .T. ) ;
#4202 =( LENGTH_UNIT ( ) NAMED_UNIT ( * ) SI_UNIT ( .MILLI., .METRE. ) );
#4203 = DIRECTION ( 'NONE',  ( 1.000000000000000000, -0.0000000000000000000, -0.0000000000000000000 ) ) ;
#4204 = CARTESIAN_POINT ( 'NONE',  ( 0.8349999999999998500, -0.1000000000000000100, 1.599999999999999900 ) ) ;
#4205 = VECTOR ( 'NONE', #2439, 1000.000000000000000 ) ;
#4206 = VERTEX_POINT ( 'NONE', #1512 ) ;
#4207 = ORIENTED_EDGE ( 'NONE', *, *, #1302, .T. ) ;
#4208 = EDGE_CURVE ( 'NONE', #2983, #1388, #3642, .T. ) ;
#4209 = ORIENTED_EDGE ( 'NONE', *, *, #4663, .T. ) ;
#4210 = DIRECTION ( 'NONE',  ( 0.0000000000000000000, 0.0000000000000000000, 1.000000000000000000 ) ) ;
#4211 =( NAMED_UNIT ( * ) SI_UNIT ( $, .STERADIAN. ) SOLID_ANGLE_UNIT ( ) );
#4212 = DIRECTION ( 'NONE',  ( -1.000000000000000000, 0.0000000000000000000, 0.0000000000000000000 ) ) ;
#4213 = DIRECTION ( 'NONE',  ( 0.0000000000000000000, 1.000000000000000000, -2.168404344971009900E-016 ) ) ;
#4214 = LINE ( 'NONE', #652, #6176 ) ;
#4215 = ADVANCED_FACE ( 'NONE', ( #421 ), #2834, .T. ) ;
#4216 = EDGE_CURVE ( 'NONE', #3507, #5061, #6676, .T. ) ;
#4217 = VERTEX_POINT ( 'NONE', #2203 ) ;
#4218 = LINE ( 'NONE', #1674, #3547 ) ;
#4219 = CARTESIAN_POINT ( 'NONE',  ( 0.0000000000000000000, -1.123578144323986300, 0.005099784264222338000 ) ) ;
#4220 = ORIENTED_EDGE ( 'NONE', *, *, #7758, .T. ) ;
#4221 = DIRECTION ( 'NONE',  ( 1.000000000000000000, 4.212971753347078400E-032, -2.168404344971009900E-016 ) ) ;
#4222 = ORIENTED_EDGE ( 'NONE', *, *, #6426, .T. ) ;
#4223 = CIRCLE ( 'NONE', #3326, 0.2350000000000004000 ) ;
#4224 = DIRECTION ( 'NONE',  ( 1.000000000000000000, -0.0000000000000000000, -0.0000000000000000000 ) ) ;
#4225 = EDGE_CURVE ( 'NONE', #7574, #7971, #6252, .T. ) ;
#4226 = AXIS2_PLACEMENT_3D ( 'NONE', #7321, #4615, #1856 ) ;
#4227 = VECTOR ( 'NONE', #6484, 1000.000000000000200 ) ;
#4228 = SURFACE_STYLE_FILL_AREA ( #6741 ) ;
#4229 = CARTESIAN_POINT ( 'NONE',  ( -0.4350000000000005000, -0.09419267824827012900, 2.823976012489515200 ) ) ;
#4230 = ORIENTED_EDGE ( 'NONE', *, *, #3797, .T. ) ;
#4231 = DIRECTION ( 'NONE',  ( 1.000000000000000000, -0.0000000000000000000, -0.0000000000000000000 ) ) ;
#4232 = ORIENTED_EDGE ( 'NONE', *, *, #8131, .T. ) ;
#4233 = VECTOR ( 'NONE', #8709, 1000.000000000000100 ) ;
#4234 = CARTESIAN_POINT ( 'NONE',  ( 0.0000000000000000000, 0.4800880834868125900, -2.519629497316660900 ) ) ;
#4235 = ORIENTED_EDGE ( 'NONE', *, *, #7508, .F. ) ;
#4236 = ORIENTED_EDGE ( 'NONE', *, *, #1686, .T. ) ;
#4237 = ORIENTED_EDGE ( 'NONE', *, *, #7164, .T. ) ;
#4238 = CARTESIAN_POINT ( 'NONE',  ( 2.974999999999998300, -1.123578144323986900, 2.999587534657339700 ) ) ;
#4239 = DIRECTION ( 'NONE',  ( 0.0000000000000000000, 1.000000000000000000, -2.168404344971009900E-016 ) ) ;
#4240 = VECTOR ( 'NONE', #3656, 1000.000000000000200 ) ;
#4241 = FACE_OUTER_BOUND ( 'NONE', #8414, .T. ) ;
#4242 = ADVANCED_FACE ( 'NONE', ( #7411 ), #5235, .F. ) ;
#4243 = AXIS2_PLACEMENT_3D ( 'NONE', #5055, #3067, #6407 ) ;
#4244 = EDGE_LOOP ( 'NONE', ( #8040, #68, #2005, #3785 ) ) ;
#4245 = ADVANCED_FACE ( 'NONE', ( #5028 ), #8219, .T. ) ;
#4246 = AXIS2_PLACEMENT_3D ( 'NONE', #4087, #8029, #1357 ) ;
#4247 = VERTEX_POINT ( 'NONE', #5552 ) ;
#4248 = DIRECTION ( 'NONE',  ( -2.710505431213754200E-016, 1.000000000000000000, 1.084202172485504900E-016 ) ) ;
#4249 = VERTEX_POINT ( 'NONE', #799 ) ;
#4250 = CARTESIAN_POINT ( 'NONE',  ( 0.0000000000000000000, -0.9235781443239868800, -3.555000000000000200 ) ) ;
#4251 = AXIS2_PLACEMENT_3D ( 'NONE', #5410, #7320, #7562 ) ;
#4252 = VECTOR ( 'NONE', #5761, 1000.000000000000000 ) ;
#4253 = DIRECTION ( 'NONE',  ( 0.0000000000000000000, 1.000000000000000000, 0.0000000000000000000 ) ) ;
#4254 = VERTEX_POINT ( 'NONE', #7590 ) ;
#4255 = ORIENTED_EDGE ( 'NONE', *, *, #4008, .T. ) ;
#4256 = EDGE_CURVE ( 'NONE', #268, #5710, #6784, .T. ) ;
#4257 = FACE_OUTER_BOUND ( 'NONE', #8295, .T. ) ;
#4258 = VERTEX_POINT ( 'NONE', #4886 ) ;
#4259 = LINE ( 'NONE', #1547, #7165 ) ;
#4260 = CARTESIAN_POINT ( 'NONE',  ( 2.105000000000000400, -1.123578144323987200, 3.970219047566133900 ) ) ;
#4261 = EDGE_CURVE ( 'NONE', #1411, #985, #1580, .T. ) ;
#4262 = DIRECTION ( 'NONE',  ( 0.0000000000000000000, -1.000000000000000000, 0.0000000000000000000 ) ) ;
#4263 = DIRECTION ( 'NONE',  ( 0.0000000000000000000, 0.1736481776669342400, -0.9848077530122073500 ) ) ;
#4264 = DIRECTION ( 'NONE',  ( -8.673617379884039400E-016, -2.168404344971009900E-016, 1.000000000000000000 ) ) ;
#4265 = EDGE_CURVE ( 'NONE', #4164, #1321, #3188, .T. ) ;
#4266 = LINE ( 'NONE', #7911, #3724 ) ;
#4267 = CARTESIAN_POINT ( 'NONE',  ( -0.4350000000000005000, -0.8885781443239865200, 2.999587534657339700 ) ) ;
#4268 = CARTESIAN_POINT ( 'NONE',  ( 0.0000000000000000000, 0.4800880834868125900, -2.519629497316660900 ) ) ;
#4269 = VERTEX_POINT ( 'NONE', #893 ) ;
#4270 = SURFACE_STYLE_FILL_AREA ( #5568 ) ;
#4271 = EDGE_CURVE ( 'NONE', #7355, #7465, #5642, .T. ) ;
#4272 = AXIS2_PLACEMENT_3D ( 'NONE', #2195, #2878, #878 ) ;
#4273 = AXIS2_PLACEMENT_3D ( 'NONE', #1891, #4633, #3266 ) ;
#4274 = EDGE_CURVE ( 'NONE', #4429, #6463, #6981, .T. ) ;
#4275 = PLANE ( 'NONE',  #2950 ) ;
#4276 = CARTESIAN_POINT ( 'NONE',  ( 0.4349999999999987800, -0.9293854660757164800, 2.768157712699470100 ) ) ;
#4277 = VERTEX_POINT ( 'NONE', #1011 ) ;
#4278 = ADVANCED_FACE ( 'NONE', ( #4927 ), #8365, .T. ) ;
#4279 = ORIENTED_EDGE ( 'NONE', *, *, #365, .T. ) ;
#4280 = CARTESIAN_POINT ( 'NONE',  ( 1.704999999999999000, -0.1000000000000000100, 1.599999999999999900 ) ) ;
#4281 = CARTESIAN_POINT ( 'NONE',  ( 0.8349999999999989700, -0.8946558305423296700, -2.965119263301910100 ) ) ;
#4282 = EDGE_LOOP ( 'NONE', ( #6293, #3489, #7335, #6289 ) ) ;
#4283 = PLANE ( 'NONE',  #655 ) ;
#4284 = VECTOR ( 'NONE', #3337, 1000.000000000000200 ) ;
#4285 = VECTOR ( 'NONE', #2207, 1000.000000000000000 ) ;
#4286 = ORIENTED_EDGE ( 'NONE', *, *, #439, .F. ) ;
#4287 = LINE ( 'NONE', #8794, #4923 ) ;
#4288 = AXIS2_PLACEMENT_3D ( 'NONE', #5540, #2877, #7607 ) ;
#4289 = VERTEX_POINT ( 'NONE', #4996 ) ;
#4290 = CARTESIAN_POINT ( 'NONE',  ( -1.705000000000000300, -0.09999999999999925600, 2.592546190531647400 ) ) ;
#4291 = ORIENTED_EDGE ( 'NONE', *, *, #8077, .F. ) ;
#4292 = DIRECTION ( 'NONE',  ( -0.0000000000000000000, 0.0000000000000000000, -1.000000000000000000 ) ) ;
#4293 = LINE ( 'NONE', #1783, #1147 ) ;
#4294 = LINE ( 'NONE', #6996, #5955 ) ;
#4295 = LINE ( 'NONE', #7060, #6255 ) ;
#4296 = EDGE_CURVE ( 'NONE', #6178, #6926, #2656, .T. ) ;
#4297 = CARTESIAN_POINT ( 'NONE',  ( -0.4350000000000005000, -0.09419267824826987900, 2.823976012489516600 ) ) ;
#4298 = CIRCLE ( 'NONE', #5011, 0.2350000000000004000 ) ;
#4299 = EDGE_CURVE ( 'NONE', #1422, #7199, #2017, .T. ) ;
#4300 =( GEOMETRIC_REPRESENTATION_CONTEXT ( 3 ) GLOBAL_UNCERTAINTY_ASSIGNED_CONTEXT ( ( #107 ) ) GLOBAL_UNIT_ASSIGNED_CONTEXT ( ( #7529, #3505, #4211 ) ) REPRESENTATION_CONTEXT ( 'NONE', 'WORKASPACE' ) );
#4301 = VECTOR ( 'NONE', #1329, 1000.000000000000000 ) ;
#4302 = DIRECTION ( 'NONE',  ( 0.0000000000000000000, 0.0000000000000000000, -1.000000000000000000 ) ) ;
#4303 = ORIENTED_EDGE ( 'NONE', *, *, #2167, .F. ) ;
#4304 = CARTESIAN_POINT ( 'NONE',  ( 0.8349999999999998500, -0.9293854660757160400, 2.768157712699471000 ) ) ;
#4305 = VECTOR ( 'NONE', #1562, 1000.000000000000200 ) ;
#4306 = CARTESIAN_POINT ( 'NONE',  ( -4.645000000000001400, -0.8885781443239865200, -2.999587534657339700 ) ) ;
#4307 = ORIENTED_EDGE ( 'NONE', *, *, #5716, .T. ) ;
#4308 = EDGE_CURVE ( 'NONE', #8682, #2562, #7736, .T. ) ;
#4309 = VECTOR ( 'NONE', #5596, 1000.000000000000200 ) ;
#4310 = DIRECTION ( 'NONE',  ( 0.0000000000000000000, 0.0000000000000000000, -1.000000000000000000 ) ) ;
#4311 = CARTESIAN_POINT ( 'NONE',  ( -0.8350000000000015200, -0.1000000000000000100, -1.599999999999999900 ) ) ;
#4312 = CARTESIAN_POINT ( 'NONE',  ( -0.8350000000000015200, 0.1000000000000000100, 1.599999999999999900 ) ) ;
#4313 = ADVANCED_FACE ( 'NONE', ( #201 ), #8475, .F. ) ;
#4314 = FACE_OUTER_BOUND ( 'NONE', #6711, .T. ) ;
#4315 = EDGE_LOOP ( 'NONE', ( #6154, #4826, #7561, #7976 ) ) ;
#4316 = ORIENTED_EDGE ( 'NONE', *, *, #4720, .T. ) ;
#4317 = CIRCLE ( 'NONE', #8596, 0.03500000000000030900 ) ;
#4318 = ORIENTED_EDGE ( 'NONE', *, *, #2927, .T. ) ;
#4319 = VERTEX_POINT ( 'NONE', #5657 ) ;
#4320 = ORIENTED_EDGE ( 'NONE', *, *, #7393, .T. ) ;
#4321 = CARTESIAN_POINT ( 'NONE',  ( 4.245000000000000100, -0.1349999999999994500, -2.592546190531647400 ) ) ;
#4322 = CARTESIAN_POINT ( 'NONE',  ( -2.975000000000000100, -0.8946558305423292200, 2.965119263301912300 ) ) ;
#4323 = DIRECTION ( 'NONE',  ( -1.000000000000000000, -0.0000000000000000000, -0.0000000000000000000 ) ) ;
#4324 = EDGE_CURVE ( 'NONE', #4010, #3800, #8261, .T. ) ;
#4325 = ORIENTED_EDGE ( 'NONE', *, *, #1515, .T. ) ;
#4326 = LINE ( 'NONE', #7280, #7133 ) ;
#4327 = ORIENTED_EDGE ( 'NONE', *, *, #3917, .F. ) ;
#4328 = LINE ( 'NONE', #8451, #6295 ) ;
#4329 = EDGE_LOOP ( 'NONE', ( #4071, #8619, #7987, #1549 ) ) ;
#4330 = FACE_OUTER_BOUND ( 'NONE', #5830, .T. ) ;
#4331 = LINE ( 'NONE', #2938, #1627 ) ;
#4332 = VERTEX_POINT ( 'NONE', #3043 ) ;
#4333 = CARTESIAN_POINT ( 'NONE',  ( 0.8349999999999998500, -0.9235781443239867700, 2.999587534657339700 ) ) ;
#4334 = DIRECTION ( 'NONE',  ( -1.000000000000000000, 0.0000000000000000000, 0.0000000000000000000 ) ) ;
#4335 = DIRECTION ( 'NONE',  ( 1.000000000000000000, 0.0000000000000000000, 0.0000000000000000000 ) ) ;
#4336 = EDGE_LOOP ( 'NONE', ( #5242, #6522, #4955, #1377 ) ) ;
#4337 = CIRCLE ( 'NONE', #3598, 0.2350000000000004000 ) ;
#4338 = AXIS2_PLACEMENT_3D ( 'NONE', #3938, #7926, #3278 ) ;
#4339 = ORIENTED_EDGE ( 'NONE', *, *, #7620, .F. ) ;
#4340 = CARTESIAN_POINT ( 'NONE',  ( -0.4350000000000005000, -0.8885781443239865200, 2.999587534657339700 ) ) ;
#4341 = VERTEX_POINT ( 'NONE', #6346 ) ;
#4342 = VERTEX_POINT ( 'NONE', #3659 ) ;
#4343 = SURFACE_STYLE_FILL_AREA ( #3815 ) ;
#4344 = DIRECTION ( 'NONE',  ( 0.0000000000000000000, -1.000000000000000000, 0.0000000000000000000 ) ) ;
#4345 = VECTOR ( 'NONE', #6067, 1000.000000000000200 ) ;
#4346 = DIRECTION ( 'NONE',  ( 4.212971753347078400E-032, 1.000000000000000000, 0.0000000000000000000 ) ) ;
#4347 = ADVANCED_FACE ( 'NONE', ( #1804 ), #2266, .T. ) ;
#4348 =( GEOMETRIC_REPRESENTATION_CONTEXT ( 3 ) GLOBAL_UNCERTAINTY_ASSIGNED_CONTEXT ( ( #3014 ) ) GLOBAL_UNIT_ASSIGNED_CONTEXT ( ( #5828, #6489, #6404 ) ) REPRESENTATION_CONTEXT ( 'NONE', 'WORKASPACE' ) );
#4349 = DIRECTION ( 'NONE',  ( 1.000000000000000000, 0.0000000000000000000, -7.080503983578802800E-016 ) ) ;
#4350 = DIRECTION ( 'NONE',  ( 0.0000000000000000000, -0.9848077530122073500, 0.1736481776669340500 ) ) ;
#4351 = DIRECTION ( 'NONE',  ( 1.000000000000000000, 0.0000000000000000000, 0.0000000000000000000 ) ) ;
#4352 = CARTESIAN_POINT ( 'NONE',  ( 0.4349999999999987800, -1.123578144323986900, -2.999587534657339700 ) ) ;
#4353 = ORIENTED_EDGE ( 'NONE', *, *, #6776, .F. ) ;
#4354 = DIRECTION ( 'NONE',  ( 0.0000000000000000000, 0.0000000000000000000, 1.000000000000000000 ) ) ;
#4355 = EDGE_LOOP ( 'NONE', ( #7352, #1203, #3274, #7819 ) ) ;
#4356 = LINE ( 'NONE', #2587, #1647 ) ;
#4357 = DIRECTION ( 'NONE',  ( 0.0000000000000000000, 0.1736481776669341100, -0.9848077530122073500 ) ) ;
#4358 = ADVANCED_FACE ( 'NONE', ( #6560 ), #2982, .F. ) ;
#4359 = AXIS2_PLACEMENT_3D ( 'NONE', #2403, #3110, #1046 ) ;
#4360 = CARTESIAN_POINT ( 'NONE',  ( -4.245000000000000100, -0.1349999999999994500, 2.592546190531647400 ) ) ;
#4361 = CARTESIAN_POINT ( 'NONE',  ( 3.374999999999999600, -0.8885781443239865200, 2.999587534657339700 ) ) ;
#4362 = CARTESIAN_POINT ( 'NONE',  ( 0.0000000000000000000, -1.123578144323986300, -0.005099784264222338000 ) ) ;
#4363 = ORIENTED_EDGE ( 'NONE', *, *, #5156, .F. ) ;
#4364 = DIRECTION ( 'NONE',  ( -0.0000000000000000000, -0.9848077530122073500, 0.1736481776669340500 ) ) ;
#4365 = VECTOR ( 'NONE', #372, 1000.000000000000000 ) ;
#4366 = CARTESIAN_POINT ( 'NONE',  ( 3.374999999999998700, -1.123578144323986900, -2.999587534657339700 ) ) ;
#4367 = DIRECTION ( 'NONE',  ( 0.0000000000000000000, 1.000000000000000000, 0.0000000000000000000 ) ) ;
#4368 = CARTESIAN_POINT ( 'NONE',  ( -0.4350000000000005000, -0.1349999999999994500, 2.592546190531647400 ) ) ;
#4369 = DIRECTION ( 'NONE',  ( 1.000000000000000000, 8.425943506694156900E-032, -4.336808689942019700E-016 ) ) ;
#4370 = FACE_OUTER_BOUND ( 'NONE', #3723, .T. ) ;
#4371 = ADVANCED_FACE ( 'NONE', ( #8785 ), #7741, .F. ) ;
#4372 = EDGE_CURVE ( 'NONE', #5879, #7675, #940, .T. ) ;
#4373 = CARTESIAN_POINT ( 'NONE',  ( -3.375000000000001300, -0.1349999999999994500, 2.592546190531647400 ) ) ;
#4374 = VERTEX_POINT ( 'NONE', #1093 ) ;
#4375 = DIRECTION ( 'NONE',  ( 0.0000000000000000000, 0.0000000000000000000, 1.000000000000000000 ) ) ;
#4376 = EDGE_CURVE ( 'NONE', #525, #3593, #4811, .T. ) ;
#4377 = VECTOR ( 'NONE', #8625, 1000.000000000000000 ) ;
#4378 = PLANE ( 'NONE',  #3654 ) ;
#4379 = CARTESIAN_POINT ( 'NONE',  ( -4.245000000000000100, -1.123578144323986900, -2.999587534657339700 ) ) ;
#4380 = DIRECTION ( 'NONE',  ( 0.0000000000000000000, 7.744301232039248600E-016, 1.000000000000000000 ) ) ;
#4381 = EDGE_CURVE ( 'NONE', #2152, #2569, #4600, .T. ) ;
#4382 = ORIENTED_EDGE ( 'NONE', *, *, #7213, .F. ) ;
#4383 = DIRECTION ( 'NONE',  ( 0.0000000000000000000, 0.1736481776669342400, -0.9848077530122073500 ) ) ;
#4384 = CARTESIAN_POINT ( 'NONE',  ( -3.375000000000001300, -0.1000000000000000100, 1.599999999999999900 ) ) ;
#4385 = CARTESIAN_POINT ( 'NONE',  ( -1.705000000000000300, -0.09419267824826990700, 2.823976012489516600 ) ) ;
#4386 = CARTESIAN_POINT ( 'NONE',  ( -3.375000000000001300, -0.1349999999999994500, -2.592546190531647400 ) ) ;
#4387 = ORIENTED_EDGE ( 'NONE', *, *, #8568, .T. ) ;
#4388 = CYLINDRICAL_SURFACE ( 'NONE', #5734, 0.2350000000000004000 ) ;
#4389 = EDGE_CURVE ( 'NONE', #4880, #152, #2336, .T. ) ;
#4390 = ORIENTED_EDGE ( 'NONE', *, *, #1084, .F. ) ;
#4391 = COLOUR_RGB ( '',0.2509803921568627400, 0.2509803921568627400, 0.2509803921568627400 ) ;
#4392 = ORIENTED_EDGE ( 'NONE', *, *, #7053, .T. ) ;
#4393 = CARTESIAN_POINT ( 'NONE',  ( -5.509999999999999800, -0.0000000000000000000, -2.299999999999998900 ) ) ;
#4394 = DIRECTION ( 'NONE',  ( -0.0000000000000000000, 0.0000000000000000000, -1.000000000000000000 ) ) ;
#4395 = CARTESIAN_POINT ( 'NONE',  ( -4.245000000000000100, 0.1000000000000000100, 2.592546190531647400 ) ) ;
#4396 = VERTEX_POINT ( 'NONE', #8626 ) ;
#4397 = ORIENTED_EDGE ( 'NONE', *, *, #4208, .F. ) ;
#4398 = VECTOR ( 'NONE', #7230, 1000.000000000000000 ) ;
#4399 = VECTOR ( 'NONE', #3399, 1000.000000000000000 ) ;
#4400 = VECTOR ( 'NONE', #8713, 1000.000000000000000 ) ;
#4401 = DIRECTION ( 'NONE',  ( 2.168404344971009900E-016, 0.0000000000000000000, 1.000000000000000000 ) ) ;
#4402 = CARTESIAN_POINT ( 'NONE',  ( -2.105000000000001300, -0.9235781443239867700, -2.999587534657339700 ) ) ;
#4403 = AXIS2_PLACEMENT_3D ( 'NONE', #7638, #4349, #1654 ) ;
#4404 = CARTESIAN_POINT ( 'NONE',  ( 3.374999999999998700, -0.8946558305423296700, -2.965119263301910100 ) ) ;
#4405 = AXIS2_PLACEMENT_3D ( 'NONE', #6950, #7612, #2917 ) ;
#4406 = AXIS2_PLACEMENT_3D ( 'NONE', #1234, #1330, #4050 ) ;
#4407 = DIRECTION ( 'NONE',  ( -1.000000000000000000, 0.0000000000000000000, -0.0000000000000000000 ) ) ;
#4408 = VERTEX_POINT ( 'NONE', #7261 ) ;
#4409 = ADVANCED_FACE ( 'NONE', ( #8155 ), #7201, .F. ) ;
#4410 = DIRECTION ( 'NONE',  ( 0.0000000000000000000, 0.0000000000000000000, 1.000000000000000000 ) ) ;
#4411 = CARTESIAN_POINT ( 'NONE',  ( 3.374999999999998700, -0.1349999999999994500, -2.592546190531647400 ) ) ;
#4412 = SURFACE_STYLE_FILL_AREA ( #8007 ) ;
#4413 = EDGE_CURVE ( 'NONE', #6755, #2481, #6063, .T. ) ;
#4414 = DIRECTION ( 'NONE',  ( -0.0000000000000000000, 0.9848077530122073500, 0.1736481776669340500 ) ) ;
#4415 = ORIENTED_EDGE ( 'NONE', *, *, #348, .T. ) ;
#4416 = ORIENTED_EDGE ( 'NONE', *, *, #1640, .F. ) ;
#4417 = PLANE ( 'NONE',  #5126 ) ;
#4418 = CARTESIAN_POINT ( 'NONE',  ( -2.975000000000001000, -0.9235781443239867700, -2.999587534657339700 ) ) ;
#4419 = CIRCLE ( 'NONE', #6724, 0.2350000000000004000 ) ;
#4420 = ORIENTED_EDGE ( 'NONE', *, *, #1513, .F. ) ;
#4421 = VERTEX_POINT ( 'NONE', #3836 ) ;
#4422 = VERTEX_POINT ( 'NONE', #390 ) ;
#4423 = LINE ( 'NONE', #5906, #5150 ) ;
#4424 = DIRECTION ( 'NONE',  ( -4.336808689942019700E-016, 0.0000000000000000000, -1.000000000000000000 ) ) ;
#4425 = PLANE ( 'NONE',  #5306 ) ;
#4426 = VERTEX_POINT ( 'NONE', #7941 ) ;
#4427 = PRESENTATION_STYLE_ASSIGNMENT (( #5813 ) ) ;
#4428 = DIRECTION ( 'NONE',  ( 0.0000000000000000000, 7.744301232039248600E-016, -1.000000000000000000 ) ) ;
#4429 = VERTEX_POINT ( 'NONE', #8559 ) ;
#4430 = EDGE_CURVE ( 'NONE', #6216, #4254, #4081, .T. ) ;
#4431 = CARTESIAN_POINT ( 'NONE',  ( 2.974999999999998300, -0.8946558305423294400, -2.965119263301911400 ) ) ;
#4432 = DIRECTION ( 'NONE',  ( 1.000000000000000000, -0.0000000000000000000, -0.0000000000000000000 ) ) ;
#4433 = VECTOR ( 'NONE', #1838, 1000.000000000000000 ) ;
#4434 = VECTOR ( 'NONE', #3921, 1000.000000000000000 ) ;
#4435 = ORIENTED_EDGE ( 'NONE', *, *, #695, .T. ) ;
#4436 = VECTOR ( 'NONE', #4089, 1000.000000000000000 ) ;
#4437 = CARTESIAN_POINT ( 'NONE',  ( -0.8350000000000015200, -0.9293854660757164800, 2.768157712699470100 ) ) ;
#4438 = VERTEX_POINT ( 'NONE', #6457 ) ;
#4439 = VERTEX_POINT ( 'NONE', #2417 ) ;
#4440 = VERTEX_POINT ( 'NONE', #4520 ) ;
#4441 = EDGE_CURVE ( 'NONE', #2789, #4464, #5443, .T. ) ;
#4442 = PLANE ( 'NONE',  #6842 ) ;
#4443 = LINE ( 'NONE', #3685, #4240 ) ;
#4444 = LINE ( 'NONE', #5821, #1637 ) ;
#4445 = CARTESIAN_POINT ( 'NONE',  ( -5.333673019291534700, -1.000000000000000000, 0.0000000000000000000 ) ) ;
#4446 = ORIENTED_EDGE ( 'NONE', *, *, #4308, .F. ) ;
#4447 = DIRECTION ( 'NONE',  ( 0.0000000000000000000, 1.000000000000000000, -2.168404344971009900E-016 ) ) ;
#4448 = EDGE_CURVE ( 'NONE', #7465, #934, #630, .T. ) ;
#4449 = ORIENTED_EDGE ( 'NONE', *, *, #654, .T. ) ;
#4450 = ORIENTED_EDGE ( 'NONE', *, *, #6460, .F. ) ;
#4451 = EDGE_LOOP ( 'NONE', ( #4339, #8512, #7124, #2995 ) ) ;
#4452 = CIRCLE ( 'NONE', #2428, 0.03500000000000030900 ) ;
#4453 = DIRECTION ( 'NONE',  ( 1.000000000000000000, 0.0000000000000000000, 0.0000000000000000000 ) ) ;
#4454 = DIRECTION ( 'NONE',  ( 2.710505431213754200E-016, -1.000000000000000000, -1.608122649676636600E-016 ) ) ;
#4455 = CARTESIAN_POINT ( 'NONE',  ( 0.4349999999999987800, -0.9235781443239868800, 3.555000000000000200 ) ) ;
#4456 = EDGE_LOOP ( 'NONE', ( #2099, #126, #2325, #4868 ) ) ;
#4457 = DIRECTION ( 'NONE',  ( -4.336808689942019700E-016, 0.0000000000000000000, -1.000000000000000000 ) ) ;
#4458 = ORIENTED_EDGE ( 'NONE', *, *, #8456, .T. ) ;
#4459 = AXIS2_PLACEMENT_3D ( 'NONE', #7571, #1525, #162 ) ;
#4460 = DIRECTION ( 'NONE',  ( -0.0000000000000000000, 0.0000000000000000000, -1.000000000000000000 ) ) ;
#4461 = CARTESIAN_POINT ( 'NONE',  ( -2.975000000000001400, -1.123578144323986900, -3.555000000000000200 ) ) ;
#4462 = DIRECTION ( 'NONE',  ( 0.0000000000000000000, -2.168404344971009900E-016, 1.000000000000000000 ) ) ;
#4463 = EDGE_CURVE ( 'NONE', #512, #6082, #5850, .T. ) ;
#4464 = VERTEX_POINT ( 'NONE', #7824 ) ;
#4465 = FACE_OUTER_BOUND ( 'NONE', #8379, .T. ) ;
#4466 = EDGE_CURVE ( 'NONE', #512, #1747, #7848, .T. ) ;
#4467 = CARTESIAN_POINT ( 'NONE',  ( 4.645000000000001400, -0.9235781443239867700, -2.999587534657339700 ) ) ;
#4468 = AXIS2_PLACEMENT_3D ( 'NONE', #6576, #626, #7407 ) ;
#4469 = DIRECTION ( 'NONE',  ( 0.0000000000000000000, -0.1736481776669339900, -0.9848077530122073500 ) ) ;
#4470 = CARTESIAN_POINT ( 'NONE',  ( -1.705000000000000300, -0.1000000000000000100, -1.599999999999999900 ) ) ;
#4471 = CARTESIAN_POINT ( 'NONE',  ( 0.0000000000000000000, -1.123578144323986300, 0.005099784264222338000 ) ) ;
#4472 = CARTESIAN_POINT ( 'NONE',  ( 0.0000000000000000000, -0.9293854660757164800, -2.768157712699470100 ) ) ;
#4473 = CARTESIAN_POINT ( 'NONE',  ( 2.974999999999997900, -0.9235781443239868800, -3.555000000000000200 ) ) ;
#4474 = ORIENTED_EDGE ( 'NONE', *, *, #2816, .F. ) ;
#4475 = EDGE_CURVE ( 'NONE', #3341, #5061, #4293, .T. ) ;
#4476 = LINE ( 'NONE', #6916, #3166 ) ;
#4477 = DIRECTION ( 'NONE',  ( 8.673617379884039400E-016, -2.168404344971009900E-016, -1.000000000000000000 ) ) ;
#4478 = EDGE_CURVE ( 'NONE', #5013, #8449, #7946, .T. ) ;
#4479 = EDGE_LOOP ( 'NONE', ( #6855, #4926, #5897, #7329 ) ) ;
#4480 = CARTESIAN_POINT ( 'NONE',  ( 1.704999999999998500, -1.123578144323987200, -3.555000000000000200 ) ) ;
#4481 = ORIENTED_EDGE ( 'NONE', *, *, #4155, .T. ) ;
#4482 = VECTOR ( 'NONE', #5316, 1000.000000000000000 ) ;
#4483 = ORIENTED_EDGE ( 'NONE', *, *, #5555, .F. ) ;
#4484 = CARTESIAN_POINT ( 'NONE',  ( -3.375000000000001300, -0.8885781443239865200, 2.999587534657339700 ) ) ;
#4485 = ADVANCED_FACE ( 'NONE', ( #4188 ), #5259, .T. ) ;
#4486 = EDGE_CURVE ( 'NONE', #2572, #4247, #5743, .T. ) ;
#4487 = DIRECTION ( 'NONE',  ( 1.000000000000000000, -0.0000000000000000000, -0.0000000000000000000 ) ) ;
#4488 = LINE ( 'NONE', #3271, #3180 ) ;
#4489 = LINE ( 'NONE', #2012, #2551 ) ;
#4490 = CARTESIAN_POINT ( 'NONE',  ( -2.105000000000001300, -0.8946558305423292200, -2.965119263301912300 ) ) ;
#4491 = ORIENTED_EDGE ( 'NONE', *, *, #7944, .T. ) ;
#4492 = LINE ( 'NONE', #3442, #830 ) ;
#4493 = DIRECTION ( 'NONE',  ( 0.0000000000000000000, -0.1736481776669339900, 0.9848077530122073500 ) ) ;
#4494 = DIRECTION ( 'NONE',  ( 0.0000000000000000000, 0.0000000000000000000, 1.000000000000000000 ) ) ;
#4495 = ORIENTED_EDGE ( 'NONE', *, *, #2698, .T. ) ;
#4496 = ORIENTED_EDGE ( 'NONE', *, *, #6347, .T. ) ;
#4497 = VECTOR ( 'NONE', #6288, 1000.000000000000000 ) ;
#4498 = CYLINDRICAL_SURFACE ( 'NONE', #7868, 0.03500000000000030900 ) ;
#4499 = CARTESIAN_POINT ( 'NONE',  ( 1.704999999999999000, -0.9293854660757160400, -2.768157712699471000 ) ) ;
#4500 = EDGE_LOOP ( 'NONE', ( #4544, #5327, #4918, #1934 ) ) ;
#4501 = DIRECTION ( 'NONE',  ( 0.0000000000000000000, -2.168404344971009900E-016, 1.000000000000000000 ) ) ;
#4502 = LINE ( 'NONE', #5039, #4085 ) ;
#4503 = CARTESIAN_POINT ( 'NONE',  ( -1.705000000000001200, -0.1000000000000000100, -2.825000000000000200 ) ) ;
#4504 = AXIS2_PLACEMENT_3D ( 'NONE', #8027, #4838, #7445 ) ;
#4505 = LINE ( 'NONE', #6016, #2661 ) ;
#4506 = LINE ( 'NONE', #5603, #2665 ) ;
#4507 = ORIENTED_EDGE ( 'NONE', *, *, #8649, .F. ) ;
#4508 = EDGE_CURVE ( 'NONE', #7545, #2524, #2860, .T. ) ;
#4509 = ORIENTED_EDGE ( 'NONE', *, *, #3439, .T. ) ;
#4510 = DIRECTION ( 'NONE',  ( 0.0000000000000000000, -1.000000000000000000, 0.0000000000000000000 ) ) ;
#4511 = AXIS2_PLACEMENT_3D ( 'NONE', #697, #2754, #3465 ) ;
#4512 = ADVANCED_FACE ( 'NONE', ( #8683 ), #5294, .F. ) ;
#4513 = CARTESIAN_POINT ( 'NONE',  ( 1.704999999999999000, -0.8885781443239865200, -2.999587534657339700 ) ) ;
#4514 = AXIS2_PLACEMENT_3D ( 'NONE', #6500, #6531, #3911 ) ;
#4515 = FACE_OUTER_BOUND ( 'NONE', #427, .T. ) ;
#4516 = DIRECTION ( 'NONE',  ( 0.0000000000000000000, 0.0000000000000000000, 1.000000000000000000 ) ) ;
#4517 = CARTESIAN_POINT ( 'NONE',  ( -4.645000000000001400, -0.1289223137816567200, 2.627014461887075200 ) ) ;
#4518 = ORIENTED_EDGE ( 'NONE', *, *, #6081, .F. ) ;
#4519 = FACE_OUTER_BOUND ( 'NONE', #5171, .T. ) ;
#4520 = CARTESIAN_POINT ( 'NONE',  ( -2.105000000000001300, -0.09999999999999925600, -2.592546190531647400 ) ) ;
#4521 = EDGE_CURVE ( 'NONE', #8706, #4464, #4919, .T. ) ;
#4522 = DIRECTION ( 'NONE',  ( 0.0000000000000000000, 0.0000000000000000000, 1.000000000000000000 ) ) ;
#4523 = VECTOR ( 'NONE', #6713, 1000.000000000000000 ) ;
#4524 = ORIENTED_EDGE ( 'NONE', *, *, #3488, .F. ) ;
#4525 = VERTEX_POINT ( 'NONE', #5942 ) ;
#4526 = CIRCLE ( 'NONE', #4965, 0.03500000000000030900 ) ;
#4527 = EDGE_CURVE ( 'NONE', #8516, #6890, #827, .T. ) ;
#4528 = VECTOR ( 'NONE', #4066, 1000.000000000000000 ) ;
#4529 = ORIENTED_EDGE ( 'NONE', *, *, #8589, .F. ) ;
#4530 =( NAMED_UNIT ( * ) SI_UNIT ( $, .STERADIAN. ) SOLID_ANGLE_UNIT ( ) );
#4531 = ADVANCED_FACE ( 'NONE', ( #3079 ), #4048, .F. ) ;
#4532 = DIRECTION ( 'NONE',  ( 0.0000000000000000000, 1.000000000000000000, -2.168404344971009900E-016 ) ) ;
#4533 = ORIENTED_EDGE ( 'NONE', *, *, #1021, .F. ) ;
#4534 = CARTESIAN_POINT ( 'NONE',  ( 3.374999999999998700, -0.9293854660757164800, -2.768157712699470100 ) ) ;
#4535 = EDGE_LOOP ( 'NONE', ( #4608, #8666, #6047, #7940 ) ) ;
#4536 = CIRCLE ( 'NONE', #5340, 0.03500000000000030900 ) ;
#4537 = VERTEX_POINT ( 'NONE', #1170 ) ;
#4538 = EDGE_CURVE ( 'NONE', #7764, #6513, #7307, .T. ) ;
#4539 = ORIENTED_EDGE ( 'NONE', *, *, #7098, .F. ) ;
#4540 = LINE ( 'NONE', #1852, #7453 ) ;
#4541 = ORIENTED_EDGE ( 'NONE', *, *, #633, .F. ) ;
#4542 = LINE ( 'NONE', #5226, #3129 ) ;
#4543 = VECTOR ( 'NONE', #7664, 1000.000000000000000 ) ;
#4544 = ORIENTED_EDGE ( 'NONE', *, *, #1775, .F. ) ;
#4545 = EDGE_CURVE ( 'NONE', #5377, #2082, #310, .T. ) ;
#4546 = ORIENTED_EDGE ( 'NONE', *, *, #3632, .F. ) ;
#4547 = FACE_OUTER_BOUND ( 'NONE', #6581, .T. ) ;
#4548 = ORIENTED_EDGE ( 'NONE', *, *, #241, .T. ) ;
#4549 = ORIENTED_EDGE ( 'NONE', *, *, #3884, .T. ) ;
#4550 = LINE ( 'NONE', #3209, #2809 ) ;
#4551 = VECTOR ( 'NONE', #3246, 1000.000000000000000 ) ;
#4552 = DIRECTION ( 'NONE',  ( 0.0000000000000000000, 0.1736481776669340500, 0.9848077530122073500 ) ) ;
#4553 = EDGE_CURVE ( 'NONE', #836, #1153, #4488, .T. ) ;
#4554 = DIRECTION ( 'NONE',  ( 0.0000000000000000000, -0.1736481776669339900, 0.9848077530122073500 ) ) ;
#4555 = VERTEX_POINT ( 'NONE', #5967 ) ;
#4556 = PLANE ( 'NONE',  #7000 ) ;
#4557 = CARTESIAN_POINT ( 'NONE',  ( 3.374999999999998200, -1.123578144323986300, 0.005099784264220874800 ) ) ;
#4558 = DIRECTION ( 'NONE',  ( 0.0000000000000000000, -0.9848077530122073500, -0.1736481776669340500 ) ) ;
#4559 = EDGE_CURVE ( 'NONE', #398, #3568, #620, .T. ) ;
#4560 = VECTOR ( 'NONE', #5320, 1000.000000000000200 ) ;
#4561 = PLANE ( 'NONE',  #819 ) ;
#4562 = PLANE ( 'NONE',  #1279 ) ;
#4563 = CARTESIAN_POINT ( 'NONE',  ( 0.0000000000000000000, -0.9235781443239861100, 0.005099784264222377100 ) ) ;
#4564 = CARTESIAN_POINT ( 'NONE',  ( 0.8349999999999989700, -0.1349999999999994500, -2.592546190531647400 ) ) ;
#4565 = VECTOR ( 'NONE', #3190, 1000.000000000000000 ) ;
#4566 = AXIS2_PLACEMENT_3D ( 'NONE', #2883, #7617, #5525 ) ;
#4567 = AXIS2_PLACEMENT_3D ( 'NONE', #6368, #7799, #4357 ) ;
#4568 = CARTESIAN_POINT ( 'NONE',  ( 2.104999999999998600, -1.123578144323986900, -3.555000000000000200 ) ) ;
#4569 = DIRECTION ( 'NONE',  ( 1.000000000000000000, -8.425943506694156900E-032, -4.336808689942019700E-016 ) ) ;
#4570 = DIRECTION ( 'NONE',  ( -0.0000000000000000000, 0.0000000000000000000, -1.000000000000000000 ) ) ;
#4571 = VECTOR ( 'NONE', #5602, 1000.000000000000000 ) ;
#4572 = DIRECTION ( 'NONE',  ( 8.425943506694156900E-032, -1.000000000000000000, 0.0000000000000000000 ) ) ;
#4573 = DIRECTION ( 'NONE',  ( 8.673617379884039400E-016, 0.0000000000000000000, -1.000000000000000000 ) ) ;
#4574 = DIRECTION ( 'NONE',  ( 0.0000000000000000000, 0.1736481776669340500, 0.9848077530122073500 ) ) ;
#4575 = ADVANCED_FACE ( 'NONE', ( #5542 ), #2638, .F. ) ;
#4576 = DIRECTION ( 'NONE',  ( -1.000000000000000000, 0.0000000000000000000, 0.0000000000000000000 ) ) ;
#4577 = EDGE_CURVE ( 'NONE', #3796, #3114, #8776, .T. ) ;
#4578 = ORIENTED_EDGE ( 'NONE', *, *, #6140, .F. ) ;
#4579 = EDGE_CURVE ( 'NONE', #7008, #625, #8048, .T. ) ;
#4580 = CARTESIAN_POINT ( 'NONE',  ( 0.4349999999999987800, 0.4800880834868125900, 2.519629497316660900 ) ) ;
#4581 = ADVANCED_FACE ( 'NONE', ( #8570 ), #5516, .F. ) ;
#4582 = VECTOR ( 'NONE', #8352, 1000.000000000000000 ) ;
#4583 = ORIENTED_EDGE ( 'NONE', *, *, #3904, .T. ) ;
#4584 = CARTESIAN_POINT ( 'NONE',  ( 0.4349999999999987800, -0.1000000000000000100, -1.599999999999999900 ) ) ;
#4585 = ORIENTED_EDGE ( 'NONE', *, *, #6712, .F. ) ;
#4586 = ORIENTED_EDGE ( 'NONE', *, *, #8663, .T. ) ;
#4587 = FACE_OUTER_BOUND ( 'NONE', #7249, .T. ) ;
#4588 = PLANE ( 'NONE',  #8111 ) ;
#4589 = DIRECTION ( 'NONE',  ( -0.0000000000000000000, -0.9848077530122073500, -0.1736481776669340500 ) ) ;
#4590 = EDGE_CURVE ( 'NONE', #1660, #268, #6768, .T. ) ;
#4591 = VECTOR ( 'NONE', #287, 1000.000000000000000 ) ;
#4592 = CARTESIAN_POINT ( 'NONE',  ( -0.4350000000000005000, -0.9293854660757160400, 2.768157712699471000 ) ) ;
#4593 = ORIENTED_EDGE ( 'NONE', *, *, #4916, .T. ) ;
#4594 = LINE ( 'NONE', #971, #4805 ) ;
#4595 = PLANE ( 'NONE',  #1143 ) ;
#4596 = DIRECTION ( 'NONE',  ( 0.0000000000000000000, -0.9848077530122073500, 0.1736481776669340500 ) ) ;
#4597 = ORIENTED_EDGE ( 'NONE', *, *, #4882, .T. ) ;
#4598 = ADVANCED_FACE ( 'NONE', ( #3743 ), #676, .T. ) ;
#4599 = EDGE_LOOP ( 'NONE', ( #6010, #8104, #2393, #536 ) ) ;
#4600 = CIRCLE ( 'NONE', #6441, 0.2350000000000004000 ) ;
#4601 = VECTOR ( 'NONE', #4224, 1000.000000000000000 ) ;
#4602 = DIRECTION ( 'NONE',  ( 1.000000000000000000, 0.0000000000000000000, -0.0000000000000000000 ) ) ;
#4603 = ORIENTED_EDGE ( 'NONE', *, *, #8231, .F. ) ;
#4604 = ORIENTED_EDGE ( 'NONE', *, *, #5760, .T. ) ;
#4605 = EDGE_CURVE ( 'NONE', #2593, #7030, #6973, .T. ) ;
#4606 = CARTESIAN_POINT ( 'NONE',  ( -3.375000000000001300, -0.09999999999999925600, -2.592546190531647400 ) ) ;
#4607 = CARTESIAN_POINT ( 'NONE',  ( -4.245000000000000100, -0.1349999999999994500, 2.592546190531647400 ) ) ;
#4608 = ORIENTED_EDGE ( 'NONE', *, *, #3733, .F. ) ;
#4609 = DIRECTION ( 'NONE',  ( 0.0000000000000000000, 0.1736481776669340800, 0.9848077530122074700 ) ) ;
#4610 = ORIENTED_EDGE ( 'NONE', *, *, #7566, .T. ) ;
#4611 = DIRECTION ( 'NONE',  ( -2.710505431213754200E-016, 1.000000000000000000, 1.084202172485504900E-016 ) ) ;
#4612 = ORIENTED_EDGE ( 'NONE', *, *, #4538, .F. ) ;
#4613 = ADVANCED_FACE ( 'NONE', ( #6876 ), #8204, .F. ) ;
#4614 = DIRECTION ( 'NONE',  ( 0.0000000000000000000, 0.0000000000000000000, 1.000000000000000000 ) ) ;
#4615 = DIRECTION ( 'NONE',  ( -1.000000000000000000, -0.0000000000000000000, -0.0000000000000000000 ) ) ;
#4616 = VECTOR ( 'NONE', #5405, 1000.000000000000000 ) ;
#4617 = CARTESIAN_POINT ( 'NONE',  ( -7.733763339029309200, -2.049999999999999800, -3.555000000000000200 ) ) ;
#4618 = AXIS2_PLACEMENT_3D ( 'NONE', #2178, #5608, #851 ) ;
#4619 = MANIFOLD_SOLID_BREP ( 'Cut-Extrude3', #4175 ) ;
#4620 = ADVANCED_FACE ( 'NONE', ( #1796 ), #4761, .T. ) ;
#4621 = ORIENTED_EDGE ( 'NONE', *, *, #2564, .F. ) ;
#4622 = DIRECTION ( 'NONE',  ( 0.0000000000000000000, -0.1736481776669340800, -0.9848077530122074700 ) ) ;
#4623 = CYLINDRICAL_SURFACE ( 'NONE', #4226, 0.03500000000000019100 ) ;
#4624 = EDGE_CURVE ( 'NONE', #4332, #1602, #2125, .T. ) ;
#4625 = CARTESIAN_POINT ( 'NONE',  ( -0.8350000000000015200, -0.09999999999999925600, 2.592546190531647400 ) ) ;
#4626 = ORIENTED_EDGE ( 'NONE', *, *, #7550, .T. ) ;
#4627 = EDGE_LOOP ( 'NONE', ( #6778, #5993, #3571, #7432 ) ) ;
#4628 = CARTESIAN_POINT ( 'NONE',  ( 0.4349999999999981100, -1.123578144323986300, 0.005099784264222244300 ) ) ;
#4629 = LINE ( 'NONE', #7391, #3107 ) ;
#4630 = ORIENTED_EDGE ( 'NONE', *, *, #3077, .T. ) ;
#4631 = ORIENTED_EDGE ( 'NONE', *, *, #3607, .T. ) ;
#4632 = ORIENTED_EDGE ( 'NONE', *, *, #3806, .F. ) ;
#4633 = DIRECTION ( 'NONE',  ( 0.0000000000000000000, 0.0000000000000000000, -1.000000000000000000 ) ) ;
#4634 = LINE ( 'NONE', #8247, #7885 ) ;
#4635 = CARTESIAN_POINT ( 'NONE',  ( 2.104999999999999100, -0.1000000000000000100, -2.825000000000000200 ) ) ;
#4636 = ORIENTED_EDGE ( 'NONE', *, *, #5289, .F. ) ;
#4637 = ORIENTED_EDGE ( 'NONE', *, *, #3697, .T. ) ;
#4638 = DIRECTION ( 'NONE',  ( 0.0000000000000000000, 0.0000000000000000000, -1.000000000000000000 ) ) ;
#4639 = VECTOR ( 'NONE', #1379, 1000.000000000000000 ) ;
#4640 = VECTOR ( 'NONE', #7386, 1000.000000000000200 ) ;
#4641 = CARTESIAN_POINT ( 'NONE',  ( 0.0000000000000000000, -1.123578144323986300, -0.005099784264222338000 ) ) ;
#4642 = DIRECTION ( 'NONE',  ( 0.0000000000000000000, 0.0000000000000000000, -1.000000000000000000 ) ) ;
#4643 = ORIENTED_EDGE ( 'NONE', *, *, #8536, .T. ) ;
#4644 = DIRECTION ( 'NONE',  ( -1.000000000000000000, -0.0000000000000000000, -0.0000000000000000000 ) ) ;
#4645 = PLANE ( 'NONE',  #5671 ) ;
#4646 = VECTOR ( 'NONE', #8692, 1000.000000000000000 ) ;
#4647 = DIRECTION ( 'NONE',  ( 1.000000000000000000, -0.0000000000000000000, -0.0000000000000000000 ) ) ;
#4648 = EDGE_CURVE ( 'NONE', #8118, #7564, #3294, .T. ) ;
#4649 = ORIENTED_EDGE ( 'NONE', *, *, #8283, .T. ) ;
#4650 = DIRECTION ( 'NONE',  ( 0.0000000000000000000, 0.0000000000000000000, -1.000000000000000000 ) ) ;
#4651 = ORIENTED_EDGE ( 'NONE', *, *, #7883, .T. ) ;
#4652 = CIRCLE ( 'NONE', #2717, 0.2350000000000004000 ) ;
#4653 = LINE ( 'NONE', #1376, #7785 ) ;
#4654 = ORIENTED_EDGE ( 'NONE', *, *, #3845, .T. ) ;
#4655 = EDGE_CURVE ( 'NONE', #318, #5661, #1570, .T. ) ;
#4656 = ORIENTED_EDGE ( 'NONE', *, *, #7046, .F. ) ;
#4657 = APPLICATION_PROTOCOL_DEFINITION ( 'draft international standard', 'automotive_design', 1998, #8662 ) ;
#4658 = VERTEX_POINT ( 'NONE', #7518 ) ;
#4659 = ORIENTED_EDGE ( 'NONE', *, *, #4832, .F. ) ;
#4660 = ORIENTED_EDGE ( 'NONE', *, *, #4265, .F. ) ;
#4661 = CIRCLE ( 'NONE', #7647, 0.2350000000000004000 ) ;
#4662 = ORIENTED_EDGE ( 'NONE', *, *, #843, .F. ) ;
#4663 = EDGE_CURVE ( 'NONE', #4440, #5989, #6452, .T. ) ;
#4664 = DIRECTION ( 'NONE',  ( -0.0000000000000000000, 0.0000000000000000000, 1.000000000000000000 ) ) ;
#4665 = DIRECTION ( 'NONE',  ( 0.0000000000000000000, 0.0000000000000000000, -1.000000000000000000 ) ) ;
#4666 = DIRECTION ( 'NONE',  ( 1.000000000000000000, 0.0000000000000000000, 0.0000000000000000000 ) ) ;
#4667 = EDGE_LOOP ( 'NONE', ( #8080, #981, #3521, #6382 ) ) ;
#4668 = CYLINDRICAL_SURFACE ( 'NONE', #4068, 0.03500000000000030900 ) ;
#4669 = DIRECTION ( 'NONE',  ( -0.0000000000000000000, 0.0000000000000000000, -1.000000000000000000 ) ) ;
#4670 = ADVANCED_FACE ( 'NONE', ( #7622 ), #7197, .T. ) ;
#4671 = EDGE_CURVE ( 'NONE', #7778, #347, #8469, .T. ) ;
#4672 = AXIS2_PLACEMENT_3D ( 'NONE', #8260, #4248, #5629 ) ;
#4673 = DIRECTION ( 'NONE',  ( 1.451823225083932900E-032, -1.000000000000000000, -1.608122649676636600E-016 ) ) ;
#4674 = CARTESIAN_POINT ( 'NONE',  ( 0.8349999999999998500, -0.1289223137816567200, 2.627014461887075200 ) ) ;
#4675 = DIRECTION ( 'NONE',  ( -1.000000000000000000, 0.0000000000000000000, 0.0000000000000000000 ) ) ;
#4676 = CARTESIAN_POINT ( 'NONE',  ( -0.8350000000000015200, -0.1289223137816567200, -2.627014461887075200 ) ) ;
#4677 =( LENGTH_UNIT ( ) NAMED_UNIT ( * ) SI_UNIT ( .MILLI., .METRE. ) );
#4678 = DIRECTION ( 'NONE',  ( 1.000000000000000000, 0.0000000000000000000, 0.0000000000000000000 ) ) ;
#4679 = FACE_OUTER_BOUND ( 'NONE', #7880, .T. ) ;
#4680 = DIRECTION ( 'NONE',  ( 0.0000000000000000000, 0.0000000000000000000, -1.000000000000000000 ) ) ;
#4681 = DIRECTION ( 'NONE',  ( -2.168404344971009900E-016, -2.168404344971009900E-016, -1.000000000000000000 ) ) ;
#4682 = PLANE ( 'NONE',  #8441 ) ;
#4683 = VECTOR ( 'NONE', #8436, 1000.000000000000200 ) ;
#4684 = APPLICATION_PROTOCOL_DEFINITION ( 'draft international standard', 'automotive_design', 1998, #8073 ) ;
#4685 = AXIS2_PLACEMENT_3D ( 'NONE', #3629, #4323, #7592 ) ;
#4686 = DIRECTION ( 'NONE',  ( 0.0000000000000000000, 0.1736481776669270600, -0.9848077530122086900 ) ) ;
#4687 = VERTEX_POINT ( 'NONE', #3433 ) ;
#4688 = CARTESIAN_POINT ( 'NONE',  ( 0.8349999999999988500, -0.8885781443239865200, -2.999587534657339700 ) ) ;
#4689 = DIRECTION ( 'NONE',  ( 0.0000000000000000000, 0.0000000000000000000, 1.000000000000000000 ) ) ;
#4690 = VECTOR ( 'NONE', #3982, 1000.000000000000000 ) ;
#4691 = EDGE_CURVE ( 'NONE', #1579, #420, #7834, .T. ) ;
#4692 = DIRECTION ( 'NONE',  ( 4.336808689942019700E-016, 0.0000000000000000000, 1.000000000000000000 ) ) ;
#4693 = ORIENTED_EDGE ( 'NONE', *, *, #8715, .T. ) ;
#4694 = LINE ( 'NONE', #7328, #4646 ) ;
#4695 = DIRECTION ( 'NONE',  ( 1.000000000000000000, -0.0000000000000000000, 0.0000000000000000000 ) ) ;
#4696 = CARTESIAN_POINT ( 'NONE',  ( 3.374999999999999600, -0.9235781443239867700, 2.999587534657339700 ) ) ;
#4697 = CARTESIAN_POINT ( 'NONE',  ( -1.704999999999999600, -1.123578144323987200, 3.970219047566133900 ) ) ;
#4698 = ORIENTED_EDGE ( 'NONE', *, *, #215, .F. ) ;
#4699 = CARTESIAN_POINT ( 'NONE',  ( 0.0000000000000000000, 1.000000000000000000, -2.123673019291533800 ) ) ;
#4700 = CARTESIAN_POINT ( 'NONE',  ( -4.245000000000001000, -1.123578144323986900, -2.970219047566134300 ) ) ;
#4701 = CARTESIAN_POINT ( 'NONE',  ( -4.645000000000001400, -1.123578144323986900, 2.999587534657338800 ) ) ;
#4702 = EDGE_CURVE ( 'NONE', #991, #442, #4072, .T. ) ;
#4703 = ORIENTED_EDGE ( 'NONE', *, *, #6259, .T. ) ;
#4704 = VECTOR ( 'NONE', #137, 1000.000000000000000 ) ;
#4705 = VERTEX_POINT ( 'NONE', #4455 ) ;
#4706 = DIRECTION ( 'NONE',  ( 0.0000000000000000000, -0.1736481776669339900, 0.9848077530122073500 ) ) ;
#4707 = ORIENTED_EDGE ( 'NONE', *, *, #1249, .T. ) ;
#4708 = DIRECTION ( 'NONE',  ( 1.929617827783994400E-032, -1.000000000000000000, 2.832769448823989800E-016 ) ) ;
#4709 = EDGE_CURVE ( 'NONE', #2918, #7008, #2219, .T. ) ;
#4710 = DIRECTION ( 'NONE',  ( -0.0000000000000000000, 2.168404344971009900E-016, 1.000000000000000000 ) ) ;
#4711 = VECTOR ( 'NONE', #2529, 1000.000000000000000 ) ;
#4712 = LINE ( 'NONE', #5640, #532 ) ;
#4713 = LINE ( 'NONE', #6073, #5031 ) ;
#4714 = LINE ( 'NONE', #708, #3417 ) ;
#4715 = ORIENTED_EDGE ( 'NONE', *, *, #6418, .T. ) ;
#4716 = EDGE_CURVE ( 'NONE', #4124, #5442, #6240, .T. ) ;
#4717 = AXIS2_PLACEMENT_3D ( 'NONE', #8667, #5280, #3172 ) ;
#4718 = FACE_OUTER_BOUND ( 'NONE', #5046, .T. ) ;
#4719 = AXIS2_PLACEMENT_3D ( 'NONE', #4780, #6055, #2779 ) ;
#4720 = EDGE_CURVE ( 'NONE', #4011, #8611, #410, .T. ) ;
#4721 = DIRECTION ( 'NONE',  ( -7.080503983578801900E-016, -0.0000000000000000000, -1.000000000000000000 ) ) ;
#4722 = ORIENTED_EDGE ( 'NONE', *, *, #2301, .F. ) ;
#4723 = EDGE_LOOP ( 'NONE', ( #3778, #7455, #772, #3485 ) ) ;
#4724 = DIRECTION ( 'NONE',  ( 1.000000000000000000, -0.0000000000000000000, -0.0000000000000000000 ) ) ;
#4725 = DIRECTION ( 'NONE',  ( 0.0000000000000000000, -0.1736481776669270600, 0.9848077530122086900 ) ) ;
#4726 = LINE ( 'NONE', #7406, #2884 ) ;
#4727 = CARTESIAN_POINT ( 'NONE',  ( -3.375000000000001300, 0.4800880834868125900, 2.519629497316660900 ) ) ;
#4728 = ORIENTED_EDGE ( 'NONE', *, *, #3431, .T. ) ;
#4729 = AXIS2_PLACEMENT_3D ( 'NONE', #7461, #2785, #1494 ) ;
#4730 = ORIENTED_EDGE ( 'NONE', *, *, #4991, .F. ) ;
#4731 = CARTESIAN_POINT ( 'NONE',  ( -0.8350000000000015200, -0.9235781443239867700, 2.970219047566134300 ) ) ;
#4732 = LINE ( 'NONE', #3494, #8278 ) ;
#4733 = CARTESIAN_POINT ( 'NONE',  ( -2.105000000000001300, -0.9293854660757160400, -2.768157712699471000 ) ) ;
#4734 = DIRECTION ( 'NONE',  ( -0.0000000000000000000, 0.9848077530122073500, -0.1736481776669340500 ) ) ;
#4735 = DIRECTION ( 'NONE',  ( 0.0000000000000000000, 0.0000000000000000000, -1.000000000000000000 ) ) ;
#4736 = AXIS2_PLACEMENT_3D ( 'NONE', #8782, #7488, #5459 ) ;
#4737 = VERTEX_POINT ( 'NONE', #282 ) ;
#4738 = EDGE_LOOP ( 'NONE', ( #3515, #5075, #5359, #1088 ) ) ;
#4739 = VECTOR ( 'NONE', #450, 1000.000000000000000 ) ;
#4740 = FACE_OUTER_BOUND ( 'NONE', #1261, .T. ) ;
#4741 = EDGE_LOOP ( 'NONE', ( #7678, #831, #473, #7301 ) ) ;
#4742 = EDGE_LOOP ( 'NONE', ( #2888, #6197, #4449, #4649 ) ) ;
#4743 = EDGE_CURVE ( 'NONE', #5770, #6258, #4502, .T. ) ;
#4744 =( NAMED_UNIT ( * ) PLANE_ANGLE_UNIT ( ) SI_UNIT ( $, .RADIAN. ) );
#4745 = EDGE_CURVE ( 'NONE', #3580, #3319, #2553, .T. ) ;
#4746 = SURFACE_STYLE_FILL_AREA ( #585 ) ;
#4747 = CARTESIAN_POINT ( 'NONE',  ( -4.245000000000000100, -0.8885781443239865200, -2.999587534657339700 ) ) ;
#4748 = ORIENTED_EDGE ( 'NONE', *, *, #2787, .F. ) ;
#4749 = EDGE_LOOP ( 'NONE', ( #6672, #7446, #4818, #1681 ) ) ;
#4750 = COLOUR_RGB ( '',0.2509803921568627400, 0.2509803921568627400, 0.2509803921568627400 ) ;
#4751 = CARTESIAN_POINT ( 'NONE',  ( -3.375000000000001300, -0.1289223137816567200, 2.627014461887075200 ) ) ;
#4752 = AXIS2_PLACEMENT_3D ( 'NONE', #5630, #4940, #822 ) ;
#4753 = SURFACE_STYLE_FILL_AREA ( #7459 ) ;
#4754 = LINE ( 'NONE', #344, #465 ) ;
#4755 = VERTEX_POINT ( 'NONE', #987 ) ;
#4756 = CARTESIAN_POINT ( 'NONE',  ( -1.705000000000001200, -0.1349999999999994500, -2.592546190531647400 ) ) ;
#4757 = CARTESIAN_POINT ( 'NONE',  ( -3.375000000000001300, -0.1349999999999994500, -2.592546190531647400 ) ) ;
#4758 = DIRECTION ( 'NONE',  ( 0.0000000000000000000, 0.0000000000000000000, -1.000000000000000000 ) ) ;
#4759 = ORIENTED_EDGE ( 'NONE', *, *, #5660, .T. ) ;
#4760 = PLANE ( 'NONE',  #4901 ) ;
#4761 = PLANE ( 'NONE',  #1402 ) ;
#4762 = EDGE_LOOP ( 'NONE', ( #8733, #320, #88, #4086 ) ) ;
#4763 = DIRECTION ( 'NONE',  ( 0.0000000000000000000, 0.0000000000000000000, 1.000000000000000000 ) ) ;
#4764 = LINE ( 'NONE', #1210, #23 ) ;
#4765 = CARTESIAN_POINT ( 'NONE',  ( 0.4349999999999986700, -1.123578144323987200, -3.555000000000000200 ) ) ;
#4766 = LINE ( 'NONE', #7609, #2923 ) ;
#4767 = CARTESIAN_POINT ( 'NONE',  ( 2.105000000000000000, -0.09999999999999925600, 2.592546190531647400 ) ) ;
#4768 = DIRECTION ( 'NONE',  ( -0.0000000000000000000, 0.0000000000000000000, -1.000000000000000000 ) ) ;
#4769 = EDGE_CURVE ( 'NONE', #8047, #5956, #8370, .T. ) ;
#4770 = ORIENTED_EDGE ( 'NONE', *, *, #7053, .F. ) ;
#4771 = CARTESIAN_POINT ( 'NONE',  ( 0.0000000000000000000, -1.123578144323986300, 0.005099784264222338000 ) ) ;
#4772 = DIRECTION ( 'NONE',  ( 0.0000000000000000000, 0.0000000000000000000, 1.000000000000000000 ) ) ;
#4773 = ORIENTED_EDGE ( 'NONE', *, *, #6348, .T. ) ;
#4774 = EDGE_LOOP ( 'NONE', ( #5685, #1938, #4631, #1723 ) ) ;
#4775 = LINE ( 'NONE', #8292, #8540 ) ;
#4776 = ORIENTED_EDGE ( 'NONE', *, *, #8448, .T. ) ;
#4777 = EDGE_CURVE ( 'NONE', #7770, #2843, #6554, .T. ) ;
#4778 = FACE_OUTER_BOUND ( 'NONE', #1452, .T. ) ;
#4779 = DIRECTION ( 'NONE',  ( 1.000000000000000000, 0.0000000000000000000, 0.0000000000000000000 ) ) ;
#4780 = CARTESIAN_POINT ( 'NONE',  ( -3.375000000000001300, -0.8885781443239865200, -2.999587534657339700 ) ) ;
#4781 = CARTESIAN_POINT ( 'NONE',  ( -1.705000000000001200, -0.1289223137816569700, -2.627014461887073900 ) ) ;
#4782 = AXIS2_PLACEMENT_3D ( 'NONE', #6671, #488, #7296 ) ;
#4783 = DIRECTION ( 'NONE',  ( 0.0000000000000000000, -1.000000000000000000, 0.0000000000000000000 ) ) ;
#4784 = CARTESIAN_POINT ( 'NONE',  ( -4.645000000000001400, -0.09419267824826990700, 2.823976012489516600 ) ) ;
#4785 = MECHANICAL_DESIGN_GEOMETRIC_PRESENTATION_REPRESENTATION (  '', ( #811 ), #4348 ) ;
#4786 = ORIENTED_EDGE ( 'NONE', *, *, #6432, .F. ) ;
#4787 = CIRCLE ( 'NONE', #4288, 0.03500000000000030900 ) ;
#4788 = DIRECTION ( 'NONE',  ( 0.0000000000000000000, -0.1736481776669340800, -0.9848077530122074700 ) ) ;
#4789 = DIRECTION ( 'NONE',  ( -1.000000000000000000, 0.0000000000000000000, 0.0000000000000000000 ) ) ;
#4790 = DIRECTION ( 'NONE',  ( 0.0000000000000000000, 0.1736481776669340500, 0.9848077530122073500 ) ) ;
#4791 = ADVANCED_FACE ( 'NONE', ( #2235 ), #953, .T. ) ;
#4792 = VERTEX_POINT ( 'NONE', #1611 ) ;
#4793 = STYLED_ITEM ( 'NONE', ( #2485 ), #855 ) ;
#4794 = VERTEX_POINT ( 'NONE', #2399 ) ;
#4795 = LINE ( 'NONE', #2801, #1788 ) ;
#4796 =( NAMED_UNIT ( * ) PLANE_ANGLE_UNIT ( ) SI_UNIT ( $, .RADIAN. ) );
#4797 = AXIS2_PLACEMENT_3D ( 'NONE', #4268, #156, #6956 ) ;
#4798 = DIRECTION ( 'NONE',  ( 0.0000000000000000000, 0.0000000000000000000, -1.000000000000000000 ) ) ;
#4799 = DIRECTION ( 'NONE',  ( -0.0000000000000000000, 0.9848077530122073500, 0.1736481776669340500 ) ) ;
#4800 = DIRECTION ( 'NONE',  ( -1.000000000000000000, 0.0000000000000000000, 0.0000000000000000000 ) ) ;
#4801 = ORIENTED_EDGE ( 'NONE', *, *, #2182, .T. ) ;
#4802 = LINE ( 'NONE', #3915, #6787 ) ;
#4803 = LINE ( 'NONE', #8, #2326 ) ;
#4804 = ORIENTED_EDGE ( 'NONE', *, *, #1236, .T. ) ;
#4805 = VECTOR ( 'NONE', #8383, 1000.000000000000000 ) ;
#4806 = EDGE_CURVE ( 'NONE', #6139, #2983, #4295, .T. ) ;
#4807 = CARTESIAN_POINT ( 'NONE',  ( 1.704999999999999000, -0.8946558305423294400, -2.965119263301911400 ) ) ;
#4808 = ORIENTED_EDGE ( 'NONE', *, *, #5889, .F. ) ;
#4809 = CARTESIAN_POINT ( 'NONE',  ( -0.8350000000000015200, -0.8885781443239865200, -2.999587534657339700 ) ) ;
#4810 = DIRECTION ( 'NONE',  ( 0.0000000000000000000, -0.1736481776669340800, 0.9848077530122074700 ) ) ;
#4811 = LINE ( 'NONE', #7766, #3088 ) ;
#4812 = VECTOR ( 'NONE', #2586, 1000.000000000000000 ) ;
#4813 = DIRECTION ( 'NONE',  ( -1.000000000000000000, 0.0000000000000000000, 0.0000000000000000000 ) ) ;
#4814 = LINE ( 'NONE', #3786, #841 ) ;
#4815 = ORIENTED_EDGE ( 'NONE', *, *, #2738, .T. ) ;
#4816 = DIRECTION ( 'NONE',  ( -7.080503983578802800E-016, 0.0000000000000000000, -1.000000000000000000 ) ) ;
#4817 = EDGE_CURVE ( 'NONE', #3185, #7971, #7948, .T. ) ;
#4818 = ORIENTED_EDGE ( 'NONE', *, *, #5117, .T. ) ;
#4819 = DIRECTION ( 'NONE',  ( -0.0000000000000000000, -0.0000000000000000000, 1.000000000000000000 ) ) ;
#4820 = LINE ( 'NONE', #3473, #7952 ) ;
#4821 = DIRECTION ( 'NONE',  ( 1.000000000000000000, 0.0000000000000000000, -0.0000000000000000000 ) ) ;
#4822 = EDGE_LOOP ( 'NONE', ( #128, #5438, #37, #4610 ) ) ;
#4823 = EDGE_CURVE ( 'NONE', #1035, #2123, #1370, .T. ) ;
#4824 = DIRECTION ( 'NONE',  ( -4.336808689942019700E-016, 0.0000000000000000000, -1.000000000000000000 ) ) ;
#4825 = LINE ( 'NONE', #358, #3755 ) ;
#4826 = ORIENTED_EDGE ( 'NONE', *, *, #3366, .F. ) ;
#4827 = CARTESIAN_POINT ( 'NONE',  ( 2.105000000000000000, -0.8885781443239865200, 2.999587534657339700 ) ) ;
#4828 = ORIENTED_EDGE ( 'NONE', *, *, #5479, .T. ) ;
#4829 = ORIENTED_EDGE ( 'NONE', *, *, #1021, .T. ) ;
#4830 = CARTESIAN_POINT ( 'NONE',  ( 4.645000000000001400, -1.123578144323986900, -2.999587534657339700 ) ) ;
#4831 = PLANE ( 'NONE',  #1448 ) ;
#4832 = EDGE_CURVE ( 'NONE', #8141, #4129, #7634, .T. ) ;
#4833 = PRESENTATION_LAYER_ASSIGNMENT (  '', '', ( #5450 ) ) ;
#4834 = AXIS2_PLACEMENT_3D ( 'NONE', #1161, #6591, #7283 ) ;
#4835 = VECTOR ( 'NONE', #7974, 1000.000000000000000 ) ;
#4836 = DIRECTION ( 'NONE',  ( 0.0000000000000000000, 0.0000000000000000000, -1.000000000000000000 ) ) ;
#4837 = ADVANCED_FACE ( 'NONE', ( #2972 ), #1104, .T. ) ;
#4838 = DIRECTION ( 'NONE',  ( 1.000000000000000000, -0.0000000000000000000, -0.0000000000000000000 ) ) ;
#4839 = EDGE_LOOP ( 'NONE', ( #3343, #75, #5476, #4168 ) ) ;
#4840 = VECTOR ( 'NONE', #5194, 1000.000000000000000 ) ;
#4841 = DIRECTION ( 'NONE',  ( -1.000000000000000000, 0.0000000000000000000, 0.0000000000000000000 ) ) ;
#4842 = ORIENTED_EDGE ( 'NONE', *, *, #4671, .T. ) ;
#4843 = DIRECTION ( 'NONE',  ( 1.000000000000000000, 0.0000000000000000000, 0.0000000000000000000 ) ) ;
#4844 = LINE ( 'NONE', #914, #136 ) ;
#4845 = AXIS2_PLACEMENT_3D ( 'NONE', #7910, #8575, #4570 ) ;
#4846 = EDGE_LOOP ( 'NONE', ( #1183, #115, #6852, #4450 ) ) ;
#4847 = FACE_OUTER_BOUND ( 'NONE', #838, .T. ) ;
#4848 = AXIS2_PLACEMENT_3D ( 'NONE', #2173, #6200, #3527 ) ;
#4849 = AXIS2_PLACEMENT_3D ( 'NONE', #7102, #7756, #3738 ) ;
#4850 = LINE ( 'NONE', #1926, #1306 ) ;
#4851 = LINE ( 'NONE', #3851, #1091 ) ;
#4852 = VERTEX_POINT ( 'NONE', #6995 ) ;
#4853 = EDGE_LOOP ( 'NONE', ( #8425, #4651, #951, #6236 ) ) ;
#4854 = PLANE ( 'NONE',  #5520 ) ;
#4855 = CARTESIAN_POINT ( 'NONE',  ( -1.704999999999999600, -0.9235781443239869900, 3.970219047566133900 ) ) ;
#4856 = ORIENTED_EDGE ( 'NONE', *, *, #3697, .F. ) ;
#4857 = VECTOR ( 'NONE', #537, 1000.000000000000000 ) ;
#4858 = ORIENTED_EDGE ( 'NONE', *, *, #2340, .T. ) ;
#4859 = DIRECTION ( 'NONE',  ( -1.000000000000000000, -0.0000000000000000000, -0.0000000000000000000 ) ) ;
#4860 = VECTOR ( 'NONE', #916, 1000.000000000000000 ) ;
#4861 = FACE_OUTER_BOUND ( 'NONE', #3234, .T. ) ;
#4862 = ORIENTED_EDGE ( 'NONE', *, *, #1823, .T. ) ;
#4863 = ORIENTED_EDGE ( 'NONE', *, *, #2047, .T. ) ;
#4864 = EDGE_CURVE ( 'NONE', #7290, #7463, #4814, .T. ) ;
#4865 = CARTESIAN_POINT ( 'NONE',  ( -0.4350000000000005000, -0.1000000000000000100, 2.825000000000000200 ) ) ;
#4866 = CARTESIAN_POINT ( 'NONE',  ( -2.974999999999999600, -1.123578144323987200, 3.555000000000000200 ) ) ;
#4867 = DIRECTION ( 'NONE',  ( 0.0000000000000000000, 1.000000000000000000, -2.168404344971009900E-016 ) ) ;
#4868 = ORIENTED_EDGE ( 'NONE', *, *, #2666, .F. ) ;
#4869 = ORIENTED_EDGE ( 'NONE', *, *, #3045, .F. ) ;
#4870 = ORIENTED_EDGE ( 'NONE', *, *, #7112, .T. ) ;
#4871 = VECTOR ( 'NONE', #3309, 1000.000000000000200 ) ;
#4872 = CARTESIAN_POINT ( 'NONE',  ( 3.374999999999998700, -0.8885781443239865200, -2.999587534657339700 ) ) ;
#4873 = VERTEX_POINT ( 'NONE', #4473 ) ;
#4874 = DIRECTION ( 'NONE',  ( -7.080503983578801900E-016, -0.0000000000000000000, -1.000000000000000000 ) ) ;
#4875 = DIRECTION ( 'NONE',  ( 1.929617827783994400E-032, -1.000000000000000000, 2.832769448823989800E-016 ) ) ;
#4876 = CARTESIAN_POINT ( 'NONE',  ( 3.374999999999999600, -0.8885781443239865200, 2.999587534657339700 ) ) ;
#4877 = CARTESIAN_POINT ( 'NONE',  ( -2.105000000000001300, -0.09999999999999925600, 2.592546190531647400 ) ) ;
#4878 = DIRECTION ( 'NONE',  ( 1.000000000000000000, 0.0000000000000000000, 0.0000000000000000000 ) ) ;
#4879 = DIRECTION ( 'NONE',  ( 0.0000000000000000000, 9.227252531791510400E-016, -1.000000000000000000 ) ) ;
#4880 = VERTEX_POINT ( 'NONE', #1039 ) ;
#4881 = VECTOR ( 'NONE', #8514, 1000.000000000000000 ) ;
#4882 = EDGE_CURVE ( 'NONE', #1760, #4421, #727, .T. ) ;
#4883 = DIRECTION ( 'NONE',  ( 0.0000000000000000000, 1.000000000000000000, 0.0000000000000000000 ) ) ;
#4884 = CARTESIAN_POINT ( 'NONE',  ( -0.8350000000000014100, -1.123578144323986900, 2.999587534657339700 ) ) ;
#4885 = CARTESIAN_POINT ( 'NONE',  ( -2.975000000000001000, 0.1000000000000007500, -2.592546190531647400 ) ) ;
#4886 = CARTESIAN_POINT ( 'NONE',  ( -2.105000000000001300, -0.09419267824826987900, -2.823976012489516600 ) ) ;
#4887 = ORIENTED_EDGE ( 'NONE', *, *, #801, .T. ) ;
#4888 = FACE_OUTER_BOUND ( 'NONE', #7306, .T. ) ;
#4889 = EDGE_CURVE ( 'NONE', #4755, #3225, #7852, .T. ) ;
#4890 = AXIS2_PLACEMENT_3D ( 'NONE', #693, #4069, #6134 ) ;
#4891 = UNCERTAINTY_MEASURE_WITH_UNIT (LENGTH_MEASURE( 1.000000000000000100E-005 ), #3162, 'distance_accuracy_value', 'NONE');
#4892 = EDGE_CURVE ( 'NONE', #3139, #6306, #4190, .T. ) ;
#4893 = ORIENTED_EDGE ( 'NONE', *, *, #5204, .T. ) ;
#4894 = CARTESIAN_POINT ( 'NONE',  ( 2.974999999999998300, -0.1000000000000000100, -1.599999999999999900 ) ) ;
#4895 = DIRECTION ( 'NONE',  ( 0.0000000000000000000, -1.000000000000000000, 0.0000000000000000000 ) ) ;
#4896 = LINE ( 'NONE', #7003, #8132 ) ;
#4897 = CARTESIAN_POINT ( 'NONE',  ( 2.974999999999997900, -1.123578144323987200, -3.555000000000000200 ) ) ;
#4898 = DIRECTION ( 'NONE',  ( -4.212971753347078400E-032, 1.000000000000000000, 0.0000000000000000000 ) ) ;
#4899 = VERTEX_POINT ( 'NONE', #8604 ) ;
#4900 = CARTESIAN_POINT ( 'NONE',  ( 2.974999999999998300, -0.09419267824827008700, -2.823976012489515200 ) ) ;
#4901 = AXIS2_PLACEMENT_3D ( 'NONE', #4641, #5318, #6809 ) ;
#4902 = LINE ( 'NONE', #6945, #929 ) ;
#4903 = SURFACE_SIDE_STYLE ('',( #4270 ) ) ;
#4904 = CARTESIAN_POINT ( 'NONE',  ( 0.8349999999999998500, -0.09999999999999925600, 2.592546190531647400 ) ) ;
#4905 = CARTESIAN_POINT ( 'NONE',  ( 4.245000000000000100, 0.1000000000000007500, 2.592546190531647400 ) ) ;
#4906 = AXIS2_PLACEMENT_3D ( 'NONE', #3303, #3245, #3954 ) ;
#4907 = EDGE_LOOP ( 'NONE', ( #8605, #6548, #337, #1617 ) ) ;
#4908 = LINE ( 'NONE', #7218, #7404 ) ;
#4909 = DIRECTION ( 'NONE',  ( 0.0000000000000000000, 1.000000000000000000, 0.0000000000000000000 ) ) ;
#4910 = ORIENTED_EDGE ( 'NONE', *, *, #221, .T. ) ;
#4911 = VECTOR ( 'NONE', #1759, 1000.000000000000000 ) ;
#4912 = CARTESIAN_POINT ( 'NONE',  ( 0.8349999999999998500, -0.06527036446661303700, 2.818876228225294200 ) ) ;
#4913 = DIRECTION ( 'NONE',  ( 0.0000000000000000000, 0.0000000000000000000, -1.000000000000000000 ) ) ;
#4914 = DIRECTION ( 'NONE',  ( 1.000000000000000000, 0.0000000000000000000, -7.080503983578802800E-016 ) ) ;
#4915 = DIRECTION ( 'NONE',  ( 0.0000000000000000000, 2.168404344971009900E-016, 1.000000000000000000 ) ) ;
#4916 = EDGE_CURVE ( 'NONE', #1754, #669, #945, .T. ) ;
#4917 = EDGE_CURVE ( 'NONE', #2471, #5535, #524, .T. ) ;
#4918 = ORIENTED_EDGE ( 'NONE', *, *, #5089, .T. ) ;
#4919 = LINE ( 'NONE', #8058, #6665 ) ;
#4920 = LINE ( 'NONE', #988, #7947 ) ;
#4921 =( GEOMETRIC_REPRESENTATION_CONTEXT ( 3 ) GLOBAL_UNCERTAINTY_ASSIGNED_CONTEXT ( ( #7064 ) ) GLOBAL_UNIT_ASSIGNED_CONTEXT ( ( #2050, #723, #7429 ) ) REPRESENTATION_CONTEXT ( 'NONE', 'WORKASPACE' ) );
#4922 = EDGE_LOOP ( 'NONE', ( #6907, #7184, #994, #2040 ) ) ;
#4923 = VECTOR ( 'NONE', #4790, 1000.000000000000200 ) ;
#4924 = EDGE_LOOP ( 'NONE', ( #7002, #8200, #2576, #220 ) ) ;
#4925 = DIRECTION ( 'NONE',  ( -0.0000000000000000000, 0.0000000000000000000, -1.000000000000000000 ) ) ;
#4926 = ORIENTED_EDGE ( 'NONE', *, *, #6519, .T. ) ;
#4927 = FACE_OUTER_BOUND ( 'NONE', #5446, .T. ) ;
#4928 = VECTOR ( 'NONE', #5480, 1000.000000000000200 ) ;
#4929 = DIRECTION ( 'NONE',  ( 0.0000000000000000000, 0.0000000000000000000, 1.000000000000000000 ) ) ;
#4930 = ORIENTED_EDGE ( 'NONE', *, *, #8127, .T. ) ;
#4931 = CARTESIAN_POINT ( 'NONE',  ( 1.704999999999999000, -1.123578144323986900, 2.999587534657339700 ) ) ;
#4932 = EDGE_CURVE ( 'NONE', #5975, #6216, #6066, .T. ) ;
#4933 = CARTESIAN_POINT ( 'NONE',  ( 0.4349999999999987800, -0.1289223137816567200, -2.627014461887075200 ) ) ;
#4934 = CARTESIAN_POINT ( 'NONE',  ( -0.8350000000000015200, -0.9235781443239867700, -2.999587534657339700 ) ) ;
#4935 = CARTESIAN_POINT ( 'NONE',  ( 0.4349999999999987800, -0.1000000000000000100, 1.599999999999999900 ) ) ;
#4936 = ADVANCED_FACE ( 'NONE', ( #632 ), #7740, .T. ) ;
#4937 = ORIENTED_EDGE ( 'NONE', *, *, #7318, .T. ) ;
#4938 = EDGE_CURVE ( 'NONE', #2033, #1977, #5854, .T. ) ;
#4939 = CARTESIAN_POINT ( 'NONE',  ( 2.104999999999999100, -1.123578144323986900, -2.999587534657339700 ) ) ;
#4940 = DIRECTION ( 'NONE',  ( 1.000000000000000000, 0.0000000000000000000, 0.0000000000000000000 ) ) ;
#4941 = CARTESIAN_POINT ( 'NONE',  ( -2.975000000000000100, -0.1000000000000000100, 2.825000000000000200 ) ) ;
#4942 = LINE ( 'NONE', #5925, #335 ) ;
#4943 = ORIENTED_EDGE ( 'NONE', *, *, #7949, .T. ) ;
#4944 = EDGE_CURVE ( 'NONE', #3746, #7148, #5646, .T. ) ;
#4945 = ORIENTED_EDGE ( 'NONE', *, *, #4271, .F. ) ;
#4946 = VECTOR ( 'NONE', #3028, 1000.000000000000200 ) ;
#4947 = CARTESIAN_POINT ( 'NONE',  ( 0.8349999999999998500, -0.1000000000000000100, 2.825000000000000200 ) ) ;
#4948 = LINE ( 'NONE', #8390, #8506 ) ;
#4949 = ORIENTED_EDGE ( 'NONE', *, *, #6472, .F. ) ;
#4950 = CYLINDRICAL_SURFACE ( 'NONE', #3413, 0.03500000000000030900 ) ;
#4951 = CIRCLE ( 'NONE', #984, 0.2350000000000004000 ) ;
#4952 = ORIENTED_EDGE ( 'NONE', *, *, #4413, .F. ) ;
#4953 = ORIENTED_EDGE ( 'NONE', *, *, #919, .F. ) ;
#4954 = DIRECTION ( 'NONE',  ( 1.000000000000000000, -0.0000000000000000000, -0.0000000000000000000 ) ) ;
#4955 = ORIENTED_EDGE ( 'NONE', *, *, #6932, .T. ) ;
#4956 = AXIS2_PLACEMENT_3D ( 'NONE', #2202, #3692, #3658 ) ;
#4957 = ORIENTED_EDGE ( 'NONE', *, *, #5916, .F. ) ;
#4958 = CYLINDRICAL_SURFACE ( 'NONE', #6052, 0.03500000000000030900 ) ;
#4959 = VERTEX_POINT ( 'NONE', #5867 ) ;
#4960 = CARTESIAN_POINT ( 'NONE',  ( -0.8350000000000015200, -0.1000000000000000100, 1.599999999999999900 ) ) ;
#4961 = LINE ( 'NONE', #4580, #7456 ) ;
#4962 = CYLINDRICAL_SURFACE ( 'NONE', #5419, 0.2350000000000004000 ) ;
#4963 = ORIENTED_EDGE ( 'NONE', *, *, #5650, .T. ) ;
#4964 = EDGE_CURVE ( 'NONE', #7147, #3319, #4802, .T. ) ;
#4965 = AXIS2_PLACEMENT_3D ( 'NONE', #6, #8229, #44 ) ;
#4966 = CARTESIAN_POINT ( 'NONE',  ( -4.245000000000001000, -0.9235781443239868800, -3.555000000000000200 ) ) ;
#4967 = ADVANCED_FACE ( 'NONE', ( #3861 ), #1857, .F. ) ;
#4968 = AXIS2_PLACEMENT_3D ( 'NONE', #1020, #3754, #7182 ) ;
#4969 = EDGE_LOOP ( 'NONE', ( #6446, #4943, #3956, #6054 ) ) ;
#4970 = DIRECTION ( 'NONE',  ( -1.000000000000000000, -0.0000000000000000000, -0.0000000000000000000 ) ) ;
#4971 = ORIENTED_EDGE ( 'NONE', *, *, #2111, .T. ) ;
#4972 = ORIENTED_EDGE ( 'NONE', *, *, #832, .F. ) ;
#4973 = DIRECTION ( 'NONE',  ( 1.000000000000000000, -0.0000000000000000000, -0.0000000000000000000 ) ) ;
#4974 = AXIS2_PLACEMENT_3D ( 'NONE', #114, #5611, #6290 ) ;
#4975 = VECTOR ( 'NONE', #2976, 1000.000000000000000 ) ;
#4976 = PLANE ( 'NONE',  #4797 ) ;
#4977 = ORIENTED_EDGE ( 'NONE', *, *, #4864, .T. ) ;
#4978 = ORIENTED_EDGE ( 'NONE', *, *, #4655, .F. ) ;
#4979 = ADVANCED_FACE ( 'NONE', ( #206 ), #1807, .T. ) ;
#4980 = VECTOR ( 'NONE', #2352, 1000.000000000000000 ) ;
#4981 = ORIENTED_EDGE ( 'NONE', *, *, #7342, .T. ) ;
#4982 = EDGE_CURVE ( 'NONE', #5932, #5868, #8062, .T. ) ;
#4983 = DIRECTION ( 'NONE',  ( 0.0000000000000000000, -0.1736481776669339900, 0.9848077530122073500 ) ) ;
#4984 = CARTESIAN_POINT ( 'NONE',  ( -0.4350000000000005000, -0.1289223137816567200, 2.627014461887075200 ) ) ;
#4985 = LINE ( 'NONE', #7972, #7479 ) ;
#4986 = CARTESIAN_POINT ( 'NONE',  ( -4.245000000000000100, -0.1289223137816567200, 2.627014461887075200 ) ) ;
#4987 = EDGE_CURVE ( 'NONE', #239, #8141, #6469, .T. ) ;
#4988 = DIRECTION ( 'NONE',  ( -4.336808689942019700E-016, -2.168404344971009900E-016, -1.000000000000000000 ) ) ;
#4989 = CARTESIAN_POINT ( 'NONE',  ( 0.0000000000000000000, -1.123578144323987200, -3.555000000000000200 ) ) ;
#4990 = PLANE ( 'NONE',  #820 ) ;
#4991 = EDGE_CURVE ( 'NONE', #4124, #5367, #2338, .T. ) ;
#4992 = VECTOR ( 'NONE', #6389, 1000.000000000000000 ) ;
#4993 = DIRECTION ( 'NONE',  ( 1.000000000000000000, -0.0000000000000000000, -0.0000000000000000000 ) ) ;
#4994 = CARTESIAN_POINT ( 'NONE',  ( -2.975000000000000100, -0.8946558305423294400, 2.965119263301911400 ) ) ;
#4995 = DIRECTION ( 'NONE',  ( 0.0000000000000000000, 2.168404344971009900E-016, 1.000000000000000000 ) ) ;
#4996 = CARTESIAN_POINT ( 'NONE',  ( 5.417728344383772500, 0.5232985629623172500, 2.207728344383776500 ) ) ;
#4997 = ADVANCED_FACE ( 'NONE', ( #5445 ), #2681, .F. ) ;
#4998 = ORIENTED_EDGE ( 'NONE', *, *, #3790, .F. ) ;
#4999 = VECTOR ( 'NONE', #4310, 1000.000000000000000 ) ;
#5000 = EDGE_CURVE ( 'NONE', #3652, #4060, #4713, .T. ) ;
#5001 = AXIS2_PLACEMENT_3D ( 'NONE', #4827, #4193, #2893 ) ;
#5002 = CARTESIAN_POINT ( 'NONE',  ( 0.8349999999999998500, 0.4800880834868125900, 2.519629497316660900 ) ) ;
#5003 = EDGE_CURVE ( 'NONE', #7270, #6737, #7210, .T. ) ;
#5004 = DIRECTION ( 'NONE',  ( 1.000000000000000000, -0.0000000000000000000, -0.0000000000000000000 ) ) ;
#5005 = DIRECTION ( 'NONE',  ( -1.000000000000000000, -0.0000000000000000000, 0.0000000000000000000 ) ) ;
#5006 = ORIENTED_EDGE ( 'NONE', *, *, #2677, .F. ) ;
#5007 = ORIENTED_EDGE ( 'NONE', *, *, #418, .T. ) ;
#5008 = VECTOR ( 'NONE', #7477, 1000.000000000000000 ) ;
#5009 = CARTESIAN_POINT ( 'NONE',  ( 0.8349999999999989700, -0.1349999999999994500, -2.592546190531647400 ) ) ;
#5010 = CARTESIAN_POINT ( 'NONE',  ( -1.705000000000000300, -1.123578144323986900, 2.999587534657339700 ) ) ;
#5011 = AXIS2_PLACEMENT_3D ( 'NONE', #7324, #3997, #1242 ) ;
#5012 = CARTESIAN_POINT ( 'NONE',  ( 1.704999999999999000, -0.1000000000000000100, 1.599999999999999900 ) ) ;
#5013 = VERTEX_POINT ( 'NONE', #8635 ) ;
#5014 = VECTOR ( 'NONE', #1231, 1000.000000000000200 ) ;
#5015 = FACE_OUTER_BOUND ( 'NONE', #6921, .T. ) ;
#5016 = DIRECTION ( 'NONE',  ( -1.000000000000000000, 0.0000000000000000000, -0.0000000000000000000 ) ) ;
#5017 = EDGE_LOOP ( 'NONE', ( #7374, #3174, #4858, #5653 ) ) ;
#5018 = CYLINDRICAL_SURFACE ( 'NONE', #2192, 0.2350000000000002400 ) ;
#5019 = ORIENTED_EDGE ( 'NONE', *, *, #4389, .T. ) ;
#5020 = CARTESIAN_POINT ( 'NONE',  ( 4.245000000000000100, 0.1000000000000000100, -1.599999999999999900 ) ) ;
#5021 = ADVANCED_FACE ( 'NONE', ( #1134 ), #8014, .T. ) ;
#5022 = AXIS2_PLACEMENT_3D ( 'NONE', #2943, #8457, #4460 ) ;
#5023 = ORIENTED_EDGE ( 'NONE', *, *, #4655, .T. ) ;
#5024 = PLANE ( 'NONE',  #7403 ) ;
#5025 = ADVANCED_FACE ( 'NONE', ( #6985 ), #8788, .F. ) ;
#5026 = VERTEX_POINT ( 'NONE', #8742 ) ;
#5027 = DIRECTION ( 'NONE',  ( -1.000000000000000000, 0.0000000000000000000, -0.0000000000000000000 ) ) ;
#5028 = FACE_OUTER_BOUND ( 'NONE', #7827, .T. ) ;
#5029 = VECTOR ( 'NONE', #1989, 1000.000000000000000 ) ;
#5030 = CARTESIAN_POINT ( 'NONE',  ( -1.705000000000000300, -0.8946558305423294400, 2.965119263301911400 ) ) ;
#5031 = VECTOR ( 'NONE', #3279, 1000.000000000000000 ) ;
#5032 = EDGE_CURVE ( 'NONE', #3581, #2293, #6158, .T. ) ;
#5033 = DIRECTION ( 'NONE',  ( 0.0000000000000000000, 1.000000000000000000, 0.0000000000000000000 ) ) ;
#5034 = EDGE_CURVE ( 'NONE', #6294, #2931, #1583, .T. ) ;
#5035 = ORIENTED_EDGE ( 'NONE', *, *, #404, .T. ) ;
#5036 = LINE ( 'NONE', #1111, #3197 ) ;
#5037 = ORIENTED_EDGE ( 'NONE', *, *, #2111, .F. ) ;
#5038 = DIRECTION ( 'NONE',  ( 0.0000000000000000000, 0.0000000000000000000, -1.000000000000000000 ) ) ;
#5039 = CARTESIAN_POINT ( 'NONE',  ( -2.975000000000001000, -1.123578144323986900, -2.999587534657339700 ) ) ;
#5040 = CARTESIAN_POINT ( 'NONE',  ( 1.704999999999999000, -0.9235781443239867700, 2.999587534657339700 ) ) ;
#5041 = VECTOR ( 'NONE', #7078, 1000.000000000000000 ) ;
#5042 = DIRECTION ( 'NONE',  ( 1.000000000000000000, 0.0000000000000000000, 0.0000000000000000000 ) ) ;
#5043 = ADVANCED_FACE ( 'NONE', ( #2981 ), #6673, .F. ) ;
#5044 = ORIENTED_EDGE ( 'NONE', *, *, #4987, .T. ) ;
#5045 = DIRECTION ( 'NONE',  ( 0.0000000000000000000, -0.1736481776669340800, 0.9848077530122074700 ) ) ;
#5046 = EDGE_LOOP ( 'NONE', ( #2513, #1502, #2253, #7767 ) ) ;
#5047 = EDGE_CURVE ( 'NONE', #239, #4687, #5951, .T. ) ;
#5048 = PRESENTATION_STYLE_ASSIGNMENT (( #8041 ) ) ;
#5049 = DIRECTION ( 'NONE',  ( 0.0000000000000000000, 0.0000000000000000000, 1.000000000000000000 ) ) ;
#5050 = LINE ( 'NONE', #7172, #6496 ) ;
#5051 = VECTOR ( 'NONE', #8796, 1000.000000000000200 ) ;
#5052 = DIRECTION ( 'NONE',  ( -1.000000000000000000, 0.0000000000000000000, 0.0000000000000000000 ) ) ;
#5053 = ORIENTED_EDGE ( 'NONE', *, *, #1059, .T. ) ;
#5054 = CARTESIAN_POINT ( 'NONE',  ( -2.105000000000001300, 0.4800880834868125900, -2.519629497316660900 ) ) ;
#5055 = CARTESIAN_POINT ( 'NONE',  ( 1.704999999999999000, -0.1349999999999994500, 2.592546190531647400 ) ) ;
#5056 = EDGE_LOOP ( 'NONE', ( #7877, #1987, #7452, #5261 ) ) ;
#5057 = CARTESIAN_POINT ( 'NONE',  ( -0.4350000000000005000, -0.9235781443239867700, 2.999587534657339700 ) ) ;
#5058 = EDGE_CURVE ( 'NONE', #4440, #5102, #2873, .T. ) ;
#5059 = LINE ( 'NONE', #1077, #8722 ) ;
#5060 = VERTEX_POINT ( 'NONE', #2649 ) ;
#5061 = VERTEX_POINT ( 'NONE', #764 ) ;
#5062 = FACE_OUTER_BOUND ( 'NONE', #4479, .T. ) ;
#5063 = ORIENTED_EDGE ( 'NONE', *, *, #6914, .T. ) ;
#5064 = VECTOR ( 'NONE', #5937, 1000.000000000000000 ) ;
#5065 = VECTOR ( 'NONE', #3943, 1000.000000000000000 ) ;
#5066 = DIRECTION ( 'NONE',  ( 0.0000000000000000000, 0.0000000000000000000, 1.000000000000000000 ) ) ;
#5067 = CARTESIAN_POINT ( 'NONE',  ( 5.333673019291534700, 1.000000000000000000, 0.0000000000000000000 ) ) ;
#5068 = ORIENTED_EDGE ( 'NONE', *, *, #4372, .F. ) ;
#5069 = CARTESIAN_POINT ( 'NONE',  ( 4.245000000000001000, -0.8885781443239865200, -2.999587534657339700 ) ) ;
#5070 = CARTESIAN_POINT ( 'NONE',  ( -7.733763339029309200, -2.049999999999999800, -3.555000000000000200 ) ) ;
#5071 = VERTEX_POINT ( 'NONE', #6038 ) ;
#5072 = VECTOR ( 'NONE', #3250, 1000.000000000000000 ) ;
#5074 = ADVANCED_FACE ( 'NONE', ( #5842 ), #2148, .T. ) ;
#5073 = AXIS2_PLACEMENT_3D ( 'NONE', #6690, #3395, #7425 ) ;
#5075 = ORIENTED_EDGE ( 'NONE', *, *, #8277, .F. ) ;
#5076 = CARTESIAN_POINT ( 'NONE',  ( 2.974999999999998300, 0.4800880834868125900, -2.519629497316660900 ) ) ;
#5077 = ORIENTED_EDGE ( 'NONE', *, *, #6578, .T. ) ;
#5078 = LINE ( 'NONE', #149, #7255 ) ;
#5079 = CYLINDRICAL_SURFACE ( 'NONE', #7981, 0.2350000000000004000 ) ;
#5080 = ORIENTED_EDGE ( 'NONE', *, *, #5748, .T. ) ;
#5081 = MECHANICAL_DESIGN_GEOMETRIC_PRESENTATION_REPRESENTATION (  '', ( #5245 ), #2308 ) ;
#5082 = CARTESIAN_POINT ( 'NONE',  ( -4.645000000000001400, -0.8946558305423296700, 2.965119263301910100 ) ) ;
#5083 = EDGE_LOOP ( 'NONE', ( #6968, #3670, #4185, #7542 ) ) ;
#5084 = DIRECTION ( 'NONE',  ( -1.000000000000000000, 0.0000000000000000000, 0.0000000000000000000 ) ) ;
#5085 = ORIENTED_EDGE ( 'NONE', *, *, #5916, .T. ) ;
#5086 = ORIENTED_EDGE ( 'NONE', *, *, #2577, .F. ) ;
#5087 = VECTOR ( 'NONE', #6124, 1000.000000000000000 ) ;
#5088 = EDGE_LOOP ( 'NONE', ( #7527, #7669, #6603, #3031 ) ) ;
#5089 = EDGE_CURVE ( 'NONE', #3267, #6178, #6456, .T. ) ;
#5090 = AXIS2_PLACEMENT_3D ( 'NONE', #3243, #3978, #5963 ) ;
#5091 = DIRECTION ( 'NONE',  ( 2.168404344971009900E-016, 2.168404344971009900E-016, 1.000000000000000000 ) ) ;
#5092 = CARTESIAN_POINT ( 'NONE',  ( -0.8350000000000017400, -1.123578144323987200, -3.970219047566133900 ) ) ;
#5093 = AXIS2_PLACEMENT_3D ( 'NONE', #1418, #6165, #1354 ) ;
#5094 = PLANE ( 'NONE',  #7636 ) ;
#5095 = CARTESIAN_POINT ( 'NONE',  ( -4.245000000000001000, -0.1349999999999994500, -2.592546190531647400 ) ) ;
#5096 = CYLINDRICAL_SURFACE ( 'NONE', #83, 0.2350000000000002400 ) ;
#5097 = CARTESIAN_POINT ( 'NONE',  ( -0.8350000000000015200, -0.09999999999999925600, 2.592546190531647400 ) ) ;
#5098 = DIRECTION ( 'NONE',  ( -0.0000000000000000000, -0.0000000000000000000, 1.000000000000000000 ) ) ;
#5099 = DIRECTION ( 'NONE',  ( 0.0000000000000000000, 0.0000000000000000000, 1.000000000000000000 ) ) ;
#5100 = VECTOR ( 'NONE', #7535, 1000.000000000000200 ) ;
#5101 = EDGE_CURVE ( 'NONE', #6564, #2438, #4492, .T. ) ;
#5102 = VERTEX_POINT ( 'NONE', #28 ) ;
#5103 = EDGE_CURVE ( 'NONE', #1226, #8473, #1695, .T. ) ;
#5104 = COLOUR_RGB ( '',0.2509803921568627400, 0.2509803921568627400, 0.2509803921568627400 ) ;
#5105 = CARTESIAN_POINT ( 'NONE',  ( 3.374999999999998700, -0.8885781443239865200, -2.999587534657339700 ) ) ;
#5106 = CARTESIAN_POINT ( 'NONE',  ( 1.704999999999999000, -0.09999999999999925600, 2.592546190531647400 ) ) ;
#5107 = CARTESIAN_POINT ( 'NONE',  ( 0.8349999999999998500, -0.1000000000000000100, -1.599999999999999900 ) ) ;
#5108 = ADVANCED_FACE ( 'NONE', ( #6774 ), #2799, .T. ) ;
#5109 = EDGE_CURVE ( 'NONE', #8168, #7787, #4287, .T. ) ;
#5110 = ORIENTED_EDGE ( 'NONE', *, *, #3546, .T. ) ;
#5111 = ADVANCED_FACE ( 'NONE', ( #7839 ), #6129, .F. ) ;
#5112 = FACE_OUTER_BOUND ( 'NONE', #8207, .T. ) ;
#5113 = CARTESIAN_POINT ( 'NONE',  ( -2.975000000000001000, 0.4800880834868125900, -2.519629497316660900 ) ) ;
#5114 = DIRECTION ( 'NONE',  ( 0.0000000000000000000, 2.168404344971009900E-016, 1.000000000000000000 ) ) ;
#5115 = EDGE_LOOP ( 'NONE', ( #8660, #148, #3846, #6675, #7354 ) ) ;
#5116 = LINE ( 'NONE', #6273, #4591 ) ;
#5117 = EDGE_CURVE ( 'NONE', #4959, #5886, #2129, .T. ) ;
#5118 = ORIENTED_EDGE ( 'NONE', *, *, #1012, .T. ) ;
#5119 = ORIENTED_EDGE ( 'NONE', *, *, #1925, .F. ) ;
#5120 = CARTESIAN_POINT ( 'NONE',  ( -1.705000000000000500, -1.123578144323986300, -0.005099784264221968500 ) ) ;
#5121 = DIRECTION ( 'NONE',  ( 0.0000000000000000000, 9.227252531791510400E-016, 1.000000000000000000 ) ) ;
#5122 = ORIENTED_EDGE ( 'NONE', *, *, #6848, .T. ) ;
#5123 = VECTOR ( 'NONE', #249, 1000.000000000000000 ) ;
#5124 = LINE ( 'NONE', #2303, #8684 ) ;
#5125 = DIRECTION ( 'NONE',  ( 1.000000000000000000, 0.0000000000000000000, -0.0000000000000000000 ) ) ;
#5126 = AXIS2_PLACEMENT_3D ( 'NONE', #303, #983, #6960 ) ;
#5127 = AXIS2_PLACEMENT_3D ( 'NONE', #7924, #1120, #8481 ) ;
#5128 = ORIENTED_EDGE ( 'NONE', *, *, #5862, .T. ) ;
#5129 = AXIS2_PLACEMENT_3D ( 'NONE', #292, #7073, #6946 ) ;
#5130 = DIRECTION ( 'NONE',  ( 0.0000000000000000000, 0.9848077530122073500, 0.1736481776669340500 ) ) ;
#5131 = EDGE_LOOP ( 'NONE', ( #5408, #4815, #7214, #4207 ) ) ;
#5132 = CIRCLE ( 'NONE', #74, 0.03500000000000030900 ) ;
#5133 = DIRECTION ( 'NONE',  ( 0.0000000000000000000, 0.0000000000000000000, 1.000000000000000000 ) ) ;
#5134 = DIRECTION ( 'NONE',  ( 0.0000000000000000000, 0.0000000000000000000, -1.000000000000000000 ) ) ;
#5135 = LINE ( 'NONE', #3357, #3310 ) ;
#5136 = CARTESIAN_POINT ( 'NONE',  ( 0.4349999999999987800, 0.1000000000000007500, 2.592546190531647400 ) ) ;
#5137 = LINE ( 'NONE', #816, #845 ) ;
#5138 = EDGE_CURVE ( 'NONE', #301, #448, #2444, .T. ) ;
#5139 = DIRECTION ( 'NONE',  ( 0.0000000000000000000, 1.000000000000000000, -2.168404344971009900E-016 ) ) ;
#5140 = EDGE_LOOP ( 'NONE', ( #4630, #685, #6913, #3894 ) ) ;
#5141 = ORIENTED_EDGE ( 'NONE', *, *, #7674, .T. ) ;
#5142 = ADVANCED_FACE ( 'NONE', ( #2865 ), #4095, .T. ) ;
#5143 = DIRECTION ( 'NONE',  ( 0.0000000000000000000, 0.9848077530122073500, -0.1736481776669340500 ) ) ;
#5144 = DIRECTION ( 'NONE',  ( -7.080503983578801900E-016, -0.0000000000000000000, -1.000000000000000000 ) ) ;
#5145 = VECTOR ( 'NONE', #6223, 1000.000000000000100 ) ;
#5146 = ORIENTED_EDGE ( 'NONE', *, *, #8688, .T. ) ;
#5147 = ORIENTED_EDGE ( 'NONE', *, *, #4142, .F. ) ;
#5148 = ORIENTED_EDGE ( 'NONE', *, *, #8612, .T. ) ;
#5149 = EDGE_CURVE ( 'NONE', #8109, #5553, #3963, .T. ) ;
#5150 = VECTOR ( 'NONE', #5272, 1000.000000000000200 ) ;
#5151 = ORIENTED_EDGE ( 'NONE', *, *, #5138, .F. ) ;
#5152 = CARTESIAN_POINT ( 'NONE',  ( -2.105000000000001300, 0.1000000000000007500, 2.592546190531647400 ) ) ;
#5153 = MANIFOLD_SOLID_BREP ( 'Cut-Extrude2', #5335 ) ;
#5154 = FACE_OUTER_BOUND ( 'NONE', #7277, .T. ) ;
#5155 = EDGE_LOOP ( 'NONE', ( #6619, #8412, #1297, #2269 ) ) ;
#5156 = EDGE_CURVE ( 'NONE', #5745, #6245, #6246, .T. ) ;
#5157 = CARTESIAN_POINT ( 'NONE',  ( -1.705000000000000300, -0.09999999999999925600, 2.592546190531647400 ) ) ;
#5158 = ORIENTED_EDGE ( 'NONE', *, *, #4078, .F. ) ;
#5159 = FACE_OUTER_BOUND ( 'NONE', #2176, .T. ) ;
#5160 = CARTESIAN_POINT ( 'NONE',  ( 0.0000000000000000000, -0.9235781443239861100, 0.005099784264222377100 ) ) ;
#5161 = FACE_OUTER_BOUND ( 'NONE', #8039, .T. ) ;
#5162 = ORIENTED_EDGE ( 'NONE', *, *, #6800, .F. ) ;
#5163 = DIRECTION ( 'NONE',  ( 0.0000000000000000000, -1.000000000000000000, 0.0000000000000000000 ) ) ;
#5164 = ORIENTED_EDGE ( 'NONE', *, *, #3318, .T. ) ;
#5165 = CARTESIAN_POINT ( 'NONE',  ( 4.245000000000001000, -0.8946558305423297800, -2.965119263301910100 ) ) ;
#5166 = ORIENTED_EDGE ( 'NONE', *, *, #894, .T. ) ;
#5167 = VECTOR ( 'NONE', #435, 1000.000000000000100 ) ;
#5168 = DIRECTION ( 'NONE',  ( 0.0000000000000000000, -0.1736481776669339900, 0.9848077530122073500 ) ) ;
#5169 = ORIENTED_EDGE ( 'NONE', *, *, #7959, .T. ) ;
#5170 = ORIENTED_EDGE ( 'NONE', *, *, #8496, .F. ) ;
#5171 = EDGE_LOOP ( 'NONE', ( #4869, #1799, #7753, #2868 ) ) ;
#5172 = CARTESIAN_POINT ( 'NONE',  ( -4.645000000000001400, -1.123578144323986900, 2.999587534657338800 ) ) ;
#5173 = ORIENTED_EDGE ( 'NONE', *, *, #714, .T. ) ;
#5174 = EDGE_CURVE ( 'NONE', #7661, #2033, #1255, .T. ) ;
#5175 = FILL_AREA_STYLE ('',( #6454 ) ) ;
#5176 = AXIS2_PLACEMENT_3D ( 'NONE', #6479, #7252, #3972 ) ;
#5177 = LINE ( 'NONE', #5977, #3351 ) ;
#5178 = FACE_OUTER_BOUND ( 'NONE', #1966, .T. ) ;
#5179 = DIRECTION ( 'NONE',  ( 0.0000000000000000000, 0.0000000000000000000, -1.000000000000000000 ) ) ;
#5180 = EDGE_CURVE ( 'NONE', #7545, #7643, #2647, .T. ) ;
#5181 = EDGE_LOOP ( 'NONE', ( #5349, #4829, #2573, #4953 ) ) ;
#5182 = ADVANCED_FACE ( 'NONE', ( #3525 ), #2858, .T. ) ;
#5183 = DIRECTION ( 'NONE',  ( 2.168404344971009900E-016, 2.168404344971009900E-016, 1.000000000000000000 ) ) ;
#5184 = EDGE_LOOP ( 'NONE', ( #5451, #6204, #6383, #7186 ) ) ;
#5185 =( NAMED_UNIT ( * ) PLANE_ANGLE_UNIT ( ) SI_UNIT ( $, .RADIAN. ) );
#5186 = ORIENTED_EDGE ( 'NONE', *, *, #1455, .F. ) ;
#5187 = ORIENTED_EDGE ( 'NONE', *, *, #1340, .T. ) ;
#5188 = LINE ( 'NONE', #682, #371 ) ;
#5189 = DIRECTION ( 'NONE',  ( 1.000000000000000000, -0.0000000000000000000, -0.0000000000000000000 ) ) ;
#5190 =( LENGTH_UNIT ( ) NAMED_UNIT ( * ) SI_UNIT ( .MILLI., .METRE. ) );
#5191 = DIRECTION ( 'NONE',  ( 0.0000000000000000000, -1.000000000000000000, 0.0000000000000000000 ) ) ;
#5192 = AXIS2_PLACEMENT_3D ( 'NONE', #5755, #3024, #3728 ) ;
#5193 = ORIENTED_EDGE ( 'NONE', *, *, #6027, .T. ) ;
#5194 = DIRECTION ( 'NONE',  ( -1.000000000000000000, 0.0000000000000000000, 0.0000000000000000000 ) ) ;
#5195 = ORIENTED_EDGE ( 'NONE', *, *, #1433, .F. ) ;
#5196 = ORIENTED_EDGE ( 'NONE', *, *, #7447, .F. ) ;
#5197 = AXIS2_PLACEMENT_3D ( 'NONE', #4117, #10, #700 ) ;
#5198 = LINE ( 'NONE', #2300, #2506 ) ;
#5199 = CARTESIAN_POINT ( 'NONE',  ( -2.975000000000001000, -0.9293854660757164800, -2.768157712699470100 ) ) ;
#5200 = DIRECTION ( 'NONE',  ( -0.0000000000000000000, 0.0000000000000000000, -1.000000000000000000 ) ) ;
#5201 = CARTESIAN_POINT ( 'NONE',  ( -0.4350000000000013900, -0.09999999999999925600, -2.592546190531647400 ) ) ;
#5202 = EDGE_CURVE ( 'NONE', #2635, #4010, #7624, .T. ) ;
#5203 = LINE ( 'NONE', #923, #7272 ) ;
#5204 = EDGE_CURVE ( 'NONE', #2791, #442, #4074, .T. ) ;
#5205 =( NAMED_UNIT ( * ) SI_UNIT ( $, .STERADIAN. ) SOLID_ANGLE_UNIT ( ) );
#5206 = AXIS2_PLACEMENT_3D ( 'NONE', #6692, #4675, #3306 ) ;
#5207 = CARTESIAN_POINT ( 'NONE',  ( 0.4349999999999987800, -0.1000000000000000100, -1.599999999999999900 ) ) ;
#5208 = CARTESIAN_POINT ( 'NONE',  ( 0.4349999999999987800, -0.09999999999999925600, 2.592546190531647400 ) ) ;
#5209 = DIRECTION ( 'NONE',  ( -7.080503983578801900E-016, -0.0000000000000000000, -1.000000000000000000 ) ) ;
#5210 = PLANE ( 'NONE',  #1748 ) ;
#5211 = CARTESIAN_POINT ( 'NONE',  ( -4.645000000000001400, 0.1000000000000007500, 2.592546190531647400 ) ) ;
#5212 = CARTESIAN_POINT ( 'NONE',  ( -1.705000000000000300, -0.9293854660757160400, 2.768157712699471000 ) ) ;
#5213 = DIRECTION ( 'NONE',  ( 1.000000000000000000, -0.0000000000000000000, -0.0000000000000000000 ) ) ;
#5214 = EDGE_LOOP ( 'NONE', ( #5006, #4481, #3410, #3559 ) ) ;
#5215 = EDGE_CURVE ( 'NONE', #512, #1977, #623, .T. ) ;
#5216 = CIRCLE ( 'NONE', #1337, 0.2350000000000004000 ) ;
#5217 = DIRECTION ( 'NONE',  ( -0.1710878697460323200, 0.9702875252478150300, -0.1710878697460323200 ) ) ;
#5218 = ORIENTED_EDGE ( 'NONE', *, *, #4413, .T. ) ;
#5219 = ADVANCED_FACE ( 'NONE', ( #7094 ), #5746, .F. ) ;
#5220 = ORIENTED_EDGE ( 'NONE', *, *, #8355, .T. ) ;
#5221 = VECTOR ( 'NONE', #223, 1000.000000000000000 ) ;
#5222 = ORIENTED_EDGE ( 'NONE', *, *, #2077, .T. ) ;
#5223 = CARTESIAN_POINT ( 'NONE',  ( -3.375000000000001300, -0.1000000000000000100, -1.599999999999999900 ) ) ;
#5224 = DIRECTION ( 'NONE',  ( 4.212971753347078400E-032, 1.000000000000000000, 0.0000000000000000000 ) ) ;
#5225 = EDGE_CURVE ( 'NONE', #7234, #6476, #3182, .T. ) ;
#5226 = CARTESIAN_POINT ( 'NONE',  ( 1.704999999999999000, 0.1000000000000000100, 1.599999999999999900 ) ) ;
#5227 = ORIENTED_EDGE ( 'NONE', *, *, #7825, .T. ) ;
#5228 = PRESENTATION_STYLE_ASSIGNMENT (( #6753 ) ) ;
#5229 = FACE_OUTER_BOUND ( 'NONE', #4723, .T. ) ;
#5230 = PLANE ( 'NONE',  #8659 ) ;
#5231 = VECTOR ( 'NONE', #8179, 1000.000000000000000 ) ;
#5232 = PLANE ( 'NONE',  #6742 ) ;
#5233 = ORIENTED_EDGE ( 'NONE', *, *, #7500, .F. ) ;
#5234 = ORIENTED_EDGE ( 'NONE', *, *, #6100, .T. ) ;
#5235 = CYLINDRICAL_SURFACE ( 'NONE', #6336, 0.03500000000000019100 ) ;
#5236 = LINE ( 'NONE', #4165, #3530 ) ;
#5237 = CARTESIAN_POINT ( 'NONE',  ( -2.105000000000001300, -0.8885781443239865200, 2.999587534657339700 ) ) ;
#5238 = ADVANCED_FACE ( 'NONE', ( #5636 ), #3409, .F. ) ;
#5239 = DIRECTION ( 'NONE',  ( 0.0000000000000000000, 1.000000000000000000, 0.0000000000000000000 ) ) ;
#5240 = VECTOR ( 'NONE', #7866, 1000.000000000000000 ) ;
#5241 = CARTESIAN_POINT ( 'NONE',  ( -7.733763339029309200, -2.049999999999999800, -3.555000000000000200 ) ) ;
#5242 = ORIENTED_EDGE ( 'NONE', *, *, #1594, .F. ) ;
#5243 = ORIENTED_EDGE ( 'NONE', *, *, #4090, .F. ) ;
#5244 = DIRECTION ( 'NONE',  ( 0.0000000000000000000, -0.9848077530122073500, 0.1736481776669340500 ) ) ;
#5245 = STYLED_ITEM ( 'NONE', ( #6044 ), #5512 ) ;
#5246 = ADVANCED_FACE ( 'NONE', ( #413 ), #7557, .T. ) ;
#5247 = ORIENTED_EDGE ( 'NONE', *, *, #1194, .T. ) ;
#5248 = LINE ( 'NONE', #6364, #8595 ) ;
#5249 = VERTEX_POINT ( 'NONE', #2952 ) ;
#5250 = AXIS2_PLACEMENT_3D ( 'NONE', #4876, #4149, #5569 ) ;
#5251 = CARTESIAN_POINT ( 'NONE',  ( 4.245000000000001900, -1.123578144323987200, -3.970219047566133900 ) ) ;
#5252 = CARTESIAN_POINT ( 'NONE',  ( 0.0000000000000000000, -1.123578144323987200, -3.555000000000000200 ) ) ;
#5253 = AXIS2_PLACEMENT_3D ( 'NONE', #8453, #2330, #7025 ) ;
#5254 = CIRCLE ( 'NONE', #7628, 0.2350000000000004000 ) ;
#5255 = PLANE ( 'NONE',  #5296 ) ;
#5256 = ORIENTED_EDGE ( 'NONE', *, *, #4716, .F. ) ;
#5257 = VERTEX_POINT ( 'NONE', #2264 ) ;
#5258 = CARTESIAN_POINT ( 'NONE',  ( 2.974999999999998300, -0.8946558305423297800, -2.965119263301910100 ) ) ;
#5259 = PLANE ( 'NONE',  #5634 ) ;
#5260 = CARTESIAN_POINT ( 'NONE',  ( 4.245000000000000100, -1.123578144323986900, 2.999587534657339700 ) ) ;
#5261 = ORIENTED_EDGE ( 'NONE', *, *, #7693, .F. ) ;
#5262 = VECTOR ( 'NONE', #1533, 1000.000000000000000 ) ;
#5263 = DIRECTION ( 'NONE',  ( -1.000000000000000000, 0.0000000000000000000, 0.0000000000000000000 ) ) ;
#5264 = EDGE_CURVE ( 'NONE', #1602, #2562, #3298, .T. ) ;
#5265 = VECTOR ( 'NONE', #5224, 1000.000000000000000 ) ;
#5266 = ORIENTED_EDGE ( 'NONE', *, *, #8326, .T. ) ;
#5267 = VERTEX_POINT ( 'NONE', #111 ) ;
#5268 = VERTEX_POINT ( 'NONE', #1563 ) ;
#5269 = FACE_OUTER_BOUND ( 'NONE', #5088, .T. ) ;
#5270 = EDGE_CURVE ( 'NONE', #7387, #7915, #7200, .T. ) ;
#5271 = LINE ( 'NONE', #7024, #7900 ) ;
#5272 = DIRECTION ( 'NONE',  ( -0.0000000000000000000, -0.9848077530122073500, -0.1736481776669340500 ) ) ;
#5273 = EDGE_LOOP ( 'NONE', ( #3333, #4291, #7341, #2429 ) ) ;
#5274 = LINE ( 'NONE', #67, #4639 ) ;
#5275 = CYLINDRICAL_SURFACE ( 'NONE', #6327, 0.03500000000000019100 ) ;
#5276 = DIRECTION ( 'NONE',  ( -1.000000000000000000, 0.0000000000000000000, -0.0000000000000000000 ) ) ;
#5277 = PLANE ( 'NONE',  #7525 ) ;
#5278 = EDGE_CURVE ( 'NONE', #1401, #209, #193, .T. ) ;
#5279 =( NAMED_UNIT ( * ) SI_UNIT ( $, .STERADIAN. ) SOLID_ANGLE_UNIT ( ) );
#5280 = DIRECTION ( 'NONE',  ( 1.000000000000000000, 0.0000000000000000000, -7.080503983578802800E-016 ) ) ;
#5281 = VECTOR ( 'NONE', #3311, 1000.000000000000000 ) ;
#5282 = PLANE ( 'NONE',  #1793 ) ;
#5283 = VECTOR ( 'NONE', #2475, 1000.000000000000000 ) ;
#5284 = DIRECTION ( 'NONE',  ( -0.0000000000000000000, 0.0000000000000000000, -1.000000000000000000 ) ) ;
#5285 = FACE_OUTER_BOUND ( 'NONE', #3934, .T. ) ;
#5286 = VECTOR ( 'NONE', #4013, 1000.000000000000200 ) ;
#5287 = ADVANCED_FACE ( 'NONE', ( #8474 ), #5018, .T. ) ;
#5288 = ORIENTED_EDGE ( 'NONE', *, *, #6422, .F. ) ;
#5289 = EDGE_CURVE ( 'NONE', #2804, #925, #3635, .T. ) ;
#5290 = DIRECTION ( 'NONE',  ( 0.9848077530122086900, 0.1736481776669270600, -0.0000000000000000000 ) ) ;
#5291 = AXIS2_PLACEMENT_3D ( 'NONE', #8459, #1023, #1776 ) ;
#5292 = EDGE_LOOP ( 'NONE', ( #6826, #2156, #1186, #7773 ) ) ;
#5293 = CARTESIAN_POINT ( 'NONE',  ( 3.374999999999999600, 0.1000000000000000100, 1.599999999999999900 ) ) ;
#5294 = PLANE ( 'NONE',  #8778 ) ;
#5295 = CARTESIAN_POINT ( 'NONE',  ( 2.104999999999999100, -0.1349999999999994500, -2.592546190531647400 ) ) ;
#5296 = AXIS2_PLACEMENT_3D ( 'NONE', #8495, #5134, #408 ) ;
#5297 = LINE ( 'NONE', #6899, #3373 ) ;
#5298 = VERTEX_POINT ( 'NONE', #3561 ) ;
#5299 = EDGE_LOOP ( 'NONE', ( #27, #5170, #6272, #2234 ) ) ;
#5300 = CARTESIAN_POINT ( 'NONE',  ( 3.374999999999998700, -0.9235781443239867700, -2.999587534657339700 ) ) ;
#5301 = ORIENTED_EDGE ( 'NONE', *, *, #6957, .T. ) ;
#5302 = DIRECTION ( 'NONE',  ( -1.000000000000000000, 0.0000000000000000000, 0.0000000000000000000 ) ) ;
#5303 = LINE ( 'NONE', #1150, #3046 ) ;
#5304 = AXIS2_PLACEMENT_3D ( 'NONE', #3532, #4213, #4915 ) ;
#5305 = AXIS2_PLACEMENT_3D ( 'NONE', #8284, #171, #2199 ) ;
#5306 = AXIS2_PLACEMENT_3D ( 'NONE', #7635, #909, #6310 ) ;
#5307 = CARTESIAN_POINT ( 'NONE',  ( -2.105000000000001300, -0.1349999999999994500, 2.592546190531647400 ) ) ;
#5308 = AXIS2_PLACEMENT_3D ( 'NONE', #1721, #6461, #8386 ) ;
#5309 = CARTESIAN_POINT ( 'NONE',  ( -4.245000000000000100, -0.09419267824827004500, 2.823976012489515200 ) ) ;
#5310 = ADVANCED_FACE ( 'NONE', ( #5437 ), #82, .F. ) ;
#5311 = CARTESIAN_POINT ( 'NONE',  ( -0.4350000000000005000, 0.1000000000000000200, 2.592546190531647400 ) ) ;
#5312 = EDGE_CURVE ( 'NONE', #3451, #4880, #2009, .T. ) ;
#5313 = ORIENTED_EDGE ( 'NONE', *, *, #2816, .T. ) ;
#5314 = CARTESIAN_POINT ( 'NONE',  ( 4.645000000000001400, -0.8946558305423296700, -2.965119263301910100 ) ) ;
#5315 = LINE ( 'NONE', #7125, #3824 ) ;
#5316 = DIRECTION ( 'NONE',  ( 2.168404344971009900E-016, -2.168404344971009900E-016, 1.000000000000000000 ) ) ;
#5317 = CARTESIAN_POINT ( 'NONE',  ( 0.8349999999999998500, -0.1289223137816567200, 2.627014461887075200 ) ) ;
#5318 = DIRECTION ( 'NONE',  ( 0.0000000000000000000, 1.000000000000000000, -2.168404344971009900E-016 ) ) ;
#5319 = DIRECTION ( 'NONE',  ( -1.000000000000000000, 0.0000000000000000000, 0.0000000000000000000 ) ) ;
#5320 = DIRECTION ( 'NONE',  ( 0.0000000000000000000, -0.1736481776669339900, -0.9848077530122073500 ) ) ;
#5321 = CARTESIAN_POINT ( 'NONE',  ( 0.0000000000000000000, -0.9235781443239868800, 3.555000000000000200 ) ) ;
#5322 = ORIENTED_EDGE ( 'NONE', *, *, #7447, .T. ) ;
#5323 = DIRECTION ( 'NONE',  ( 0.0000000000000000000, 0.9848077530122073500, -0.1736481776669340500 ) ) ;
#5324 = FACE_OUTER_BOUND ( 'NONE', #3106, .T. ) ;
#5325 = CARTESIAN_POINT ( 'NONE',  ( 4.645000000000001400, -1.123578144323986300, -0.005099784264222338000 ) ) ;
#5326 = EDGE_CURVE ( 'NONE', #4191, #7764, #515, .T. ) ;
#5327 = ORIENTED_EDGE ( 'NONE', *, *, #2526, .F. ) ;
#5328 = LINE ( 'NONE', #3544, #513 ) ;
#5329 = ORIENTED_EDGE ( 'NONE', *, *, #7884, .T. ) ;
#5330 = LINE ( 'NONE', #5258, #2432 ) ;
#5331 = ORIENTED_EDGE ( 'NONE', *, *, #4605, .F. ) ;
#5332 =( LENGTH_UNIT ( ) NAMED_UNIT ( * ) SI_UNIT ( .MILLI., .METRE. ) );
#5333 = DIRECTION ( 'NONE',  ( 1.000000000000000000, 0.0000000000000000000, 0.0000000000000000000 ) ) ;
#5334 = DIRECTION ( 'NONE',  ( -1.000000000000000000, 0.0000000000000000000, 0.0000000000000000000 ) ) ;
#5335 = CLOSED_SHELL ( 'NONE', ( #8310, #1625, #7551, #491, #5778, #1646, #7665, #3726, #1100, #5547, #1887, #523, #6208, #2536, #1684, #2279, #7091, #5246, #8064, #735, #7919, #5991, #3503, #1461, #8350, #7196, #3908, #2147, #7755, #1597, #5715, #5701, #4030, #6034, #2284, #1158, #3916, #6566, #100, #6400, #5624, #120, #7237, #4194, #5665, #6397, #2449, #7150, #1227, #5238, #1981, #7780, #304, #4531, #846, #4997, #214, #7433, #5627, #2855, #4358, #5142, #3686, #1871, #7010, #4242, #5108, #810, #5804, #2103, #3839, #4313, #8038, #5594, #4791, #6549, #4967, #3636, #745, #1053, #211, #6898, #8679, #8233, #5751, #5649, #5838, #2122, #1387, #2185, #2537, #5021, #6651, #1207, #3816, #2694, #883, #8115, #4485, #7192, #352, #8167, #5913, #3, #6881, #5219, #507, #79, #2668, #1912, #719, #2874, #3625, #7601, #5074, #1999, #8393, #8482, #3201, #4044, #2189, #7006, #4598, #868, #6149, #6435, #4347, #8372, #2946, #7266, #7716, #1551, #8346, #4620, #1819, #7170, #5287, #578, #1505, #5861, #1567, #6951, #5943, #3165, #8618, #1730, #6873, #6059, #1325, #3425, #8598, #1546, #551, #399, #2498, #4837, #4581, #837, #7618, #6925, #8533, #5310, #2892, #7038, #3186, #7698, #792, #6765, #1873, #5527, #885, #8657, #3749, #7241, #6824, #2623, #5924, #8304, #129, #5111, #2318, #1132, #1014, #6512, #6634, #5025, #8196, #527, #172, #1456, #2364, #3859, #3121, #3038, #2936, #3950, #3892, #4215, #5880, #6262, #1345, #6844, #3076, #7499, #6462, #6747, #927, #3358, #4936, #1105, #8130, #3682, #5834, #4245, #7816, #5799, #4979, #2849, #7869, #768, #3538, #1439, #2897, #7864, #2472, #6609, #7691, #2228, #1000, #7103, #3948, #636, #4278, #1395, #5369, #1500, #3445, #7063, #1180, #7846, #5826, #1963, #6614, #6563, #610, #6867, #269, #7913, #3709, #8552, #8644, #795, #8566, #3097, #7730, #3517, #4670, #6585, #963, #8254, #6018, #8382, #5182, #2409, #8020, #7134, #3393, #6796, #2299, #6318, #7596, #8567, #7733, #2358, #8002, #7282, #395, #6704, #5353, #7933, #6351, #6530, #2580, #1079, #1299, #4167, #3973, #4613, #3762, #1592, #3600, #6481, #383, #2818, #7642, #3565, #1426, #2991, #8444, #3253, #8327, #2073, #4575, #7408, #4371, #1672, #8744, #2027, #3275, #5043, #6961, #2782, #2558, #8461, #4512, #4409, #169, #8759 ) ) ;
#5336 = VECTOR ( 'NONE', #1929, 1000.000000000000000 ) ;
#5337 = LINE ( 'NONE', #1650, #6157 ) ;
#5338 = DIRECTION ( 'NONE',  ( -7.080503983578801900E-016, -0.0000000000000000000, -1.000000000000000000 ) ) ;
#5339 = EDGE_CURVE ( 'NONE', #8689, #3580, #1036, .T. ) ;
#5340 = AXIS2_PLACEMENT_3D ( 'NONE', #2458, #7126, #291 ) ;
#5341 = ORIENTED_EDGE ( 'NONE', *, *, #5441, .T. ) ;
#5342 = VECTOR ( 'NONE', #6320, 1000.000000000000000 ) ;
#5343 = EDGE_CURVE ( 'NONE', #925, #3896, #5833, .T. ) ;
#5344 = DIRECTION ( 'NONE',  ( 0.0000000000000000000, -0.9848077530122073500, -0.1736481776669340500 ) ) ;
#5345 = DIRECTION ( 'NONE',  ( 0.0000000000000000000, 0.0000000000000000000, 1.000000000000000000 ) ) ;
#5346 = ORIENTED_EDGE ( 'NONE', *, *, #848, .F. ) ;
#5347 = CARTESIAN_POINT ( 'NONE',  ( 4.645000000000001400, -0.09999999999999925600, -2.592546190531647400 ) ) ;
#5348 = VECTOR ( 'NONE', #6232, 1000.000000000000200 ) ;
#5349 = ORIENTED_EDGE ( 'NONE', *, *, #4527, .F. ) ;
#5350 = DIRECTION ( 'NONE',  ( 1.000000000000000000, -0.0000000000000000000, -0.0000000000000000000 ) ) ;
#5351 = ORIENTED_EDGE ( 'NONE', *, *, #8576, .F. ) ;
#5352 = COLOUR_RGB ( '',0.2509803921568627400, 0.2509803921568627400, 0.2509803921568627400 ) ;
#5353 = ADVANCED_FACE ( 'NONE', ( #1682 ), #4442, .T. ) ;
#5354 = AXIS2_PLACEMENT_3D ( 'NONE', #561, #1350, #1326 ) ;
#5355 = DIRECTION ( 'NONE',  ( 0.0000000000000000000, 1.000000000000000000, 2.168404344971009900E-016 ) ) ;
#5356 = LINE ( 'NONE', #8445, #8174 ) ;
#5357 = CARTESIAN_POINT ( 'NONE',  ( 4.245000000000000100, -0.1349999999999994500, 2.592546190531647400 ) ) ;
#5358 = AXIS2_PLACEMENT_3D ( 'NONE', #3198, #8527, #7183 ) ;
#5359 = ORIENTED_EDGE ( 'NONE', *, *, #5426, .T. ) ;
#5360 = CARTESIAN_POINT ( 'NONE',  ( -2.105000000000001300, -0.1289223137816567200, 2.627014461887075200 ) ) ;
#5361 = VECTOR ( 'NONE', #2559, 1000.000000000000000 ) ;
#5362 = EDGE_CURVE ( 'NONE', #301, #1407, #8676, .T. ) ;
#5363 = CARTESIAN_POINT ( 'NONE',  ( -2.105000000000001300, -0.1000000000000000100, 1.599999999999999900 ) ) ;
#5364 = DIRECTION ( 'NONE',  ( 1.000000000000000000, -0.0000000000000000000, -0.0000000000000000000 ) ) ;
#5365 =( LENGTH_UNIT ( ) NAMED_UNIT ( * ) SI_UNIT ( .MILLI., .METRE. ) );
#5366 = EDGE_CURVE ( 'NONE', #8682, #2174, #4594, .T. ) ;
#5367 = VERTEX_POINT ( 'NONE', #5772 ) ;
#5368 = ORIENTED_EDGE ( 'NONE', *, *, #4624, .F. ) ;
#5369 = ADVANCED_FACE ( 'NONE', ( #7511 ), #7738, .F. ) ;
#5370 = VERTEX_POINT ( 'NONE', #2415 ) ;
#5371 = ORIENTED_EDGE ( 'NONE', *, *, #3596, .T. ) ;
#5372 = DIRECTION ( 'NONE',  ( -1.000000000000000000, 0.0000000000000000000, 0.0000000000000000000 ) ) ;
#5373 = LINE ( 'NONE', #2163, #350 ) ;
#5374 = FACE_OUTER_BOUND ( 'NONE', #8401, .T. ) ;
#5375 = CARTESIAN_POINT ( 'NONE',  ( 2.974999999999998800, -1.123578144323987200, 3.555000000000000200 ) ) ;
#5376 = CARTESIAN_POINT ( 'NONE',  ( -2.975000000000000100, -0.9293854660757160400, 2.768157712699471000 ) ) ;
#5377 = VERTEX_POINT ( 'NONE', #2349 ) ;
#5378 = CARTESIAN_POINT ( 'NONE',  ( 0.0000000000000000000, -0.9293854660757164800, -2.768157712699470100 ) ) ;
#5379 = VERTEX_POINT ( 'NONE', #7140 ) ;
#5380 = EDGE_LOOP ( 'NONE', ( #7100, #4603, #3287, #5187 ) ) ;
#5381 = ORIENTED_EDGE ( 'NONE', *, *, #1436, .F. ) ;
#5382 = ORIENTED_EDGE ( 'NONE', *, *, #8395, .F. ) ;
#5383 = FACE_OUTER_BOUND ( 'NONE', #3401, .T. ) ;
#5384 = ORIENTED_EDGE ( 'NONE', *, *, #3042, .T. ) ;
#5385 = EDGE_CURVE ( 'NONE', #8593, #5377, #407, .T. ) ;
#5386 = EDGE_LOOP ( 'NONE', ( #4546, #4715, #424, #920 ) ) ;
#5387 = EDGE_LOOP ( 'NONE', ( #1086, #5406, #7585, #4773 ) ) ;
#5388 = LINE ( 'NONE', #5607, #3472 ) ;
#5389 = LINE ( 'NONE', #1923, #5286 ) ;
#5390 = EDGE_CURVE ( 'NONE', #1701, #568, #6656, .T. ) ;
#5391 = EDGE_LOOP ( 'NONE', ( #7154, #6814, #5128, #4232, #8081, #8270, #2464, #127, #7521, #1301, #7286, #6303, #3322, #5949, #7978, #1310, #5735, #57, #177, #8338, #2906, #4963, #4002, #2470, #3641, #4458, #6374, #3340, #7881, #5085, #8098, #6984, #2295, #6849, #1427, #3055, #5794, #1904, #6888, #1572, #7538, #2542, #331, #464, #5110, #2245, #1048, #7211, #622, #1850, #4759, #1752, #7611, #1265, #3655, #1735, #4804, #4022, #2478, #3113 ) ) ;
#5392 = VERTEX_POINT ( 'NONE', #4490 ) ;
#5393 = DIRECTION ( 'NONE',  ( -1.000000000000000000, 0.0000000000000000000, 0.0000000000000000000 ) ) ;
#5394 = ORIENTED_EDGE ( 'NONE', *, *, #4110, .T. ) ;
#5395 = VECTOR ( 'NONE', #3552, 1000.000000000000000 ) ;
#5396 = EDGE_CURVE ( 'NONE', #7787, #5832, #1463, .T. ) ;
#5397 = ORIENTED_EDGE ( 'NONE', *, *, #3160, .F. ) ;
#5398 = LINE ( 'NONE', #7920, #8743 ) ;
#5399 = ORIENTED_EDGE ( 'NONE', *, *, #2406, .T. ) ;
#5400 = PLANE ( 'NONE',  #1222 ) ;
#5401 = DIRECTION ( 'NONE',  ( 1.000000000000000000, 0.0000000000000000000, 0.0000000000000000000 ) ) ;
#5402 = AXIS2_PLACEMENT_3D ( 'NONE', #51, #4843, #6729 ) ;
#5403 = DIRECTION ( 'NONE',  ( 6.505213034913029600E-016, 0.0000000000000000000, 1.000000000000000000 ) ) ;
#5404 =( GEOMETRIC_REPRESENTATION_CONTEXT ( 3 ) GLOBAL_UNCERTAINTY_ASSIGNED_CONTEXT ( ( #6948 ) ) GLOBAL_UNIT_ASSIGNED_CONTEXT ( ( #6617, #2565, #2653 ) ) REPRESENTATION_CONTEXT ( 'NONE', 'WORKASPACE' ) );
#5405 = DIRECTION ( 'NONE',  ( -7.080503983578801900E-016, -0.0000000000000000000, -1.000000000000000000 ) ) ;
#5406 = ORIENTED_EDGE ( 'NONE', *, *, #6051, .T. ) ;
#5407 = FACE_OUTER_BOUND ( 'NONE', #5855, .T. ) ;
#5408 = ORIENTED_EDGE ( 'NONE', *, *, #1119, .F. ) ;
#5409 = DIRECTION ( 'NONE',  ( 0.0000000000000000000, 0.1736481776669341100, 0.9848077530122073500 ) ) ;
#5410 = CARTESIAN_POINT ( 'NONE',  ( -3.375000000000001300, -0.1349999999999994500, 2.592546190531647400 ) ) ;
#5411 = CARTESIAN_POINT ( 'NONE',  ( 5.271510860677126200, -1.352539120018100100, -2.061510860677124400 ) ) ;
#5412 = DIRECTION ( 'NONE',  ( -0.0000000000000000000, 0.0000000000000000000, 1.000000000000000000 ) ) ;
#5413 =( LENGTH_UNIT ( ) NAMED_UNIT ( * ) SI_UNIT ( .MILLI., .METRE. ) );
#5414 = ORIENTED_EDGE ( 'NONE', *, *, #4823, .F. ) ;
#5416 = ADVANCED_FACE ( 'NONE', ( #1140 ), #1635, .F. ) ;
#5415 = AXIS2_PLACEMENT_3D ( 'NONE', #8275, #2942, #7604 ) ;
#5417 = VECTOR ( 'NONE', #5684, 1000.000000000000000 ) ;
#5418 = AXIS2_PLACEMENT_3D ( 'NONE', #2591, #6009, #5323 ) ;
#5419 = AXIS2_PLACEMENT_3D ( 'NONE', #1619, #956, #7155 ) ;
#5420 = CARTESIAN_POINT ( 'NONE',  ( -4.645000000000004000, -1.123578144323986300, -0.005099784264226366900 ) ) ;
#5421 = EDGE_LOOP ( 'NONE', ( #2333, #8371, #1518, #2130 ) ) ;
#5422 =( NAMED_UNIT ( * ) SI_UNIT ( $, .STERADIAN. ) SOLID_ANGLE_UNIT ( ) );
#5423 = VECTOR ( 'NONE', #4673, 1000.000000000000000 ) ;
#5424 = DIRECTION ( 'NONE',  ( -0.0000000000000000000, 0.0000000000000000000, -1.000000000000000000 ) ) ;
#5425 = ORIENTED_EDGE ( 'NONE', *, *, #1163, .T. ) ;
#5426 = EDGE_CURVE ( 'NONE', #3241, #398, #7728, .T. ) ;
#5427 = LINE ( 'NONE', #756, #6439 ) ;
#5428 = DIRECTION ( 'NONE',  ( 0.0000000000000000000, 0.0000000000000000000, 1.000000000000000000 ) ) ;
#5429 = DIRECTION ( 'NONE',  ( 0.0000000000000000000, 7.744301232039248600E-016, -1.000000000000000000 ) ) ;
#5430 = DIRECTION ( 'NONE',  ( 0.0000000000000000000, 0.0000000000000000000, 1.000000000000000000 ) ) ;
#5431 = DIRECTION ( 'NONE',  ( 0.0000000000000000000, -0.1736481776669339900, 0.9848077530122073500 ) ) ;
#5432 = EDGE_CURVE ( 'NONE', #2931, #1886, #2116, .T. ) ;
#5433 = ORIENTED_EDGE ( 'NONE', *, *, #3090, .T. ) ;
#5434 = VECTOR ( 'NONE', #2362, 1000.000000000000000 ) ;
#5435 = LINE ( 'NONE', #2999, #1460 ) ;
#5436 = DIRECTION ( 'NONE',  ( 0.0000000000000000000, 1.000000000000000000, 2.168404344971009900E-016 ) ) ;
#5437 = FACE_OUTER_BOUND ( 'NONE', #8429, .T. ) ;
#5438 = ORIENTED_EDGE ( 'NONE', *, *, #3012, .F. ) ;
#5439 = CARTESIAN_POINT ( 'NONE',  ( 4.245000000000001000, -0.06527036446661323200, -2.818876228225292800 ) ) ;
#5440 = CARTESIAN_POINT ( 'NONE',  ( 0.0000000000000000000, 1.000000000000000000, 2.123673019291535600 ) ) ;
#5441 = EDGE_CURVE ( 'NONE', #8044, #3652, #6447, .T. ) ;
#5442 = VERTEX_POINT ( 'NONE', #1116 ) ;
#5443 = CIRCLE ( 'NONE', #2442, 0.2350000000000004000 ) ;
#5444 = LINE ( 'NONE', #2523, #6253 ) ;
#5445 = FACE_OUTER_BOUND ( 'NONE', #5663, .T. ) ;
#5446 = EDGE_LOOP ( 'NONE', ( #5463, #1582, #4415, #5498 ) ) ;
#5447 = DIRECTION ( 'NONE',  ( -0.0000000000000000000, 0.9848077530122073500, -0.1736481776669340500 ) ) ;
#5448 = DIRECTION ( 'NONE',  ( -0.0000000000000000000, 0.0000000000000000000, -1.000000000000000000 ) ) ;
#5449 = EDGE_CURVE ( 'NONE', #4426, #4332, #4179, .T. ) ;
#5450 = STYLED_ITEM ( 'NONE', ( #4427 ), #2043 ) ;
#5451 = ORIENTED_EDGE ( 'NONE', *, *, #7158, .F. ) ;
#5452 = FACE_OUTER_BOUND ( 'NONE', #2928, .T. ) ;
#5453 = DIRECTION ( 'NONE',  ( 1.000000000000000000, -0.0000000000000000000, -0.0000000000000000000 ) ) ;
#5454 = AXIS2_PLACEMENT_3D ( 'NONE', #718, #8779, #3428 ) ;
#5455 = EDGE_CURVE ( 'NONE', #2265, #5475, #7085, .T. ) ;
#5456 = CARTESIAN_POINT ( 'NONE',  ( 4.645000000000001400, -0.1289223137816567200, 2.627014461887075200 ) ) ;
#5457 = ORIENTED_EDGE ( 'NONE', *, *, #5312, .F. ) ;
#5458 = CARTESIAN_POINT ( 'NONE',  ( 0.4349999999999987800, -0.09419267824826987900, -2.823976012489516600 ) ) ;
#5459 = DIRECTION ( 'NONE',  ( 0.0000000000000000000, 0.0000000000000000000, 1.000000000000000000 ) ) ;
#5460 = CARTESIAN_POINT ( 'NONE',  ( -0.8350000000000015200, -0.9235781443239867700, -2.999587534657339700 ) ) ;
#5461 = CARTESIAN_POINT ( 'NONE',  ( 3.045464662583234000E-016, -1.123578144323985800, 3.555000000000000200 ) ) ;
#5462 = FACE_OUTER_BOUND ( 'NONE', #5689, .T. ) ;
#5463 = ORIENTED_EDGE ( 'NONE', *, *, #4376, .F. ) ;
#5464 = AXIS2_PLACEMENT_3D ( 'NONE', #2518, #4004, #1157 ) ;
#5465 = EDGE_LOOP ( 'NONE', ( #5288, #6113, #866, #5019 ) ) ;
#5466 = AXIS2_PLACEMENT_3D ( 'NONE', #3213, #8012, #4650 ) ;
#5467 = DIRECTION ( 'NONE',  ( 0.0000000000000000000, 1.000000000000000000, 2.168404344971009900E-016 ) ) ;
#5468 = DIRECTION ( 'NONE',  ( 1.000000000000000000, -0.0000000000000000000, -0.0000000000000000000 ) ) ;
#5469 = CARTESIAN_POINT ( 'NONE',  ( 2.105000000000000000, -0.06527036446661323200, 2.818876228225292800 ) ) ;
#5470 = DIRECTION ( 'NONE',  ( 0.0000000000000000000, 1.000000000000000000, 0.0000000000000000000 ) ) ;
#5471 = CIRCLE ( 'NONE', #1483, 0.03500000000000030900 ) ;
#5472 = ORIENTED_EDGE ( 'NONE', *, *, #3228, .T. ) ;
#5473 = VECTOR ( 'NONE', #8316, 1000.000000000000000 ) ;
#5474 = VECTOR ( 'NONE', #7162, 1000.000000000000200 ) ;
#5475 = VERTEX_POINT ( 'NONE', #7259 ) ;
#5476 = ORIENTED_EDGE ( 'NONE', *, *, #8536, .F. ) ;
#5477 = EDGE_CURVE ( 'NONE', #6926, #2825, #5330, .T. ) ;
#5478 = DIRECTION ( 'NONE',  ( 1.000000000000000000, 0.0000000000000000000, -7.080503983578802800E-016 ) ) ;
#5479 = EDGE_CURVE ( 'NONE', #38, #4525, #7397, .T. ) ;
#5480 = DIRECTION ( 'NONE',  ( -0.0000000000000000000, 0.9848077530122073500, -0.1736481776669340500 ) ) ;
#5481 = ORIENTED_EDGE ( 'NONE', *, *, #7668, .F. ) ;
#5482 = ORIENTED_EDGE ( 'NONE', *, *, #8411, .F. ) ;
#5483 = ORIENTED_EDGE ( 'NONE', *, *, #1285, .T. ) ;
#5484 = LINE ( 'NONE', #7677, #1842 ) ;
#5485 = FACE_OUTER_BOUND ( 'NONE', #530, .T. ) ;
#5486 = FACE_OUTER_BOUND ( 'NONE', #5869, .T. ) ;
#5487 = DIRECTION ( 'NONE',  ( -1.000000000000000000, 8.425943506694156900E-032, 4.336808689942019700E-016 ) ) ;
#5488 = EDGE_LOOP ( 'NONE', ( #6201, #2555, #8535, #163 ) ) ;
#5489 = PLANE ( 'NONE',  #706 ) ;
#5490 = CARTESIAN_POINT ( 'NONE',  ( 0.0000000000000000000, -0.9235781443239861100, 0.005099784264222377100 ) ) ;
#5491 = CARTESIAN_POINT ( 'NONE',  ( 0.0000000000000000000, 0.5148177190201993500, -2.716591047919102200 ) ) ;
#5492 = ORIENTED_EDGE ( 'NONE', *, *, #1344, .T. ) ;
#5493 = DIRECTION ( 'NONE',  ( 0.0000000000000000000, 1.000000000000000000, 0.0000000000000000000 ) ) ;
#5494 = VECTOR ( 'NONE', #8100, 1000.000000000000000 ) ;
#5495 = FACE_OUTER_BOUND ( 'NONE', #656, .T. ) ;
#5496 = ORIENTED_EDGE ( 'NONE', *, *, #2127, .F. ) ;
#5497 = EDGE_CURVE ( 'NONE', #5257, #7725, #6235, .T. ) ;
#5498 = ORIENTED_EDGE ( 'NONE', *, *, #5526, .F. ) ;
#5499 = DIRECTION ( 'NONE',  ( 0.0000000000000000000, 0.1736481776669340800, 0.9848077530122074700 ) ) ;
#5500 = ORIENTED_EDGE ( 'NONE', *, *, #3502, .F. ) ;
#5501 = DIRECTION ( 'NONE',  ( 0.0000000000000000000, 0.1736481776669342400, -0.9848077530122073500 ) ) ;
#5502 = FACE_OUTER_BOUND ( 'NONE', #8320, .T. ) ;
#5503 = DIRECTION ( 'NONE',  ( 0.0000000000000000000, 0.0000000000000000000, -1.000000000000000000 ) ) ;
#5504 = CARTESIAN_POINT ( 'NONE',  ( -0.4350000000000014400, -0.8885781443239865200, -2.999587534657339700 ) ) ;
#5505 = ORIENTED_EDGE ( 'NONE', *, *, #896, .T. ) ;
#5506 = DIRECTION ( 'NONE',  ( 1.000000000000000000, 0.0000000000000000000, 0.0000000000000000000 ) ) ;
#5507 = EDGE_CURVE ( 'NONE', #899, #2088, #6869, .T. ) ;
#5508 = LINE ( 'NONE', #8013, #2089 ) ;
#5509 = CARTESIAN_POINT ( 'NONE',  ( 0.0000000000000000000, -0.9235781443239868800, -3.555000000000000200 ) ) ;
#5510 = CARTESIAN_POINT ( 'NONE',  ( 4.645000000000001400, -0.1349999999999994500, -2.592546190531647400 ) ) ;
#5511 = DIRECTION ( 'NONE',  ( -1.000000000000000000, 0.0000000000000000000, 0.0000000000000000000 ) ) ;
#5512 = ADVANCED_FACE ( 'NONE', ( #2327 ), #5230, .F. ) ;
#5513 = PLANE ( 'NONE',  #769 ) ;
#5514 = FACE_OUTER_BOUND ( 'NONE', #6101, .T. ) ;
#5515 = CARTESIAN_POINT ( 'NONE',  ( 0.4349999999999987800, -0.1000000000000000100, 1.599999999999999900 ) ) ;
#5516 = PLANE ( 'NONE',  #7309 ) ;
#5517 = DIRECTION ( 'NONE',  ( 1.000000000000000000, -0.0000000000000000000, -0.0000000000000000000 ) ) ;
#5518 = CARTESIAN_POINT ( 'NONE',  ( 1.704999999999998500, -1.123578144323987200, -3.555000000000000200 ) ) ;
#5519 = CARTESIAN_POINT ( 'NONE',  ( 4.245000000000000100, -0.9293854660757164800, 2.768157712699470100 ) ) ;
#5520 = AXIS2_PLACEMENT_3D ( 'NONE', #6152, #5503, #6895 ) ;
#5521 = ORIENTED_EDGE ( 'NONE', *, *, #7610, .F. ) ;
#5522 = VECTOR ( 'NONE', #1092, 1000.000000000000000 ) ;
#5523 = DIRECTION ( 'NONE',  ( 0.0000000000000000000, 1.000000000000000000, 2.168404344971009900E-016 ) ) ;
#5524 = DIRECTION ( 'NONE',  ( -0.0000000000000000000, 0.9848077530122073500, 0.1736481776669340500 ) ) ;
#5525 = DIRECTION ( 'NONE',  ( 0.0000000000000000000, -2.168404344971009900E-016, 1.000000000000000000 ) ) ;
#5526 = EDGE_CURVE ( 'NONE', #3593, #3842, #70, .T. ) ;
#5527 = ADVANCED_FACE ( 'NONE', ( #2002 ), #2966, .F. ) ;
#5528 = EDGE_LOOP ( 'NONE', ( #4420, #4893, #6069, #6076 ) ) ;
#5529 = AXIS2_PLACEMENT_3D ( 'NONE', #7969, #6732, #4768 ) ;
#5530 = LINE ( 'NONE', #8218, #3065 ) ;
#5531 = DIRECTION ( 'NONE',  ( 0.0000000000000000000, -1.000000000000000000, 0.0000000000000000000 ) ) ;
#5532 = AXIS2_PLACEMENT_3D ( 'NONE', #5926, #428, #5191 ) ;
#5533 = PLANE ( 'NONE',  #7251 ) ;
#5534 = DIRECTION ( 'NONE',  ( 0.0000000000000000000, -0.1736481776669339900, 0.9848077530122073500 ) ) ;
#5535 = VERTEX_POINT ( 'NONE', #327 ) ;
#5536 = LINE ( 'NONE', #3149, #3736 ) ;
#5537 = ORIENTED_EDGE ( 'NONE', *, *, #3567, .F. ) ;
#5538 = VECTOR ( 'NONE', #4638, 1000.000000000000000 ) ;
#5539 = EDGE_CURVE ( 'NONE', #2293, #2420, #6343, .T. ) ;
#5540 = CARTESIAN_POINT ( 'NONE',  ( 2.974999999999998300, -0.1349999999999994500, -2.592546190531647400 ) ) ;
#5541 = EDGE_LOOP ( 'NONE', ( #977, #342, #5747, #6459 ) ) ;
#5542 = FACE_OUTER_BOUND ( 'NONE', #7402, .T. ) ;
#5543 = VECTOR ( 'NONE', #2582, 1000.000000000000000 ) ;
#5544 = CARTESIAN_POINT ( 'NONE',  ( -3.375000000000000900, -1.123578144323986900, 3.555000000000000200 ) ) ;
#5545 = DIRECTION ( 'NONE',  ( -1.000000000000000000, 0.0000000000000000000, 0.0000000000000000000 ) ) ;
#5546 = EDGE_CURVE ( 'NONE', #6513, #2955, #1129, .T. ) ;
#5547 = ADVANCED_FACE ( 'NONE', ( #4587 ), #726, .T. ) ;
#5548 = ORIENTED_EDGE ( 'NONE', *, *, #6159, .F. ) ;
#5549 = CARTESIAN_POINT ( 'NONE',  ( 0.4349999999999987800, -0.1289223137816567200, 2.627014461887075200 ) ) ;
#5550 = VECTOR ( 'NONE', #3493, 1000.000000000000000 ) ;
#5551 = DIRECTION ( 'NONE',  ( -1.000000000000000000, 0.0000000000000000000, -0.0000000000000000000 ) ) ;
#5552 = CARTESIAN_POINT ( 'NONE',  ( 4.645000000000001400, -0.09419267824826980900, -2.823976012489516600 ) ) ;
#5553 = VERTEX_POINT ( 'NONE', #2196 ) ;
#5554 = DIRECTION ( 'NONE',  ( 0.0000000000000000000, 1.000000000000000000, -2.168404344971009900E-016 ) ) ;
#5555 = EDGE_CURVE ( 'NONE', #3676, #2784, #6646, .T. ) ;
#5556 = FACE_OUTER_BOUND ( 'NONE', #7966, .T. ) ;
#5557 = PLANE ( 'NONE',  #4459 ) ;
#5558 = DIRECTION ( 'NONE',  ( 0.0000000000000000000, 0.0000000000000000000, 1.000000000000000000 ) ) ;
#5559 = ORIENTED_EDGE ( 'NONE', *, *, #3203, .F. ) ;
#5560 = CARTESIAN_POINT ( 'NONE',  ( 0.8349999999999998500, -0.8885781443239865200, 2.999587534657339700 ) ) ;
#5561 = EDGE_CURVE ( 'NONE', #3119, #6564, #7077, .T. ) ;
#5562 = AXIS2_PLACEMENT_3D ( 'NONE', #1103, #3255, #539 ) ;
#5563 = AXIS2_PLACEMENT_3D ( 'NONE', #6420, #5125, #993 ) ;
#5564 = FACE_OUTER_BOUND ( 'NONE', #4282, .T. ) ;
#5565 = ORIENTED_EDGE ( 'NONE', *, *, #6759, .F. ) ;
#5566 = ORIENTED_EDGE ( 'NONE', *, *, #2055, .T. ) ;
#5567 = VECTOR ( 'NONE', #2483, 1000.000000000000000 ) ;
#5568 = FILL_AREA_STYLE ('',( #2824 ) ) ;
#5569 = DIRECTION ( 'NONE',  ( 0.0000000000000000000, -1.000000000000000000, 0.0000000000000000000 ) ) ;
#5570 = ORIENTED_EDGE ( 'NONE', *, *, #3673, .T. ) ;
#5571 = DIRECTION ( 'NONE',  ( 1.000000000000000000, -0.0000000000000000000, -0.0000000000000000000 ) ) ;
#5572 = CARTESIAN_POINT ( 'NONE',  ( -4.645000000000000500, -0.9235781443239868800, -3.555000000000000200 ) ) ;
#5573 = LINE ( 'NONE', #7417, #7548 ) ;
#5574 = AXIS2_PLACEMENT_3D ( 'NONE', #853, #7530, #6930 ) ;
#5575 = EDGE_LOOP ( 'NONE', ( #4279, #7841, #5749, #6816 ) ) ;
#5576 = VERTEX_POINT ( 'NONE', #3550 ) ;
#5577 = PLANE ( 'NONE',  #5305 ) ;
#5578 = ORIENTED_EDGE ( 'NONE', *, *, #2400, .F. ) ;
#5579 = LINE ( 'NONE', #8542, #5283 ) ;
#5580 = LINE ( 'NONE', #8223, #6091 ) ;
#5581 = CARTESIAN_POINT ( 'NONE',  ( 4.645000000000001400, -0.8885781443239865200, -2.999587534657339700 ) ) ;
#5582 = AXIS2_PLACEMENT_3D ( 'NONE', #5894, #6527, #2530 ) ;
#5583 = VERTEX_POINT ( 'NONE', #4934 ) ;
#5584 = DIRECTION ( 'NONE',  ( 0.0000000000000000000, 9.227252531791510400E-016, -1.000000000000000000 ) ) ;
#5585 = CARTESIAN_POINT ( 'NONE',  ( -5.509999999999999800, 0.0000000000000000000, 2.300000000000000700 ) ) ;
#5586 = ORIENTED_EDGE ( 'NONE', *, *, #6422, .T. ) ;
#5587 = VECTOR ( 'NONE', #5972, 1000.000000000000000 ) ;
#5588 = ORIENTED_EDGE ( 'NONE', *, *, #4058, .T. ) ;
#5589 = ORIENTED_EDGE ( 'NONE', *, *, #4058, .F. ) ;
#5590 = ORIENTED_EDGE ( 'NONE', *, *, #712, .F. ) ;
#5591 = VECTOR ( 'NONE', #4883, 1000.000000000000000 ) ;
#5592 = CIRCLE ( 'NONE', #657, 0.2350000000000004000 ) ;
#5593 = EDGE_CURVE ( 'NONE', #7876, #1206, #2319, .T. ) ;
#5594 = ADVANCED_FACE ( 'NONE', ( #5324 ), #3397, .F. ) ;
#5595 = ORIENTED_EDGE ( 'NONE', *, *, #5870, .F. ) ;
#5596 = DIRECTION ( 'NONE',  ( -0.0000000000000000000, 0.1736481776669340500, 0.9848077530122073500 ) ) ;
#5597 = ORIENTED_EDGE ( 'NONE', *, *, #2400, .T. ) ;
#5598 = VECTOR ( 'NONE', #6695, 1000.000000000000000 ) ;
#5599 = DIRECTION ( 'NONE',  ( 0.0000000000000000000, 0.0000000000000000000, 1.000000000000000000 ) ) ;
#5600 = DIRECTION ( 'NONE',  ( 0.0000000000000000000, 0.0000000000000000000, -1.000000000000000000 ) ) ;
#5601 = EDGE_CURVE ( 'NONE', #3957, #2286, #8564, .T. ) ;
#5602 = DIRECTION ( 'NONE',  ( 1.000000000000000000, 0.0000000000000000000, 0.0000000000000000000 ) ) ;
#5603 = CARTESIAN_POINT ( 'NONE',  ( 4.645000000000004000, -1.123578144323986300, 0.005099784264226366900 ) ) ;
#5604 = ORIENTED_EDGE ( 'NONE', *, *, #5957, .T. ) ;
#5605 = VECTOR ( 'NONE', #4644, 1000.000000000000000 ) ;
#5606 = EDGE_CURVE ( 'NONE', #5298, #3006, #2534, .T. ) ;
#5607 = CARTESIAN_POINT ( 'NONE',  ( 4.245000000000001000, -0.1000000000000000100, -2.825000000000000200 ) ) ;
#5608 = DIRECTION ( 'NONE',  ( 1.000000000000000000, -0.0000000000000000000, -0.0000000000000000000 ) ) ;
#5609 = CARTESIAN_POINT ( 'NONE',  ( -0.8350000000000014100, -0.9235781443239867700, 2.999587534657339700 ) ) ;
#5610 = DIRECTION ( 'NONE',  ( 0.0000000000000000000, 0.0000000000000000000, -1.000000000000000000 ) ) ;
#5611 = DIRECTION ( 'NONE',  ( 1.000000000000000000, -0.0000000000000000000, -0.0000000000000000000 ) ) ;
#5612 = VECTOR ( 'NONE', #8019, 1000.000000000000000 ) ;
#5613 = EDGE_CURVE ( 'NONE', #1886, #1504, #5427, .T. ) ;
#5614 = AXIS2_PLACEMENT_3D ( 'NONE', #4404, #7845, #3826 ) ;
#5615 = AXIS2_PLACEMENT_3D ( 'NONE', #4756, #5453, #2080 ) ;
#5616 = EDGE_CURVE ( 'NONE', #5820, #4421, #3841, .T. ) ;
#5617 = DIRECTION ( 'NONE',  ( 1.000000000000000000, -0.0000000000000000000, -0.0000000000000000000 ) ) ;
#5618 = DIRECTION ( 'NONE',  ( 0.0000000000000000000, 0.0000000000000000000, 1.000000000000000000 ) ) ;
#5619 = DIRECTION ( 'NONE',  ( 1.000000000000000000, 0.0000000000000000000, 0.0000000000000000000 ) ) ;
#5620 = CARTESIAN_POINT ( 'NONE',  ( -1.705000000000001200, 0.4800880834868125900, -2.519629497316660900 ) ) ;
#5621 = ORIENTED_EDGE ( 'NONE', *, *, #807, .F. ) ;
#5622 = CARTESIAN_POINT ( 'NONE',  ( 2.974999999999998300, 0.1000000000000000100, 1.599999999999999900 ) ) ;
#5623 = DIRECTION ( 'NONE',  ( -1.000000000000000000, 0.0000000000000000000, 0.0000000000000000000 ) ) ;
#5624 = ADVANCED_FACE ( 'NONE', ( #509 ), #2109, .T. ) ;
#5625 = ORIENTED_EDGE ( 'NONE', *, *, #5606, .T. ) ;
#5626 = DIRECTION ( 'NONE',  ( 1.000000000000000000, -0.0000000000000000000, 0.0000000000000000000 ) ) ;
#5627 = ADVANCED_FACE ( 'NONE', ( #3508 ), #815, .T. ) ;
#5628 = FACE_OUTER_BOUND ( 'NONE', #3037, .T. ) ;
#5629 = DIRECTION ( 'NONE',  ( -1.000000000000000000, -2.710505431213754200E-016, 0.0000000000000000000 ) ) ;
#5630 = CARTESIAN_POINT ( 'NONE',  ( 3.374999999999999600, -0.1349999999999994500, 2.592546190531647400 ) ) ;
#5631 = EDGE_CURVE ( 'NONE', #8710, #573, #2745, .T. ) ;
#5632 = EDGE_CURVE ( 'NONE', #3341, #1462, #8669, .T. ) ;
#5633 = LINE ( 'NONE', #5363, #1360 ) ;
#5634 = AXIS2_PLACEMENT_3D ( 'NONE', #5920, #1844, #4642 ) ;
#5635 = ORIENTED_EDGE ( 'NONE', *, *, #1243, .T. ) ;
#5636 = FACE_OUTER_BOUND ( 'NONE', #2204, .T. ) ;
#5637 = CARTESIAN_POINT ( 'NONE',  ( 0.4349999999999987800, -0.1349999999999994500, 2.592546190531647400 ) ) ;
#5638 = CARTESIAN_POINT ( 'NONE',  ( 0.0000000000000000000, -1.000000000000000000, -2.123673019291533800 ) ) ;
#5639 = DIRECTION ( 'NONE',  ( 1.000000000000000000, 0.0000000000000000000, 0.0000000000000000000 ) ) ;
#5640 = CARTESIAN_POINT ( 'NONE',  ( 2.974999999999998300, -0.8946558305423296700, 2.965119263301910100 ) ) ;
#5641 = ORIENTED_EDGE ( 'NONE', *, *, #3461, .F. ) ;
#5642 = LINE ( 'NONE', #8384, #3856 ) ;
#5643 = CYLINDRICAL_SURFACE ( 'NONE', #751, 0.2350000000000002400 ) ;
#5644 = DIRECTION ( 'NONE',  ( -1.000000000000000000, 0.0000000000000000000, 0.0000000000000000000 ) ) ;
#5645 = EDGE_LOOP ( 'NONE', ( #8312, #7980, #6689, #4937 ) ) ;
#5646 = LINE ( 'NONE', #3818, #3420 ) ;
#5647 = EDGE_LOOP ( 'NONE', ( #3327, #5256, #4320, #5992 ) ) ;
#5648 = CARTESIAN_POINT ( 'NONE',  ( 0.0000000000000000000, -1.123578144323986300, -0.005099784264222338000 ) ) ;
#5649 = ADVANCED_FACE ( 'NONE', ( #3731 ), #3523, .T. ) ;
#5650 = EDGE_CURVE ( 'NONE', #4555, #2481, #4902, .T. ) ;
#5651 = CARTESIAN_POINT ( 'NONE',  ( 2.974999999999998300, -0.9235781443239868800, 3.555000000000000200 ) ) ;
#5652 = LINE ( 'NONE', #3678, #3869 ) ;
#5653 = ORIENTED_EDGE ( 'NONE', *, *, #4889, .T. ) ;
#5654 = DIRECTION ( 'NONE',  ( 1.685188701338831400E-031, -1.000000000000000000, 0.0000000000000000000 ) ) ;
#5655 = PLANE ( 'NONE',  #7509 ) ;
#5656 = PLANE ( 'NONE',  #8373 ) ;
#5657 = CARTESIAN_POINT ( 'NONE',  ( -4.245000000000000100, -0.8946558305423292200, -2.965119263301912300 ) ) ;
#5658 = LINE ( 'NONE', #4939, #6077 ) ;
#5659 = CARTESIAN_POINT ( 'NONE',  ( -2.975000000000001400, -1.123578144323986300, 0.005099784264223627800 ) ) ;
#5660 = EDGE_CURVE ( 'NONE', #934, #5026, #6858, .T. ) ;
#5661 = VERTEX_POINT ( 'NONE', #844 ) ;
#5662 = VECTOR ( 'NONE', #5756, 1000.000000000000000 ) ;
#5663 = EDGE_LOOP ( 'NONE', ( #1166, #7131, #8276, #3524 ) ) ;
#5664 = CARTESIAN_POINT ( 'NONE',  ( 0.4349999999999987800, -0.1000000000000000100, 1.599999999999999900 ) ) ;
#5665 = ADVANCED_FACE ( 'NONE', ( #6141 ), #6822, .T. ) ;
#5666 = CARTESIAN_POINT ( 'NONE',  ( 1.704999999999999000, -1.123578144323986900, 2.970219047566134300 ) ) ;
#5667 = CARTESIAN_POINT ( 'NONE',  ( 3.374999999999999600, -0.9293854660757160400, 2.768157712699471000 ) ) ;
#5668 = FACE_OUTER_BOUND ( 'NONE', #944, .T. ) ;
#5669 = DIRECTION ( 'NONE',  ( 0.0000000000000000000, 0.0000000000000000000, -1.000000000000000000 ) ) ;
#5670 = ORIENTED_EDGE ( 'NONE', *, *, #2728, .F. ) ;
#5671 = AXIS2_PLACEMENT_3D ( 'NONE', #1757, #1296, #6694 ) ;
#5672 = LINE ( 'NONE', #691, #4528 ) ;
#5673 = VERTEX_POINT ( 'NONE', #4960 ) ;
#5674 = DIRECTION ( 'NONE',  ( 0.0000000000000000000, 9.227252531791510400E-016, -1.000000000000000000 ) ) ;
#5675 = VERTEX_POINT ( 'NONE', #8344 ) ;
#5676 = CARTESIAN_POINT ( 'NONE',  ( 4.645000000000001400, 0.4800880834868125900, 2.519629497316660900 ) ) ;
#5677 = CARTESIAN_POINT ( 'NONE',  ( 4.645000000000001400, -1.123578144323986900, -2.999587534657339700 ) ) ;
#5678 = ORIENTED_EDGE ( 'NONE', *, *, #8750, .F. ) ;
#5679 = FACE_OUTER_BOUND ( 'NONE', #5465, .T. ) ;
#5680 = CARTESIAN_POINT ( 'NONE',  ( 4.245000000000000100, -0.09999999999999925600, 2.592546190531647400 ) ) ;
#5681 = ORIENTED_EDGE ( 'NONE', *, *, #1543, .F. ) ;
#5682 = EDGE_LOOP ( 'NONE', ( #3096, #8089, #6458, #8209 ) ) ;
#5683 = VECTOR ( 'NONE', #3072, 1000.000000000000000 ) ;
#5684 = DIRECTION ( 'NONE',  ( 0.0000000000000000000, 1.000000000000000000, 0.0000000000000000000 ) ) ;
#5685 = ORIENTED_EDGE ( 'NONE', *, *, #4691, .T. ) ;
#5686 = VECTOR ( 'NONE', #4019, 1000.000000000000200 ) ;
#5687 = DIRECTION ( 'NONE',  ( -1.000000000000000000, 0.0000000000000000000, 0.0000000000000000000 ) ) ;
#5688 = LINE ( 'NONE', #2517, #3899 ) ;
#5689 = EDGE_LOOP ( 'NONE', ( #8253, #1178, #484, #183 ) ) ;
#5690 = AXIS2_PLACEMENT_3D ( 'NONE', #4757, #638, #1199 ) ;
#5691 = CYLINDRICAL_SURFACE ( 'NONE', #7185, 0.2350000000000002400 ) ;
#5692 = CARTESIAN_POINT ( 'NONE',  ( 0.8349999999999988500, -1.123578144323986900, -2.999587534657339700 ) ) ;
#5693 = ORIENTED_EDGE ( 'NONE', *, *, #391, .F. ) ;
#5694 = ORIENTED_EDGE ( 'NONE', *, *, #912, .F. ) ;
#5695 = DIRECTION ( 'NONE',  ( 0.0000000000000000000, 0.0000000000000000000, 1.000000000000000000 ) ) ;
#5696 = AXIS2_PLACEMENT_3D ( 'NONE', #3661, #1542, #825 ) ;
#5697 = FACE_OUTER_BOUND ( 'NONE', #3644, .T. ) ;
#5698 = LINE ( 'NONE', #6449, #1196 ) ;
#5699 = CARTESIAN_POINT ( 'NONE',  ( -2.975000000000001000, 0.1000000000000007500, -2.592546190531647400 ) ) ;
#5700 = CARTESIAN_POINT ( 'NONE',  ( -2.105000000000000900, -1.123578144323986900, 3.555000000000000200 ) ) ;
#5701 = ADVANCED_FACE ( 'NONE', ( #5112 ), #2149, .T. ) ;
#5702 = EDGE_LOOP ( 'NONE', ( #2075, #3913, #7312, #2496 ) ) ;
#5703 = EDGE_LOOP ( 'NONE', ( #8164, #3946, #4707, #31 ) ) ;
#5704 = CARTESIAN_POINT ( 'NONE',  ( 0.4349999999999993900, -1.123578144323986300, -0.005099784264222431700 ) ) ;
#5705 = CARTESIAN_POINT ( 'NONE',  ( 4.245000000000000100, -0.1000000000000000100, 1.599999999999999900 ) ) ;
#5706 = FACE_OUTER_BOUND ( 'NONE', #1741, .T. ) ;
#5707 = CARTESIAN_POINT ( 'NONE',  ( 0.8349999999999998500, -0.1349999999999994500, 2.592546190531647400 ) ) ;
#5708 = DIRECTION ( 'NONE',  ( -4.336808689942019700E-016, 0.0000000000000000000, -1.000000000000000000 ) ) ;
#5709 = EDGE_CURVE ( 'NONE', #7833, #4537, #5530, .T. ) ;
#5710 = VERTEX_POINT ( 'NONE', #3506 ) ;
#5711 = FACE_OUTER_BOUND ( 'NONE', #1671, .T. ) ;
#5712 = CARTESIAN_POINT ( 'NONE',  ( 2.105000000000000000, -0.9293854660757160400, 2.768157712699471000 ) ) ;
#5713 = EDGE_CURVE ( 'NONE', #6476, #5661, #7935, .T. ) ;
#5714 = DIRECTION ( 'NONE',  ( 0.0000000000000000000, -1.000000000000000000, 0.0000000000000000000 ) ) ;
#5715 = ADVANCED_FACE ( 'NONE', ( #184 ), #4854, .T. ) ;
#5716 = EDGE_CURVE ( 'NONE', #5583, #1044, #1237, .T. ) ;
#5717 = VECTOR ( 'NONE', #713, 1000.000000000000000 ) ;
#5718 = CARTESIAN_POINT ( 'NONE',  ( 0.0000000000000000000, -1.123578144323987200, -3.555000000000000200 ) ) ;
#5719 = DIRECTION ( 'NONE',  ( -0.0000000000000000000, -0.0000000000000000000, 1.000000000000000000 ) ) ;
#5720 = CARTESIAN_POINT ( 'NONE',  ( -4.245000000000000100, -0.9293854660757161500, 2.768157712699470100 ) ) ;
#5721 = ORIENTED_EDGE ( 'NONE', *, *, #4076, .F. ) ;
#5722 = CYLINDRICAL_SURFACE ( 'NONE', #4906, 0.2350000000000002900 ) ;
#5723 = EDGE_CURVE ( 'NONE', #1226, #4792, #8239, .T. ) ;
#5724 = DIRECTION ( 'NONE',  ( 0.0000000000000000000, -0.0000000000000000000, 1.000000000000000000 ) ) ;
#5725 = DIRECTION ( 'NONE',  ( 0.0000000000000000000, -0.0000000000000000000, 1.000000000000000000 ) ) ;
#5726 = AXIS2_PLACEMENT_3D ( 'NONE', #547, #1278, #6642 ) ;
#5727 = DIRECTION ( 'NONE',  ( 0.0000000000000000000, -0.1736481776669339900, 0.9848077530122073500 ) ) ;
#5728 = CARTESIAN_POINT ( 'NONE',  ( -0.8350000000000015200, -0.1000000000000000100, -1.599999999999999900 ) ) ;
#5729 = CARTESIAN_POINT ( 'NONE',  ( 4.245000000000001000, -0.8946558305423292200, -2.965119263301912300 ) ) ;
#5730 = ORIENTED_EDGE ( 'NONE', *, *, #7379, .T. ) ;
#5731 = LINE ( 'NONE', #5609, #710 ) ;
#5732 = DIRECTION ( 'NONE',  ( -1.000000000000000000, 0.0000000000000000000, 0.0000000000000000000 ) ) ;
#5733 = PLANE ( 'NONE',  #2197 ) ;
#5734 = AXIS2_PLACEMENT_3D ( 'NONE', #165, #7001, #7723 ) ;
#5735 = ORIENTED_EDGE ( 'NONE', *, *, #6494, .T. ) ;
#5736 = VECTOR ( 'NONE', #958, 1000.000000000000000 ) ;
#5737 = AXIS2_PLACEMENT_3D ( 'NONE', #1347, #7370, #5424 ) ;
#5738 = ORIENTED_EDGE ( 'NONE', *, *, #5771, .T. ) ;
#5739 = VECTOR ( 'NONE', #2466, 1000.000000000000000 ) ;
#5740 = ORIENTED_EDGE ( 'NONE', *, *, #5895, .T. ) ;
#5741 = ORIENTED_EDGE ( 'NONE', *, *, #6348, .F. ) ;
#5742 = DIRECTION ( 'NONE',  ( -8.425943506694156900E-032, -1.000000000000000000, 0.0000000000000000000 ) ) ;
#5743 = LINE ( 'NONE', #6062, #5014 ) ;
#5744 = SURFACE_SIDE_STYLE ('',( #935 ) ) ;
#5745 = VERTEX_POINT ( 'NONE', #2833 ) ;
#5746 = CYLINDRICAL_SURFACE ( 'NONE', #3877, 0.03500000000000019100 ) ;
#5747 = ORIENTED_EDGE ( 'NONE', *, *, #2850, .F. ) ;
#5748 = EDGE_CURVE ( 'NONE', #3062, #2014, #5731, .T. ) ;
#5749 = ORIENTED_EDGE ( 'NONE', *, *, #8730, .F. ) ;
#5750 = LINE ( 'NONE', #3540, #4928 ) ;
#5751 = ADVANCED_FACE ( 'NONE', ( #5628 ), #84, .F. ) ;
#5752 = DIRECTION ( 'NONE',  ( 0.0000000000000000000, 7.744301232039248600E-016, 1.000000000000000000 ) ) ;
#5753 = ORIENTED_EDGE ( 'NONE', *, *, #6198, .F. ) ;
#5754 = ORIENTED_EDGE ( 'NONE', *, *, #5823, .T. ) ;
#5755 = CARTESIAN_POINT ( 'NONE',  ( 2.974999999999998300, -0.8885781443239865200, -2.999587534657339700 ) ) ;
#5756 = DIRECTION ( 'NONE',  ( 0.0000000000000000000, 0.0000000000000000000, 1.000000000000000000 ) ) ;
#5757 = FACE_OUTER_BOUND ( 'NONE', #3437, .T. ) ;
#5758 = ORIENTED_EDGE ( 'NONE', *, *, #4709, .F. ) ;
#5759 = VERTEX_POINT ( 'NONE', #2180 ) ;
#5760 = EDGE_CURVE ( 'NONE', #4899, #1886, #1352, .T. ) ;
#5761 = DIRECTION ( 'NONE',  ( 1.000000000000000000, -0.0000000000000000000, -0.0000000000000000000 ) ) ;
#5762 = CARTESIAN_POINT ( 'NONE',  ( -2.975000000000001000, -0.1289223137816567200, -2.627014461887075200 ) ) ;
#5763 = ORIENTED_EDGE ( 'NONE', *, *, #4817, .T. ) ;
#5764 = FACE_OUTER_BOUND ( 'NONE', #7958, .T. ) ;
#5765 = DIRECTION ( 'NONE',  ( -1.000000000000000000, -8.425943506694156900E-032, 4.336808689942019700E-016 ) ) ;
#5766 = VERTEX_POINT ( 'NONE', #4885 ) ;
#5767 = ORIENTED_EDGE ( 'NONE', *, *, #8024, .T. ) ;
#5768 = DIRECTION ( 'NONE',  ( 1.000000000000000000, 0.0000000000000000000, 0.0000000000000000000 ) ) ;
#5769 = EDGE_LOOP ( 'NONE', ( #4005, #3452, #256, #6709 ) ) ;
#5770 = VERTEX_POINT ( 'NONE', #3531 ) ;
#5771 = EDGE_CURVE ( 'NONE', #1864, #2273, #294, .T. ) ;
#5772 = CARTESIAN_POINT ( 'NONE',  ( -3.375000000000001800, -1.123578144323987200, -3.555000000000000200 ) ) ;
#5773 = DIRECTION ( 'NONE',  ( 1.000000000000000000, 0.0000000000000000000, -0.0000000000000000000 ) ) ;
#5774 = CARTESIAN_POINT ( 'NONE',  ( -4.245000000000001000, -0.9235781443239867700, -2.970219047566134300 ) ) ;
#5775 = AXIS2_PLACEMENT_3D ( 'NONE', #3699, #7086, #5066 ) ;
#5776 = VECTOR ( 'NONE', #7481, 1000.000000000000000 ) ;
#5777 = ORIENTED_EDGE ( 'NONE', *, *, #6955, .F. ) ;
#5778 = ADVANCED_FACE ( 'NONE', ( #5935 ), #112, .T. ) ;
#5779 = FACE_OUTER_BOUND ( 'NONE', #1252, .T. ) ;
#5780 = LINE ( 'NONE', #3487, #5051 ) ;
#5781 = ORIENTED_EDGE ( 'NONE', *, *, #440, .T. ) ;
#5782 = PLANE ( 'NONE',  #3288 ) ;
#5783 = ORIENTED_EDGE ( 'NONE', *, *, #674, .T. ) ;
#5784 = DIRECTION ( 'NONE',  ( -1.000000000000000000, 0.0000000000000000000, 0.0000000000000000000 ) ) ;
#5785 = CARTESIAN_POINT ( 'NONE',  ( -4.245000000000001000, -1.123578144323986900, -3.555000000000000200 ) ) ;
#5786 = FACE_OUTER_BOUND ( 'NONE', #4667, .T. ) ;
#5787 = ORIENTED_EDGE ( 'NONE', *, *, #5103, .F. ) ;
#5788 = VERTEX_POINT ( 'NONE', #1479 ) ;
#5789 = ORIENTED_EDGE ( 'NONE', *, *, #8326, .F. ) ;
#5790 = EDGE_LOOP ( 'NONE', ( #7719, #460, #7136, #8407 ) ) ;
#5791 = FACE_OUTER_BOUND ( 'NONE', #2902, .T. ) ;
#5792 = FACE_OUTER_BOUND ( 'NONE', #8753, .T. ) ;
#5793 = CARTESIAN_POINT ( 'NONE',  ( 4.244999999999999200, -1.123578144323986300, -0.005099784264218656100 ) ) ;
#5794 = ORIENTED_EDGE ( 'NONE', *, *, #4545, .T. ) ;
#5795 = DIRECTION ( 'NONE',  ( 0.0000000000000000000, 9.227252531791510400E-016, -1.000000000000000000 ) ) ;
#5796 = ORIENTED_EDGE ( 'NONE', *, *, #5455, .T. ) ;
#5797 = ORIENTED_EDGE ( 'NONE', *, *, #1482, .T. ) ;
#5798 = ORIENTED_EDGE ( 'NONE', *, *, #1664, .T. ) ;
#5799 = ADVANCED_FACE ( 'NONE', ( #7190 ), #3443, .F. ) ;
#5800 = VECTOR ( 'NONE', #1933, 1000.000000000000000 ) ;
#5801 = EDGE_CURVE ( 'NONE', #3475, #2716, #1453, .T. ) ;
#5802 = EDGE_CURVE ( 'NONE', #2082, #7147, #6551, .T. ) ;
#5803 = DIRECTION ( 'NONE',  ( 1.000000000000000000, -0.0000000000000000000, -0.0000000000000000000 ) ) ;
#5804 = ADVANCED_FACE ( 'NONE', ( #8769 ), #6225, .F. ) ;
#5805 = DIRECTION ( 'NONE',  ( 0.0000000000000000000, 0.0000000000000000000, 1.000000000000000000 ) ) ;
#5806 = AXIS2_PLACEMENT_3D ( 'NONE', #5357, #2599, #8070 ) ;
#5807 = VERTEX_POINT ( 'NONE', #1599 ) ;
#5808 = CARTESIAN_POINT ( 'NONE',  ( -7.733763339029309200, -2.049999999999999800, 3.555000000000000200 ) ) ;
#5809 = CARTESIAN_POINT ( 'NONE',  ( -1.705000000000001200, -0.8946558305423296700, -2.965119263301910100 ) ) ;
#5810 = LINE ( 'NONE', #3013, #6316 ) ;
#5811 = DIRECTION ( 'NONE',  ( 0.0000000000000000000, 1.000000000000000000, 0.0000000000000000000 ) ) ;
#5812 = DIRECTION ( 'NONE',  ( 0.0000000000000000000, -1.000000000000000000, 0.0000000000000000000 ) ) ;
#5813 = SURFACE_STYLE_USAGE ( .BOTH. , #1121 ) ;
#5814 = LINE ( 'NONE', #6745, #802 ) ;
#5815 = EDGE_CURVE ( 'NONE', #3319, #2572, #4795, .T. ) ;
#5816 = CARTESIAN_POINT ( 'NONE',  ( -2.975000000000001000, -0.1349999999999994500, -2.592546190531647400 ) ) ;
#5817 = EDGE_CURVE ( 'NONE', #5766, #1422, #703, .T. ) ;
#5818 = SURFACE_STYLE_FILL_AREA ( #518 ) ;
#5819 = DIRECTION ( 'NONE',  ( 8.425943506694156900E-032, 1.000000000000000000, 0.0000000000000000000 ) ) ;
#5820 = VERTEX_POINT ( 'NONE', #6345 ) ;
#5821 = CARTESIAN_POINT ( 'NONE',  ( -2.974999999999999600, -1.123578144323986300, -0.005099784264221048300 ) ) ;
#5822 = DIRECTION ( 'NONE',  ( 0.0000000000000000000, 0.9848077530122073500, -0.1736481776669340500 ) ) ;
#5823 = EDGE_CURVE ( 'NONE', #2955, #4191, #8032, .T. ) ;
#5824 = EDGE_LOOP ( 'NONE', ( #7731, #4842, #3996, #3970 ) ) ;
#5825 = CARTESIAN_POINT ( 'NONE',  ( 2.974999999999998300, -0.1000000000000000100, 1.599999999999999900 ) ) ;
#5826 = ADVANCED_FACE ( 'NONE', ( #2105 ), #502, .T. ) ;
#5827 = LINE ( 'NONE', #8651, #4690 ) ;
#5828 =( LENGTH_UNIT ( ) NAMED_UNIT ( * ) SI_UNIT ( .MILLI., .METRE. ) );
#5829 = CARTESIAN_POINT ( 'NONE',  ( 4.245000000000000100, -0.09419267824826987900, -2.823976012489516600 ) ) ;
#5830 = EDGE_LOOP ( 'NONE', ( #1256, #8212, #5946, #791 ) ) ;
#5831 = AXIS2_PLACEMENT_3D ( 'NONE', #144, #5687, #105 ) ;
#5832 = VERTEX_POINT ( 'NONE', #1638 ) ;
#5833 = LINE ( 'NONE', #6429, #2543 ) ;
#5834 = ADVANCED_FACE ( 'NONE', ( #289 ), #5094, .F. ) ;
#5835 = DIRECTION ( 'NONE',  ( -1.000000000000000000, 0.0000000000000000000, 0.0000000000000000000 ) ) ;
#5836 = CARTESIAN_POINT ( 'NONE',  ( 5.333673019291534700, -1.000000000000000000, 0.0000000000000000000 ) ) ;
#5837 = AXIS2_PLACEMENT_3D ( 'NONE', #8232, #265, #1657 ) ;
#5838 = ADVANCED_FACE ( 'NONE', ( #5929 ), #5656, .T. ) ;
#5839 = VECTOR ( 'NONE', #4695, 1000.000000000000000 ) ;
#5840 = CARTESIAN_POINT ( 'NONE',  ( -2.974999999999999600, -0.9235781443239868800, 3.555000000000000200 ) ) ;
#5841 = CARTESIAN_POINT ( 'NONE',  ( -4.245000000000000100, -0.1000000000000000100, 2.592546190531647400 ) ) ;
#5842 = FACE_OUTER_BOUND ( 'NONE', #7139, .T. ) ;
#5843 = DIRECTION ( 'NONE',  ( -1.000000000000000000, -0.0000000000000000000, -0.0000000000000000000 ) ) ;
#5844 = EDGE_LOOP ( 'NONE', ( #2394, #648, #5586, #4186 ) ) ;
#5845 = DIRECTION ( 'NONE',  ( 0.0000000000000000000, 1.000000000000000000, 2.168404344971009900E-016 ) ) ;
#5846 = DIRECTION ( 'NONE',  ( 4.212971753347078400E-032, -1.000000000000000000, 0.0000000000000000000 ) ) ;
#5847 = AXIS2_PLACEMENT_3D ( 'NONE', #1935, #5355, #6663 ) ;
#5848 = EDGE_LOOP ( 'NONE', ( #1971, #3867, #6163, #7577 ) ) ;
#5849 = ORIENTED_EDGE ( 'NONE', *, *, #7843, .T. ) ;
#5850 = LINE ( 'NONE', #3868, #6357 ) ;
#5851 = CIRCLE ( 'NONE', #7118, 0.03500000000000030900 ) ;
#5852 = CARTESIAN_POINT ( 'NONE',  ( -3.375000000000001300, -0.8946558305423292200, 2.965119263301912300 ) ) ;
#5853 = ORIENTED_EDGE ( 'NONE', *, *, #157, .T. ) ;
#5854 = LINE ( 'NONE', #1792, #3645 ) ;
#5855 = EDGE_LOOP ( 'NONE', ( #1320, #4887, #1470, #3891 ) ) ;
#5856 = FACE_OUTER_BOUND ( 'NONE', #4599, .T. ) ;
#5857 = DIRECTION ( 'NONE',  ( 0.0000000000000000000, 0.9848077530122073500, -0.1736481776669340500 ) ) ;
#5858 = ORIENTED_EDGE ( 'NONE', *, *, #8395, .T. ) ;
#5859 = CARTESIAN_POINT ( 'NONE',  ( -2.105000000000001300, -0.9235781443239867700, 2.970219047566134300 ) ) ;
#5860 = EDGE_LOOP ( 'NONE', ( #1892, #7938, #3777, #5077 ) ) ;
#5861 = ADVANCED_FACE ( 'NONE', ( #2956 ), #4556, .T. ) ;
#5862 = EDGE_CURVE ( 'NONE', #3466, #8726, #3833, .T. ) ;
#5863 = CARTESIAN_POINT ( 'NONE',  ( -0.4350000000000014400, -0.9235781443239867700, -2.999587534657339700 ) ) ;
#5864 = CARTESIAN_POINT ( 'NONE',  ( 0.4349999999999987800, -0.09999999999999925600, 2.592546190531647400 ) ) ;
#5865 = FILL_AREA_STYLE_COLOUR ( '', #1824 ) ;
#5866 = FACE_OUTER_BOUND ( 'NONE', #8485, .T. ) ;
#5867 = CARTESIAN_POINT ( 'NONE',  ( 3.374999999999999600, -0.1000000000000000100, 1.599999999999999900 ) ) ;
#5868 = VERTEX_POINT ( 'NONE', #2467 ) ;
#5869 = EDGE_LOOP ( 'NONE', ( #5721, #1083, #2404, #6923 ) ) ;
#5870 = EDGE_CURVE ( 'NONE', #8118, #2544, #7929, .T. ) ;
#5871 = LINE ( 'NONE', #6473, #2254 ) ;
#5872 = DIRECTION ( 'NONE',  ( 0.0000000000000000000, 0.0000000000000000000, -1.000000000000000000 ) ) ;
#5873 = DIRECTION ( 'NONE',  ( 1.000000000000000000, 0.0000000000000000000, 0.0000000000000000000 ) ) ;
#5874 = DIRECTION ( 'NONE',  ( -1.000000000000000000, 0.0000000000000000000, 0.0000000000000000000 ) ) ;
#5875 = EDGE_CURVE ( 'NONE', #4396, #934, #3619, .T. ) ;
#5876 = LINE ( 'NONE', #218, #449 ) ;
#5877 = LINE ( 'NONE', #2724, #6808 ) ;
#5878 = ORIENTED_EDGE ( 'NONE', *, *, #1761, .T. ) ;
#5879 = VERTEX_POINT ( 'NONE', #6567 ) ;
#5880 = ADVANCED_FACE ( 'NONE', ( #1994 ), #504, .T. ) ;
#5881 = ORIENTED_EDGE ( 'NONE', *, *, #5278, .F. ) ;
#5882 = LINE ( 'NONE', #2971, #2480 ) ;
#5883 = DIRECTION ( 'NONE',  ( 1.000000000000000000, 0.0000000000000000000, 0.0000000000000000000 ) ) ;
#5884 = ORIENTED_EDGE ( 'NONE', *, *, #6542, .F. ) ;
#5885 = ORIENTED_EDGE ( 'NONE', *, *, #737, .F. ) ;
#5886 = VERTEX_POINT ( 'NONE', #5293 ) ;
#5887 = FACE_OUTER_BOUND ( 'NONE', #826, .T. ) ;
#5888 = EDGE_LOOP ( 'NONE', ( #6388, #6773, #6626, #3281 ) ) ;
#5889 = EDGE_CURVE ( 'NONE', #568, #4191, #6036, .T. ) ;
#5890 = AXIS2_PLACEMENT_3D ( 'NONE', #1609, #7058, #864 ) ;
#5891 = VECTOR ( 'NONE', #4477, 1000.000000000000000 ) ;
#5892 = DIRECTION ( 'NONE',  ( 0.0000000000000000000, 0.0000000000000000000, 1.000000000000000000 ) ) ;
#5893 = DIRECTION ( 'NONE',  ( 4.336808689942019700E-016, -2.168404344971009900E-016, 1.000000000000000000 ) ) ;
#5894 = CARTESIAN_POINT ( 'NONE',  ( -4.645000000000001400, -0.1349999999999994500, 2.592546190531647400 ) ) ;
#5895 = EDGE_CURVE ( 'NONE', #4737, #3026, #6136, .T. ) ;
#5896 = LINE ( 'NONE', #3346, #570 ) ;
#5897 = ORIENTED_EDGE ( 'NONE', *, *, #2619, .F. ) ;
#5898 = PLANE ( 'NONE',  #1795 ) ;
#5899 = EDGE_LOOP ( 'NONE', ( #3132, #5787, #3109, #1778 ) ) ;
#5900 = VECTOR ( 'NONE', #3440, 1000.000000000000000 ) ;
#5901 = VECTOR ( 'NONE', #5995, 1000.000000000000000 ) ;
#5902 = CARTESIAN_POINT ( 'NONE',  ( 2.104999999999999100, -1.123578144323986900, -2.999587534657339700 ) ) ;
#5903 = ORIENTED_EDGE ( 'NONE', *, *, #5631, .T. ) ;
#5904 = DIRECTION ( 'NONE',  ( 1.000000000000000000, 0.0000000000000000000, 0.0000000000000000000 ) ) ;
#5905 = ORIENTED_EDGE ( 'NONE', *, *, #4296, .F. ) ;
#5906 = CARTESIAN_POINT ( 'NONE',  ( -4.645000000000001400, -0.06527036446661303700, -2.818876228225294200 ) ) ;
#5907 = VERTEX_POINT ( 'NONE', #6657 ) ;
#5908 = DIRECTION ( 'NONE',  ( -1.000000000000000000, 0.0000000000000000000, 0.0000000000000000000 ) ) ;
#5909 = AXIS2_PLACEMENT_3D ( 'NONE', #5666, #4221, #8240 ) ;
#5910 = VECTOR ( 'NONE', #2181, 1000.000000000000000 ) ;
#5911 = DIRECTION ( 'NONE',  ( 0.0000000000000000000, -0.0000000000000000000, 1.000000000000000000 ) ) ;
#5912 = DIRECTION ( 'NONE',  ( 1.000000000000000000, -0.0000000000000000000, -0.0000000000000000000 ) ) ;
#5913 = ADVANCED_FACE ( 'NONE', ( #178 ), #7229, .T. ) ;
#5914 = CARTESIAN_POINT ( 'NONE',  ( -3.375000000000001300, 0.1000000000000000100, 1.599999999999999900 ) ) ;
#5915 = CARTESIAN_POINT ( 'NONE',  ( -2.105000000000001300, 0.1000000000000000100, -1.599999999999999900 ) ) ;
#5916 = EDGE_CURVE ( 'NONE', #3769, #3205, #6757, .T. ) ;
#5917 = LINE ( 'NONE', #4366, #4154 ) ;
#5918 = EDGE_CURVE ( 'NONE', #1964, #7745, #921, .T. ) ;
#5919 = DIRECTION ( 'NONE',  ( 0.0000000000000000000, -0.1736481776669339900, 0.9848077530122073500 ) ) ;
#5920 = CARTESIAN_POINT ( 'NONE',  ( -0.4350000000000005000, -0.06527036446661323200, 2.818876228225292800 ) ) ;
#5921 = VECTOR ( 'NONE', #5098, 1000.000000000000000 ) ;
#5922 = CARTESIAN_POINT ( 'NONE',  ( -3.375000000000001300, -0.1000000000000000100, -1.599999999999999900 ) ) ;
#5923 = CARTESIAN_POINT ( 'NONE',  ( -1.705000000000000300, -0.8946558305423297800, 2.965119263301910100 ) ) ;
#5924 = ADVANCED_FACE ( 'NONE', ( #401 ), #5722, .T. ) ;
#5925 = CARTESIAN_POINT ( 'NONE',  ( -0.4350000000000005000, -0.8946558305423294400, 2.965119263301911400 ) ) ;
#5926 = CARTESIAN_POINT ( 'NONE',  ( 2.974999999999998300, -0.8885781443239865200, -2.999587534657339700 ) ) ;
#5927 = ORIENTED_EDGE ( 'NONE', *, *, #4864, .F. ) ;
#5928 = EDGE_CURVE ( 'NONE', #3792, #8675, #5827, .T. ) ;
#5929 = FACE_OUTER_BOUND ( 'NONE', #6994, .T. ) ;
#5930 = CARTESIAN_POINT ( 'NONE',  ( 3.375000000000000000, -0.9235781443239869900, 3.970219047566133900 ) ) ;
#5931 = PLANE ( 'NONE',  #5464 ) ;
#5932 = VERTEX_POINT ( 'NONE', #5317 ) ;
#5933 = CARTESIAN_POINT ( 'NONE',  ( 4.245000000000000100, -0.1000000000000000100, -1.599999999999999900 ) ) ;
#5934 = ORIENTED_EDGE ( 'NONE', *, *, #7959, .F. ) ;
#5935 = FACE_OUTER_BOUND ( 'NONE', #5824, .T. ) ;
#5936 = EDGE_CURVE ( 'NONE', #8005, #512, #7180, .T. ) ;
#5937 = DIRECTION ( 'NONE',  ( 0.0000000000000000000, 0.0000000000000000000, 1.000000000000000000 ) ) ;
#5938 = ORIENTED_EDGE ( 'NONE', *, *, #5593, .T. ) ;
#5939 = CIRCLE ( 'NONE', #2138, 0.03500000000000030900 ) ;
#5940 = VECTOR ( 'NONE', #8446, 1000.000000000000200 ) ;
#5941 = DIRECTION ( 'NONE',  ( 0.0000000000000000000, 0.0000000000000000000, 1.000000000000000000 ) ) ;
#5942 = CARTESIAN_POINT ( 'NONE',  ( 0.8349999999999999600, -0.9235781443239868800, 3.555000000000000200 ) ) ;
#5943 = ADVANCED_FACE ( 'NONE', ( #2846 ), #8028, .T. ) ;
#5944 = AXIS2_PLACEMENT_3D ( 'NONE', #4070, #1317, #8695 ) ;
#5945 = CARTESIAN_POINT ( 'NONE',  ( 5.271510860677125300, -1.352539120018100300, 2.061510860677125700 ) ) ;
#5946 = ORIENTED_EDGE ( 'NONE', *, *, #4527, .T. ) ;
#5947 = LINE ( 'NONE', #2236, #8479 ) ;
#5948 = CIRCLE ( 'NONE', #5192, 0.2350000000000004000 ) ;
#5949 = ORIENTED_EDGE ( 'NONE', *, *, #5343, .T. ) ;
#5950 = PLANE ( 'NONE',  #4514 ) ;
#5951 = LINE ( 'NONE', #6014, #4400 ) ;
#5952 = APPLICATION_PROTOCOL_DEFINITION ( 'draft international standard', 'automotive_design', 1998, #8716 ) ;
#5953 = ORIENTED_EDGE ( 'NONE', *, *, #5174, .F. ) ;
#5954 = CARTESIAN_POINT ( 'NONE',  ( 0.8349999999999999600, -1.123578144323987200, 3.555000000000000200 ) ) ;
#5955 = VECTOR ( 'NONE', #2895, 1000.000000000000000 ) ;
#5956 = VERTEX_POINT ( 'NONE', #2585 ) ;
#5957 = EDGE_CURVE ( 'NONE', #3716, #5298, #1779, .T. ) ;
#5958 = DIRECTION ( 'NONE',  ( -1.000000000000000000, 0.0000000000000000000, 0.0000000000000000000 ) ) ;
#5959 = AXIS2_PLACEMENT_3D ( 'NONE', #2446, #2533, #1817 ) ;
#5960 = CARTESIAN_POINT ( 'NONE',  ( -0.8350000000000015200, -0.09419267824827008700, -2.823976012489515200 ) ) ;
#5961 = AXIS2_PLACEMENT_3D ( 'NONE', #1241, #6638, #6701 ) ;
#5962 = VECTOR ( 'NONE', #3742, 1000.000000000000000 ) ;
#5963 = DIRECTION ( 'NONE',  ( 0.0000000000000000000, 7.744301232039248600E-016, -1.000000000000000000 ) ) ;
#5964 = ORIENTED_EDGE ( 'NONE', *, *, #1394, .F. ) ;
#5965 = CARTESIAN_POINT ( 'NONE',  ( 3.374999999999998700, -0.8946558305423296700, -2.965119263301910100 ) ) ;
#5966 = CARTESIAN_POINT ( 'NONE',  ( 0.0000000000000000000, 0.4800880834868125900, -2.519629497316660900 ) ) ;
#5967 = CARTESIAN_POINT ( 'NONE',  ( 0.4349999999999987800, 0.1000000000000000100, 1.599999999999999900 ) ) ;
#5968 = PLANE ( 'NONE',  #8554 ) ;
#5969 = FACE_OUTER_BOUND ( 'NONE', #4922, .T. ) ;
#5970 = ORIENTED_EDGE ( 'NONE', *, *, #5180, .T. ) ;
#5971 = ORIENTED_EDGE ( 'NONE', *, *, #155, .T. ) ;
#5972 = DIRECTION ( 'NONE',  ( 1.000000000000000000, -0.0000000000000000000, -0.0000000000000000000 ) ) ;
#5973 = EDGE_CURVE ( 'NONE', #985, #3769, #605, .T. ) ;
#5974 = LINE ( 'NONE', #2820, #7970 ) ;
#5975 = VERTEX_POINT ( 'NONE', #5375 ) ;
#5976 = ORIENTED_EDGE ( 'NONE', *, *, #3773, .F. ) ;
#5977 = CARTESIAN_POINT ( 'NONE',  ( 1.704999999999999000, -0.09999999999999925600, -2.592546190531647400 ) ) ;
#5978 = CARTESIAN_POINT ( 'NONE',  ( -4.645000000000001400, -0.8946558305423294400, 2.965119263301911400 ) ) ;
#5979 = DIRECTION ( 'NONE',  ( -1.000000000000000000, 0.0000000000000000000, 0.0000000000000000000 ) ) ;
#5980 = CIRCLE ( 'NONE', #3807, 0.2350000000000004000 ) ;
#5981 = EDGE_CURVE ( 'NONE', #5379, #152, #2311, .T. ) ;
#5982 = ORIENTED_EDGE ( 'NONE', *, *, #4987, .F. ) ;
#5983 = ORIENTED_EDGE ( 'NONE', *, *, #58, .T. ) ;
#5984 = VECTOR ( 'NONE', #2437, 1000.000000000000200 ) ;
#5985 = VECTOR ( 'NONE', #4346, 1000.000000000000000 ) ;
#5986 = DIRECTION ( 'NONE',  ( 0.0000000000000000000, 0.9848077530122073500, -0.1736481776669340500 ) ) ;
#5987 = ORIENTED_EDGE ( 'NONE', *, *, #1894, .F. ) ;
#5988 = EDGE_CURVE ( 'NONE', #4880, #318, #6337, .T. ) ;
#5989 = VERTEX_POINT ( 'NONE', #8170 ) ;
#5990 = LINE ( 'NONE', #5922, #884 ) ;
#5991 = ADVANCED_FACE ( 'NONE', ( #2525 ), #2637, .T. ) ;
#5992 = ORIENTED_EDGE ( 'NONE', *, *, #2209, .F. ) ;
#5993 = ORIENTED_EDGE ( 'NONE', *, *, #365, .F. ) ;
#5994 = EDGE_LOOP ( 'NONE', ( #8673, #6788, #5341, #5173 ) ) ;
#5995 = DIRECTION ( 'NONE',  ( 1.000000000000000000, 0.0000000000000000000, 0.0000000000000000000 ) ) ;
#5996 = LINE ( 'NONE', #5718, #575 ) ;
#5997 = LINE ( 'NONE', #3296, #2386 ) ;
#5998 = EDGE_LOOP ( 'NONE', ( #7657, #3316, #7650, #1288 ) ) ;
#5999 = DIRECTION ( 'NONE',  ( 1.000000000000000000, 0.0000000000000000000, 0.0000000000000000000 ) ) ;
#6000 = ORIENTED_EDGE ( 'NONE', *, *, #348, .F. ) ;
#6001 = EDGE_CURVE ( 'NONE', #8706, #5576, #5216, .T. ) ;
#6002 = CARTESIAN_POINT ( 'NONE',  ( -0.4350000000000013900, -0.9293854660757164800, -2.768157712699470100 ) ) ;
#6003 = ORIENTED_EDGE ( 'NONE', *, *, #4296, .T. ) ;
#6004 = DIRECTION ( 'NONE',  ( -1.000000000000000000, -1.263891526004123500E-031, 6.505213034913029600E-016 ) ) ;
#6005 = CARTESIAN_POINT ( 'NONE',  ( 3.374999999999998700, -0.1000000000000000100, -2.825000000000000200 ) ) ;
#6006 = DIRECTION ( 'NONE',  ( -2.168404344971009900E-016, 0.0000000000000000000, -1.000000000000000000 ) ) ;
#6007 = CARTESIAN_POINT ( 'NONE',  ( 0.8350000000000000800, -1.123578144323987200, 3.970219047566133900 ) ) ;
#6008 = LINE ( 'NONE', #8094, #4871 ) ;
#6009 = DIRECTION ( 'NONE',  ( 0.0000000000000000000, -0.1736481776669340800, -0.9848077530122074700 ) ) ;
#6010 = ORIENTED_EDGE ( 'NONE', *, *, #8283, .F. ) ;
#6011 = DIRECTION ( 'NONE',  ( -1.000000000000000000, 0.0000000000000000000, 0.0000000000000000000 ) ) ;
#6012 = DIRECTION ( 'NONE',  ( 6.505213034913029600E-016, -2.168404344971009900E-016, 1.000000000000000000 ) ) ;
#6013 = ORIENTED_EDGE ( 'NONE', *, *, #1123, .T. ) ;
#6014 = CARTESIAN_POINT ( 'NONE',  ( 0.4349999999999988900, -1.123578144323986900, 2.999587534657339700 ) ) ;
#6015 = FACE_OUTER_BOUND ( 'NONE', #5380, .T. ) ;
#6016 = CARTESIAN_POINT ( 'NONE',  ( -4.245000000000000100, 0.1000000000000007500, -2.592546190531647400 ) ) ;
#6018 = ADVANCED_FACE ( 'NONE', ( #2205 ), #7427, .F. ) ;
#6017 = AXIS2_PLACEMENT_3D ( 'NONE', #2350, #2387, #8447 ) ;
#6019 = AXIS2_PLACEMENT_3D ( 'NONE', #226, #2256, #7729 ) ;
#6020 = AXIS2_PLACEMENT_3D ( 'NONE', #895, #918, #6988 ) ;
#6021 = VECTOR ( 'NONE', #6301, 1000.000000000000000 ) ;
#6022 = PLANE ( 'NONE',  #8765 ) ;
#6023 = DIRECTION ( 'NONE',  ( 1.000000000000000000, -0.0000000000000000000, -0.0000000000000000000 ) ) ;
#6024 = CARTESIAN_POINT ( 'NONE',  ( -1.705000000000001200, -1.123578144323986900, -2.999587534657339700 ) ) ;
#6025 = CARTESIAN_POINT ( 'NONE',  ( -2.105000000000001300, -0.8885781443239865200, -2.999587534657339700 ) ) ;
#6026 = CARTESIAN_POINT ( 'NONE',  ( -0.4350000000000013900, -0.1349999999999994500, -2.592546190531647400 ) ) ;
#6027 = EDGE_CURVE ( 'NONE', #5832, #2635, #1554, .T. ) ;
#6028 = DIRECTION ( 'NONE',  ( -1.000000000000000000, 8.425943506694156900E-032, 4.336808689942019700E-016 ) ) ;
#6029 = ORIENTED_EDGE ( 'NONE', *, *, #5366, .T. ) ;
#6030 = FACE_OUTER_BOUND ( 'NONE', #4535, .T. ) ;
#6031 = DIRECTION ( 'NONE',  ( 1.000000000000000000, 0.0000000000000000000, -0.0000000000000000000 ) ) ;
#6032 = CARTESIAN_POINT ( 'NONE',  ( -0.4350000000000005000, -0.06527036446661303700, 2.818876228225294200 ) ) ;
#6033 = VERTEX_POINT ( 'NONE', #6122 ) ;
#6034 = ADVANCED_FACE ( 'NONE', ( #1346 ), #5489, .T. ) ;
#6035 = EDGE_CURVE ( 'NONE', #7680, #3798, #7288, .T. ) ;
#6036 = LINE ( 'NONE', #3747, #2426 ) ;
#6037 = DIRECTION ( 'NONE',  ( -1.000000000000000000, 0.0000000000000000000, 0.0000000000000000000 ) ) ;
#6038 = CARTESIAN_POINT ( 'NONE',  ( 0.4349999999999987800, -0.9293854660757160400, -2.768157712699471000 ) ) ;
#6039 = DIRECTION ( 'NONE',  ( -1.000000000000000000, 0.0000000000000000000, 0.0000000000000000000 ) ) ;
#6040 = EDGE_CURVE ( 'NONE', #420, #1834, #8558, .T. ) ;
#6041 = VERTEX_POINT ( 'NONE', #7516 ) ;
#6042 = CARTESIAN_POINT ( 'NONE',  ( 0.0000000000000000000, 0.0000000000000000000, 0.0000000000000000000 ) ) ;
#6043 = ORIENTED_EDGE ( 'NONE', *, *, #7916, .T. ) ;
#6044 = PRESENTATION_STYLE_ASSIGNMENT (( #7167 ) ) ;
#6045 = CARTESIAN_POINT ( 'NONE',  ( 4.645000000000001400, -0.1289223137816569700, -2.627014461887073900 ) ) ;
#6046 = CARTESIAN_POINT ( 'NONE',  ( 0.4349999999999987800, -0.8885781443239865200, -2.999587534657339700 ) ) ;
#6047 = ORIENTED_EDGE ( 'NONE', *, *, #787, .T. ) ;
#6048 = VECTOR ( 'NONE', #6658, 1000.000000000000000 ) ;
#6049 = LINE ( 'NONE', #6424, #4601 ) ;
#6050 = DIRECTION ( 'NONE',  ( -0.0000000000000000000, -0.9848077530122073500, 0.1736481776669340500 ) ) ;
#6051 = EDGE_CURVE ( 'NONE', #7867, #5268, #4787, .T. ) ;
#6052 = AXIS2_PLACEMENT_3D ( 'NONE', #381, #4432, #4510 ) ;
#6053 = ORIENTED_EDGE ( 'NONE', *, *, #1980, .T. ) ;
#6054 = ORIENTED_EDGE ( 'NONE', *, *, #4389, .F. ) ;
#6055 = DIRECTION ( 'NONE',  ( -1.000000000000000000, 0.0000000000000000000, 0.0000000000000000000 ) ) ;
#6056 = AXIS2_PLACEMENT_3D ( 'NONE', #6827, #4859, #1974 ) ;
#6057 = EDGE_CURVE ( 'NONE', #2758, #6755, #7494, .T. ) ;
#6058 = CARTESIAN_POINT ( 'NONE',  ( 0.0000000000000000000, -0.9235781443239868800, -3.555000000000000200 ) ) ;
#6059 = ADVANCED_FACE ( 'NONE', ( #1027 ), #1535, .T. ) ;
#6060 = ORIENTED_EDGE ( 'NONE', *, *, #6520, .F. ) ;
#6061 = CARTESIAN_POINT ( 'NONE',  ( -4.645000000000001400, -0.1289223137816567200, -2.627014461887075200 ) ) ;
#6062 = CARTESIAN_POINT ( 'NONE',  ( 4.645000000000001400, -0.8946558305423294400, -2.965119263301911400 ) ) ;
#6063 = LINE ( 'NONE', #5208, #8059 ) ;
#6064 = VECTOR ( 'NONE', #2935, 1000.000000000000000 ) ;
#6065 = CARTESIAN_POINT ( 'NONE',  ( 2.105000000000000400, -0.9235781443239868800, 3.555000000000000200 ) ) ;
#6066 = LINE ( 'NONE', #3143, #1151 ) ;
#6067 = DIRECTION ( 'NONE',  ( 0.0000000000000000000, 0.9848077530122073500, -0.1736481776669340500 ) ) ;
#6068 = AXIS2_PLACEMENT_3D ( 'NONE', #3721, #297, #1666 ) ;
#6069 = ORIENTED_EDGE ( 'NONE', *, *, #4702, .F. ) ;
#6070 = CARTESIAN_POINT ( 'NONE',  ( 0.0000000000000000000, 0.5148177190201993500, 2.716591047919102200 ) ) ;
#6071 = DIRECTION ( 'NONE',  ( -1.000000000000000000, -0.0000000000000000000, -0.0000000000000000000 ) ) ;
#6072 = LINE ( 'NONE', #7815, #1590 ) ;
#6073 = CARTESIAN_POINT ( 'NONE',  ( 0.4349999999999987800, -0.8946558305423294400, -2.965119263301911400 ) ) ;
#6074 = AXIS2_PLACEMENT_3D ( 'NONE', #103, #4262, #2217 ) ;
#6075 = ORIENTED_EDGE ( 'NONE', *, *, #8159, .F. ) ;
#6076 = ORIENTED_EDGE ( 'NONE', *, *, #1515, .F. ) ;
#6077 = VECTOR ( 'NONE', #4993, 1000.000000000000000 ) ;
#6078 = EDGE_CURVE ( 'NONE', #6087, #7199, #4476, .T. ) ;
#6079 = DIRECTION ( 'NONE',  ( -7.718471311135977400E-032, -1.000000000000000000, 2.832769448823989800E-016 ) ) ;
#6080 = CARTESIAN_POINT ( 'NONE',  ( 3.375000000000000000, -1.123578144323987200, 3.555000000000000200 ) ) ;
#6081 = EDGE_CURVE ( 'NONE', #420, #263, #6229, .T. ) ;
#6082 = VERTEX_POINT ( 'NONE', #4238 ) ;
#6083 = DIRECTION ( 'NONE',  ( 0.0000000000000000000, 7.744301232039248600E-016, -1.000000000000000000 ) ) ;
#6084 = CYLINDRICAL_SURFACE ( 'NONE', #1901, 0.2350000000000002400 ) ;
#6085 = AXIS2_PLACEMENT_3D ( 'NONE', #8687, #3256, #5412 ) ;
#6086 = VECTOR ( 'NONE', #1548, 1000.000000000000000 ) ;
#6087 = VERTEX_POINT ( 'NONE', #6859 ) ;
#6088 = ORIENTED_EDGE ( 'NONE', *, *, #7389, .T. ) ;
#6089 = DIRECTION ( 'NONE',  ( -1.000000000000000000, 0.0000000000000000000, 0.0000000000000000000 ) ) ;
#6090 = VECTOR ( 'NONE', #2903, 1000.000000000000000 ) ;
#6091 = VECTOR ( 'NONE', #3060, 1000.000000000000000 ) ;
#6092 = DIRECTION ( 'NONE',  ( 1.000000000000000000, -0.0000000000000000000, -0.0000000000000000000 ) ) ;
#6093 = ORIENTED_EDGE ( 'NONE', *, *, #1236, .F. ) ;
#6094 = SURFACE_SIDE_STYLE ('',( #3847 ) ) ;
#6095 = EDGE_LOOP ( 'NONE', ( #3735, #255, #6395, #5758 ) ) ;
#6096 = DIRECTION ( 'NONE',  ( 1.000000000000000000, -0.0000000000000000000, -0.0000000000000000000 ) ) ;
#6097 = ORIENTED_EDGE ( 'NONE', *, *, #5058, .T. ) ;
#6098 = VECTOR ( 'NONE', #5819, 1000.000000000000000 ) ;
#6099 = ORIENTED_EDGE ( 'NONE', *, *, #354, .T. ) ;
#6100 = EDGE_CURVE ( 'NONE', #1760, #8614, #8341, .T. ) ;
#6101 = EDGE_LOOP ( 'NONE', ( #7264, #7828, #7928, #1107 ) ) ;
#6102 = ORIENTED_EDGE ( 'NONE', *, *, #3061, .T. ) ;
#6103 = LINE ( 'NONE', #8498, #4227 ) ;
#6104 = LINE ( 'NONE', #1108, #244 ) ;
#6105 = DIRECTION ( 'NONE',  ( 0.0000000000000000000, 1.000000000000000000, 0.0000000000000000000 ) ) ;
#6106 = PLANE ( 'NONE',  #2828 ) ;
#6107 = VECTOR ( 'NONE', #1593, 1000.000000000000200 ) ;
#6108 = EDGE_LOOP ( 'NONE', ( #752, #4325, #849, #4698 ) ) ;
#6109 = ORIENTED_EDGE ( 'NONE', *, *, #714, .F. ) ;
#6110 = VERTEX_POINT ( 'NONE', #3620 ) ;
#6111 = LINE ( 'NONE', #2929, #1101 ) ;
#6112 = CIRCLE ( 'NONE', #4246, 0.2350000000000004000 ) ;
#6113 = ORIENTED_EDGE ( 'NONE', *, *, #8162, .T. ) ;
#6114 = ORIENTED_EDGE ( 'NONE', *, *, #7327, .F. ) ;
#6115 = EDGE_CURVE ( 'NONE', #7270, #4374, #2739, .T. ) ;
#6116 = ORIENTED_EDGE ( 'NONE', *, *, #6373, .T. ) ;
#6117 = EDGE_LOOP ( 'NONE', ( #1282, #7769, #6495, #7208 ) ) ;
#6118 = VECTOR ( 'NONE', #392, 1000.000000000000000 ) ;
#6119 = DIRECTION ( 'NONE',  ( 0.0000000000000000000, 0.0000000000000000000, -1.000000000000000000 ) ) ;
#6120 = CARTESIAN_POINT ( 'NONE',  ( 2.104999999999999100, -0.9235781443239868800, -3.555000000000000200 ) ) ;
#6121 = AXIS2_PLACEMENT_3D ( 'NONE', #680, #2021, #5430 ) ;
#6122 = CARTESIAN_POINT ( 'NONE',  ( -0.8350000000000015200, -0.1000000000000000100, -1.599999999999999900 ) ) ;
#6123 = FILL_AREA_STYLE_COLOUR ( '', #1905 ) ;
#6124 = DIRECTION ( 'NONE',  ( 1.000000000000000000, 0.0000000000000000000, 0.0000000000000000000 ) ) ;
#6125 = LINE ( 'NONE', #5325, #7052 ) ;
#6126 = ADVANCED_FACE ( 'NONE', ( #7821 ), #6276, .F. ) ;
#6127 = DIRECTION ( 'NONE',  ( 0.0000000000000000000, -0.9848077530122073500, 0.1736481776669340500 ) ) ;
#6128 = DIRECTION ( 'NONE',  ( -4.336808689942019700E-016, -2.168404344971009900E-016, -1.000000000000000000 ) ) ;
#6129 = PLANE ( 'NONE',  #8671 ) ;
#6130 = LINE ( 'NONE', #8134, #2732 ) ;
#6131 = CARTESIAN_POINT ( 'NONE',  ( 5.333673019291534700, 1.000000000000000000, 0.0000000000000000000 ) ) ;
#6132 = DIRECTION ( 'NONE',  ( 1.000000000000000000, 0.0000000000000000000, 0.0000000000000000000 ) ) ;
#6133 = ORIENTED_EDGE ( 'NONE', *, *, #8340, .T. ) ;
#6134 = DIRECTION ( 'NONE',  ( 0.0000000000000000000, 0.7660444431189772400, -0.6427876096865402500 ) ) ;
#6135 = CARTESIAN_POINT ( 'NONE',  ( -1.705000000000001200, -0.1289223137816567200, -2.627014461887075200 ) ) ;
#6136 = LINE ( 'NONE', #4445, #8762 ) ;
#6137 = CARTESIAN_POINT ( 'NONE',  ( -2.105000000000001300, -0.1000000000000000100, -1.599999999999999900 ) ) ;
#6138 =( LENGTH_UNIT ( ) NAMED_UNIT ( * ) SI_UNIT ( .MILLI., .METRE. ) );
#6139 = VERTEX_POINT ( 'NONE', #3548 ) ;
#6140 = EDGE_CURVE ( 'NONE', #899, #6767, #6949, .T. ) ;
#6141 = FACE_OUTER_BOUND ( 'NONE', #8408, .T. ) ;
#6142 = DIRECTION ( 'NONE',  ( -0.0000000000000000000, -0.9848077530122073500, 0.1736481776669340500 ) ) ;
#6143 = DIRECTION ( 'NONE',  ( 0.0000000000000000000, -0.1736481776669340800, 0.9848077530122074700 ) ) ;
#6144 = DIRECTION ( 'NONE',  ( 0.0000000000000000000, 0.0000000000000000000, 1.000000000000000000 ) ) ;
#6145 = DIRECTION ( 'NONE',  ( 0.0000000000000000000, 1.000000000000000000, 0.0000000000000000000 ) ) ;
#6146 = EDGE_CURVE ( 'NONE', #7413, #2593, #1446, .T. ) ;
#6147 = EDGE_LOOP ( 'NONE', ( #4728, #1098, #1524, #3078 ) ) ;
#6148 = VECTOR ( 'NONE', #813, 1000.000000000000200 ) ;
#6149 = ADVANCED_FACE ( 'NONE', ( #3386 ), #7068, .F. ) ;
#6150 = EDGE_LOOP ( 'NONE', ( #2691, #159, #90, #2794 ) ) ;
#6151 = DIRECTION ( 'NONE',  ( 0.0000000000000000000, 0.9848077530122073500, -0.1736481776669340500 ) ) ;
#6152 = CARTESIAN_POINT ( 'NONE',  ( 4.245000000000000100, -0.1000000000000000100, -1.599999999999999900 ) ) ;
#6153 = EDGE_CURVE ( 'NONE', #7661, #7782, #6641, .T. ) ;
#6154 = ORIENTED_EDGE ( 'NONE', *, *, #6857, .F. ) ;
#6155 =( NAMED_UNIT ( * ) SI_UNIT ( $, .STERADIAN. ) SOLID_ANGLE_UNIT ( ) );
#6156 = VECTOR ( 'NONE', #5893, 1000.000000000000000 ) ;
#6157 = VECTOR ( 'NONE', #6629, 1000.000000000000000 ) ;
#6158 = LINE ( 'NONE', #3939, #3191 ) ;
#6159 = EDGE_CURVE ( 'NONE', #2381, #4012, #2625, .T. ) ;
#6160 = ORIENTED_EDGE ( 'NONE', *, *, #3662, .F. ) ;
#6161 = VECTOR ( 'NONE', #789, 1000.000000000000200 ) ;
#6162 = SURFACE_SIDE_STYLE ('',( #4753 ) ) ;
#6163 = ORIENTED_EDGE ( 'NONE', *, *, #6100, .F. ) ;
#6164 = CARTESIAN_POINT ( 'NONE',  ( 4.245000000000000100, -0.8885781443239865200, 2.999587534657339700 ) ) ;
#6165 = DIRECTION ( 'NONE',  ( -1.000000000000000000, -0.0000000000000000000, -0.0000000000000000000 ) ) ;
#6166 = CARTESIAN_POINT ( 'NONE',  ( -1.705000000000001200, -1.123578144323986900, -2.999587534657339700 ) ) ;
#6167 = DIRECTION ( 'NONE',  ( -0.0000000000000000000, 1.084202172485504900E-016, -1.000000000000000000 ) ) ;
#6168 = CIRCLE ( 'NONE', #6880, 0.03500000000000030900 ) ;
#6169 = DIRECTION ( 'NONE',  ( 1.000000000000000000, 0.0000000000000000000, -7.080503983578802800E-016 ) ) ;
#6170 = MECHANICAL_DESIGN_GEOMETRIC_PRESENTATION_REPRESENTATION (  '', ( #817 ), #2370 ) ;
#6171 = ORIENTED_EDGE ( 'NONE', *, *, #4486, .F. ) ;
#6172 = CARTESIAN_POINT ( 'NONE',  ( 0.4349999999999987800, -0.8885781443239865200, -2.999587534657339700 ) ) ;
#6173 = DIRECTION ( 'NONE',  ( 0.0000000000000000000, -2.168404344971009900E-016, 1.000000000000000000 ) ) ;
#6174 = SURFACE_STYLE_USAGE ( .BOTH. , #55 ) ;
#6175 = CARTESIAN_POINT ( 'NONE',  ( -0.8350000000000017400, -0.9235781443239869900, -3.970219047566133900 ) ) ;
#6176 = VECTOR ( 'NONE', #6105, 1000.000000000000000 ) ;
#6177 = ORIENTED_EDGE ( 'NONE', *, *, #7493, .F. ) ;
#6178 = VERTEX_POINT ( 'NONE', #2292 ) ;
#6179 = LINE ( 'NONE', #2541, #5567 ) ;
#6180 = EDGE_CURVE ( 'NONE', #2825, #2088, #7067, .T. ) ;
#6181 = VERTEX_POINT ( 'NONE', #290 ) ;
#6182 = LINE ( 'NONE', #7448, #5776 ) ;
#6183 = ORIENTED_EDGE ( 'NONE', *, *, #6248, .T. ) ;
#6184 = FACE_OUTER_BOUND ( 'NONE', #2996, .T. ) ;
#6185 = LINE ( 'NONE', #5152, #6298 ) ;
#6186 = ORIENTED_EDGE ( 'NONE', *, *, #3431, .F. ) ;
#6187 = CARTESIAN_POINT ( 'NONE',  ( 2.974999999999998300, -0.8946558305423296700, 2.965119263301910100 ) ) ;
#6188 = VECTOR ( 'NONE', #526, 1000.000000000000000 ) ;
#6189 = PLANE ( 'NONE',  #138 ) ;
#6190 = ORIENTED_EDGE ( 'NONE', *, *, #8615, .T. ) ;
#6191 = ORIENTED_EDGE ( 'NONE', *, *, #4777, .F. ) ;
#6192 = EDGE_LOOP ( 'NONE', ( #1126, #731, #4435, #5483 ) ) ;
#6193 = DIRECTION ( 'NONE',  ( 0.0000000000000000000, 0.0000000000000000000, 1.000000000000000000 ) ) ;
#6194 = CARTESIAN_POINT ( 'NONE',  ( -3.375000000000001300, 0.1000000000000000200, -2.592546190531647400 ) ) ;
#6195 = DIRECTION ( 'NONE',  ( -1.000000000000000000, -0.0000000000000000000, -0.0000000000000000000 ) ) ;
#6196 = CIRCLE ( 'NONE', #3760, 0.2350000000000004000 ) ;
#6197 = ORIENTED_EDGE ( 'NONE', *, *, #5174, .T. ) ;
#6198 = EDGE_CURVE ( 'NONE', #1519, #1401, #2947, .T. ) ;
#6199 = ORIENTED_EDGE ( 'NONE', *, *, #690, .T. ) ;
#6200 = DIRECTION ( 'NONE',  ( 1.000000000000000000, 0.0000000000000000000, -7.080503983578802800E-016 ) ) ;
#6201 = ORIENTED_EDGE ( 'NONE', *, *, #7098, .T. ) ;
#6202 = ORIENTED_EDGE ( 'NONE', *, *, #6955, .T. ) ;
#6203 = PLANE ( 'NONE',  #2473 ) ;
#6204 = ORIENTED_EDGE ( 'NONE', *, *, #794, .F. ) ;
#6205 = LINE ( 'NONE', #7430, #1205 ) ;
#6206 = DIRECTION ( 'NONE',  ( 1.000000000000000000, 0.0000000000000000000, -0.0000000000000000000 ) ) ;
#6207 = CARTESIAN_POINT ( 'NONE',  ( 2.105000000000000000, 0.1000000000000000100, 2.825000000000000200 ) ) ;
#6208 = ADVANCED_FACE ( 'NONE', ( #1883 ), #4378, .T. ) ;
#6209 = CARTESIAN_POINT ( 'NONE',  ( 0.4349999999999987800, -0.06527036446661323200, -2.818876228225292800 ) ) ;
#6210 = VERTEX_POINT ( 'NONE', #2312 ) ;
#6211 = EDGE_CURVE ( 'NONE', #7290, #2152, #8450, .T. ) ;
#6212 = EDGE_CURVE ( 'NONE', #1834, #2123, #4896, .T. ) ;
#6213 = LINE ( 'NONE', #8740, #8548 ) ;
#6214 = DIRECTION ( 'NONE',  ( 1.000000000000000000, -0.0000000000000000000, -0.0000000000000000000 ) ) ;
#6215 = DIRECTION ( 'NONE',  ( 1.000000000000000000, -0.0000000000000000000, -0.0000000000000000000 ) ) ;
#6216 = VERTEX_POINT ( 'NONE', #5651 ) ;
#6217 = LINE ( 'NONE', #6377, #2193 ) ;
#6218 = AXIS2_PLACEMENT_3D ( 'NONE', #8668, #604, #3264 ) ;
#6219 = DIRECTION ( 'NONE',  ( -4.212971753347078400E-032, 1.000000000000000000, 0.0000000000000000000 ) ) ;
#6220 = DIRECTION ( 'NONE',  ( 4.336808689942019700E-016, 2.168404344971009900E-016, 1.000000000000000000 ) ) ;
#6221 = AXIS2_PLACEMENT_3D ( 'NONE', #8306, #803, #3639 ) ;
#6222 = CIRCLE ( 'NONE', #8037, 0.03500000000000030900 ) ;
#6223 = DIRECTION ( 'NONE',  ( -0.1710878697460323200, -0.9702875252478150300, 0.1710878697460323200 ) ) ;
#6224 = CARTESIAN_POINT ( 'NONE',  ( 2.104999999999999100, -0.1349999999999994500, -2.592546190531647400 ) ) ;
#6225 = PLANE ( 'NONE',  #6271 ) ;
#6226 = EDGE_CURVE ( 'NONE', #5257, #1602, #6748, .T. ) ;
#6227 = ORIENTED_EDGE ( 'NONE', *, *, #5343, .F. ) ;
#6228 = EDGE_CURVE ( 'NONE', #3171, #5370, #8235, .T. ) ;
#6229 = LINE ( 'NONE', #8279, #4999 ) ;
#6230 = AXIS2_PLACEMENT_3D ( 'NONE', #8105, #4133, #2767 ) ;
#6231 = DIRECTION ( 'NONE',  ( 0.0000000000000000000, 1.000000000000000000, 0.0000000000000000000 ) ) ;
#6232 = DIRECTION ( 'NONE',  ( -0.0000000000000000000, 0.1736481776669340500, 0.9848077530122073500 ) ) ;
#6233 = ORIENTED_EDGE ( 'NONE', *, *, #2206, .F. ) ;
#6234 = ORIENTED_EDGE ( 'NONE', *, *, #1358, .T. ) ;
#6235 = LINE ( 'NONE', #7890, #5739 ) ;
#6236 = ORIENTED_EDGE ( 'NONE', *, *, #6863, .F. ) ;
#6237 = DIRECTION ( 'NONE',  ( -0.0000000000000000000, -0.0000000000000000000, 1.000000000000000000 ) ) ;
#6238 = DIRECTION ( 'NONE',  ( 0.0000000000000000000, -0.1736481776669340800, 0.9848077530122074700 ) ) ;
#6239 = EDGE_CURVE ( 'NONE', #7348, #7574, #1338, .T. ) ;
#6240 = CIRCLE ( 'NONE', #8051, 0.2350000000000004000 ) ;
#6241 = LINE ( 'NONE', #6749, #8470 ) ;
#6242 = ORIENTED_EDGE ( 'NONE', *, *, #2182, .F. ) ;
#6243 = CARTESIAN_POINT ( 'NONE',  ( 3.375000000000000000, -1.123578144323986300, -0.005099784264223802100 ) ) ;
#6244 = PLANE ( 'NONE',  #639 ) ;
#6245 = VERTEX_POINT ( 'NONE', #6972 ) ;
#6246 = LINE ( 'NONE', #1363, #5231 ) ;
#6247 = ORIENTED_EDGE ( 'NONE', *, *, #2624, .T. ) ;
#6248 = EDGE_CURVE ( 'NONE', #7093, #2593, #63, .T. ) ;
#6249 = EDGE_LOOP ( 'NONE', ( #6093, #4119, #8110, #5243 ) ) ;
#6250 = EDGE_LOOP ( 'NONE', ( #1365, #1643, #3011, #2654 ) ) ;
#6251 = DIRECTION ( 'NONE',  ( 1.000000000000000000, 0.0000000000000000000, -0.0000000000000000000 ) ) ;
#6252 = LINE ( 'NONE', #2150, #724 ) ;
#6253 = VECTOR ( 'NONE', #1869, 1000.000000000000000 ) ;
#6254 = DIRECTION ( 'NONE',  ( 1.000000000000000000, -0.0000000000000000000, -0.0000000000000000000 ) ) ;
#6255 = VECTOR ( 'NONE', #3023, 1000.000000000000000 ) ;
#6256 = CARTESIAN_POINT ( 'NONE',  ( -1.705000000000000300, -0.1349999999999994500, 2.592546190531647400 ) ) ;
#6257 = DIRECTION ( 'NONE',  ( -1.000000000000000000, 0.0000000000000000000, 0.0000000000000000000 ) ) ;
#6258 = VERTEX_POINT ( 'NONE', #1677 ) ;
#6259 = EDGE_CURVE ( 'NONE', #6926, #899, #7811, .T. ) ;
#6260 = FACE_OUTER_BOUND ( 'NONE', #6781, .T. ) ;
#6261 = LINE ( 'NONE', #4152, #4094 ) ;
#6262 = ADVANCED_FACE ( 'NONE', ( #6030 ), #7099, .F. ) ;
#6263 = DIRECTION ( 'NONE',  ( 1.000000000000000000, -0.0000000000000000000, 0.0000000000000000000 ) ) ;
#6264 = CARTESIAN_POINT ( 'NONE',  ( 4.245000000000001900, -0.9235781443239869900, -3.970219047566133900 ) ) ;
#6265 = VERTEX_POINT ( 'NONE', #3649 ) ;
#6266 = CARTESIAN_POINT ( 'NONE',  ( 1.704999999999999000, -0.8946558305423292200, 2.965119263301912300 ) ) ;
#6267 = AXIS2_PLACEMENT_3D ( 'NONE', #1880, #5979, #3964 ) ;
#6268 = ORIENTED_EDGE ( 'NONE', *, *, #3773, .T. ) ;
#6269 = FACE_OUTER_BOUND ( 'NONE', #6934, .T. ) ;
#6270 = EDGE_LOOP ( 'NONE', ( #60, #2815, #7135, #6980 ) ) ;
#6271 = AXIS2_PLACEMENT_3D ( 'NONE', #892, #7684, #6953 ) ;
#6272 = ORIENTED_EDGE ( 'NONE', *, *, #2770, .T. ) ;
#6273 = CARTESIAN_POINT ( 'NONE',  ( 0.0000000000000000000, -0.9235781443239868800, 3.555000000000000200 ) ) ;
#6274 = VERTEX_POINT ( 'NONE', #6338 ) ;
#6275 = LINE ( 'NONE', #7153, #7120 ) ;
#6276 = PLANE ( 'NONE',  #6074 ) ;
#6277 = CARTESIAN_POINT ( 'NONE',  ( 0.4349999999999985500, -1.123578144323987200, -3.970219047566133900 ) ) ;
#6278 = LINE ( 'NONE', #1670, #3665 ) ;
#6279 = EDGE_CURVE ( 'NONE', #6041, #5766, #2841, .T. ) ;
#6280 = ORIENTED_EDGE ( 'NONE', *, *, #6625, .T. ) ;
#6281 = ORIENTED_EDGE ( 'NONE', *, *, #6989, .T. ) ;
#6282 = CARTESIAN_POINT ( 'NONE',  ( 4.245000000000001900, -1.123578144323987200, -3.555000000000000200 ) ) ;
#6283 = ORIENTED_EDGE ( 'NONE', *, *, #3976, .F. ) ;
#6284 = AXIS2_PLACEMENT_3D ( 'NONE', #2826, #7547, #7586 ) ;
#6285 = LINE ( 'NONE', #3495, #7011 ) ;
#6286 = CARTESIAN_POINT ( 'NONE',  ( 0.0000000000000000000, -1.000000000000000000, 2.123673019291535600 ) ) ;
#6287 = ORIENTED_EDGE ( 'NONE', *, *, #8305, .F. ) ;
#6288 = DIRECTION ( 'NONE',  ( 6.505213034913029600E-016, -2.168404344971009900E-016, 1.000000000000000000 ) ) ;
#6289 = ORIENTED_EDGE ( 'NONE', *, *, #4430, .F. ) ;
#6290 = DIRECTION ( 'NONE',  ( 0.0000000000000000000, 0.1736481776669341100, -0.9848077530122073500 ) ) ;
#6291 = ORIENTED_EDGE ( 'NONE', *, *, #7112, .F. ) ;
#6292 = FACE_OUTER_BOUND ( 'NONE', #550, .T. ) ;
#6293 = ORIENTED_EDGE ( 'NONE', *, *, #3715, .F. ) ;
#6294 = VERTEX_POINT ( 'NONE', #6537 ) ;
#6295 = VECTOR ( 'NONE', #5811, 1000.000000000000000 ) ;
#6296 = ORIENTED_EDGE ( 'NONE', *, *, #6640, .F. ) ;
#6297 = FACE_OUTER_BOUND ( 'NONE', #6568, .T. ) ;
#6298 = VECTOR ( 'NONE', #5873, 1000.000000000000000 ) ;
#6299 = PLANE ( 'NONE',  #7979 ) ;
#6300 = CARTESIAN_POINT ( 'NONE',  ( -4.245000000000000100, -0.9235781443239867700, 3.555000000000000200 ) ) ;
#6301 = DIRECTION ( 'NONE',  ( -1.000000000000000000, 0.0000000000000000000, -0.0000000000000000000 ) ) ;
#6302 = DIRECTION ( 'NONE',  ( 0.0000000000000000000, -1.000000000000000000, 0.0000000000000000000 ) ) ;
#6303 = ORIENTED_EDGE ( 'NONE', *, *, #919, .T. ) ;
#6304 = VECTOR ( 'NONE', #5183, 1000.000000000000000 ) ;
#6305 = EDGE_CURVE ( 'NONE', #8698, #7008, #1022, .T. ) ;
#6306 = VERTEX_POINT ( 'NONE', #6511 ) ;
#6307 = ORIENTED_EDGE ( 'NONE', *, *, #542, .T. ) ;
#6308 = ORIENTED_EDGE ( 'NONE', *, *, #557, .F. ) ;
#6309 = LINE ( 'NONE', #2054, #5800 ) ;
#6310 = DIRECTION ( 'NONE',  ( 0.0000000000000000000, 0.0000000000000000000, 1.000000000000000000 ) ) ;
#6311 = DIRECTION ( 'NONE',  ( 0.0000000000000000000, 0.0000000000000000000, 1.000000000000000000 ) ) ;
#6312 = EDGE_CURVE ( 'NONE', #4852, #369, #5315, .T. ) ;
#6313 = ORIENTED_EDGE ( 'NONE', *, *, #3930, .F. ) ;
#6314 = ORIENTED_EDGE ( 'NONE', *, *, #3884, .F. ) ;
#6315 = ORIENTED_EDGE ( 'NONE', *, *, #4991, .T. ) ;
#6316 = VECTOR ( 'NONE', #4414, 1000.000000000000200 ) ;
#6317 = EDGE_CURVE ( 'NONE', #1226, #3220, #3056, .T. ) ;
#6318 = ADVANCED_FACE ( 'NONE', ( #2421 ), #8577, .T. ) ;
#6319 = CARTESIAN_POINT ( 'NONE',  ( 1.704999999999999000, -0.9235781443239867700, -2.999587534657339700 ) ) ;
#6320 = DIRECTION ( 'NONE',  ( 1.000000000000000000, 0.0000000000000000000, 0.0000000000000000000 ) ) ;
#6321 = DIRECTION ( 'NONE',  ( 0.0000000000000000000, 0.0000000000000000000, -1.000000000000000000 ) ) ;
#6322 = CARTESIAN_POINT ( 'NONE',  ( 2.974999999999998300, -0.06527036446661303700, -2.818876228225294200 ) ) ;
#6323 = EDGE_CURVE ( 'NONE', #7782, #4277, #6331, .T. ) ;
#6324 = MECHANICAL_DESIGN_GEOMETRIC_PRESENTATION_REPRESENTATION (  '', ( #5450 ), #6772 ) ;
#6325 = DIRECTION ( 'NONE',  ( -1.000000000000000000, 0.0000000000000000000, -0.0000000000000000000 ) ) ;
#6326 = DIRECTION ( 'NONE',  ( 0.0000000000000000000, 7.744301232039248600E-016, -1.000000000000000000 ) ) ;
#6327 = AXIS2_PLACEMENT_3D ( 'NONE', #8525, #5843, #2369 ) ;
#6328 = EDGE_CURVE ( 'NONE', #2088, #4421, #1669, .T. ) ;
#6329 = PLANE ( 'NONE',  #147 ) ;
#6330 = PLANE ( 'NONE',  #8760 ) ;
#6331 = CIRCLE ( 'NONE', #5358, 0.2350000000000004000 ) ;
#6332 = DIRECTION ( 'NONE',  ( 0.0000000000000000000, 0.0000000000000000000, -1.000000000000000000 ) ) ;
#6333 = DIRECTION ( 'NONE',  ( 0.0000000000000000000, 2.168404344971009900E-016, 1.000000000000000000 ) ) ;
#6334 = ORIENTED_EDGE ( 'NONE', *, *, #4743, .F. ) ;
#6335 = CARTESIAN_POINT ( 'NONE',  ( 4.645000000000001400, -0.9235781443239867700, 2.999587534657339700 ) ) ;
#6336 = AXIS2_PLACEMENT_3D ( 'NONE', #1480, #3628, #2121 ) ;
#6337 = LINE ( 'NONE', #4807, #4053 ) ;
#6338 = CARTESIAN_POINT ( 'NONE',  ( -2.105000000000001300, 0.1000000000000000100, -1.599999999999999900 ) ) ;
#6339 = DIRECTION ( 'NONE',  ( 1.685188701338831400E-031, -1.000000000000000000, 0.0000000000000000000 ) ) ;
#6340 = CARTESIAN_POINT ( 'NONE',  ( 2.974999999999998300, -0.9293854660757160400, -2.768157712699471000 ) ) ;
#6341 = CARTESIAN_POINT ( 'NONE',  ( 3.374999999999999600, -0.09999999999999925600, 2.592546190531647400 ) ) ;
#6342 = EDGE_LOOP ( 'NONE', ( #4621, #755, #3447, #5589 ) ) ;
#6343 = LINE ( 'NONE', #7055, #3947 ) ;
#6344 = DIRECTION ( 'NONE',  ( 1.000000000000000000, 0.0000000000000000000, 0.0000000000000000000 ) ) ;
#6345 = CARTESIAN_POINT ( 'NONE',  ( 3.374999999999998200, -1.123578144323987200, -3.555000000000000200 ) ) ;
#6346 = CARTESIAN_POINT ( 'NONE',  ( -1.705000000000000300, 0.1000000000000000100, -1.599999999999999900 ) ) ;
#6347 = EDGE_CURVE ( 'NONE', #6501, #4289, #4266, .T. ) ;
#6348 = EDGE_CURVE ( 'NONE', #5759, #268, #6222, .T. ) ;
#6349 = FACE_OUTER_BOUND ( 'NONE', #702, .T. ) ;
#6350 = ORIENTED_EDGE ( 'NONE', *, *, #4769, .T. ) ;
#6351 = ADVANCED_FACE ( 'NONE', ( #3612 ), #600, .T. ) ;
#6352 = CARTESIAN_POINT ( 'NONE',  ( 0.4349999999999988300, -0.8885781443239865200, -2.999587534657339700 ) ) ;
#6353 = DIRECTION ( 'NONE',  ( 0.0000000000000000000, 0.0000000000000000000, 1.000000000000000000 ) ) ;
#6354 = ORIENTED_EDGE ( 'NONE', *, *, #7798, .F. ) ;
#6355 = ADVANCED_FACE ( 'NONE', ( #7600 ), #1885, .F. ) ;
#6356 = VERTEX_POINT ( 'NONE', #1948 ) ;
#6357 = VECTOR ( 'NONE', #7894, 1000.000000000000000 ) ;
#6358 = FACE_OUTER_BOUND ( 'NONE', #2155, .T. ) ;
#6359 = VERTEX_POINT ( 'NONE', #7279 ) ;
#6360 = VECTOR ( 'NONE', #1212, 1000.000000000000000 ) ;
#6361 = CARTESIAN_POINT ( 'NONE',  ( -0.8350000000000015200, -0.1000000000000000100, 1.599999999999999900 ) ) ;
#6362 = EDGE_CURVE ( 'NONE', #7932, #1660, #2304, .T. ) ;
#6363 = DIRECTION ( 'NONE',  ( 0.0000000000000000000, 0.9848077530122073500, -0.1736481776669340500 ) ) ;
#6364 = CARTESIAN_POINT ( 'NONE',  ( -4.245000000000001000, 0.4800880834868125900, -2.519629497316660900 ) ) ;
#6365 = ORIENTED_EDGE ( 'NONE', *, *, #3622, .T. ) ;
#6366 = VECTOR ( 'NONE', #6167, 1000.000000000000000 ) ;
#6367 = PLANE ( 'NONE',  #6893 ) ;
#6368 = CARTESIAN_POINT ( 'NONE',  ( -0.4350000000000013900, -0.1349999999999994500, -2.592546190531647400 ) ) ;
#6369 = DIRECTION ( 'NONE',  ( 0.0000000000000000000, -1.000000000000000000, 0.0000000000000000000 ) ) ;
#6370 = DIRECTION ( 'NONE',  ( 0.9848077530122086900, -0.1736481776669270600, 0.0000000000000000000 ) ) ;
#6371 = DIRECTION ( 'NONE',  ( 0.0000000000000000000, 0.0000000000000000000, 1.000000000000000000 ) ) ;
#6372 = LINE ( 'NONE', #1233, #2249 ) ;
#6373 = EDGE_CURVE ( 'NONE', #4852, #1349, #6130, .T. ) ;
#6374 = ORIENTED_EDGE ( 'NONE', *, *, #6598, .T. ) ;
#6375 = ORIENTED_EDGE ( 'NONE', *, *, #8402, .T. ) ;
#6376 = CARTESIAN_POINT ( 'NONE',  ( -3.375000000000001300, -0.1349999999999994500, -2.592546190531647400 ) ) ;
#6377 = CARTESIAN_POINT ( 'NONE',  ( 1.704999999999999000, 0.1000000000000007500, 2.592546190531647400 ) ) ;
#6378 = LINE ( 'NONE', #1996, #7539 ) ;
#6379 = CARTESIAN_POINT ( 'NONE',  ( 3.374999999999998700, -0.09419267824826980900, -2.823976012489516600 ) ) ;
#6380 = ORIENTED_EDGE ( 'NONE', *, *, #4559, .F. ) ;
#6381 = FACE_OUTER_BOUND ( 'NONE', #5214, .T. ) ;
#6382 = ORIENTED_EDGE ( 'NONE', *, *, #5918, .F. ) ;
#6383 = ORIENTED_EDGE ( 'NONE', *, *, #109, .T. ) ;
#6384 = DIRECTION ( 'NONE',  ( 0.0000000000000000000, 9.227252531791510400E-016, 1.000000000000000000 ) ) ;
#6385 = AXIS2_PLACEMENT_3D ( 'NONE', #7490, #5517, #1419 ) ;
#6386 = VECTOR ( 'NONE', #4351, 1000.000000000000000 ) ;
#6387 = EDGE_LOOP ( 'NONE', ( #1342, #7016, #6801, #469 ) ) ;
#6388 = ORIENTED_EDGE ( 'NONE', *, *, #860, .T. ) ;
#6389 = DIRECTION ( 'NONE',  ( 2.168404344971009900E-016, 2.168404344971009900E-016, 1.000000000000000000 ) ) ;
#6390 = EDGE_LOOP ( 'NONE', ( #7246, #3766, #1560, #7049 ) ) ;
#6391 = FACE_OUTER_BOUND ( 'NONE', #743, .T. ) ;
#6392 = CARTESIAN_POINT ( 'NONE',  ( -0.8350000000000015200, -0.8885781443239865200, -2.999587534657339700 ) ) ;
#6393 = CIRCLE ( 'NONE', #6056, 0.2350000000000004000 ) ;
#6394 = ORIENTED_EDGE ( 'NONE', *, *, #8730, .T. ) ;
#6395 = ORIENTED_EDGE ( 'NONE', *, *, #6305, .T. ) ;
#6396 = PLANE ( 'NONE',  #6019 ) ;
#6397 = ADVANCED_FACE ( 'NONE', ( #2618 ), #6022, .T. ) ;
#6398 = EDGE_CURVE ( 'NONE', #7685, #2544, #2095, .T. ) ;
#6399 = VECTOR ( 'NONE', #6837, 1000.000000000000000 ) ;
#6400 = ADVANCED_FACE ( 'NONE', ( #494 ), #8773, .T. ) ;
#6401 = ORIENTED_EDGE ( 'NONE', *, *, #4107, .T. ) ;
#6402 = ORIENTED_EDGE ( 'NONE', *, *, #4590, .T. ) ;
#6403 = CARTESIAN_POINT ( 'NONE',  ( -0.4350000000000003900, -1.123578144323987200, 3.555000000000000200 ) ) ;
#6404 =( NAMED_UNIT ( * ) SI_UNIT ( $, .STERADIAN. ) SOLID_ANGLE_UNIT ( ) );
#6405 = FACE_OUTER_BOUND ( 'NONE', #2532, .T. ) ;
#6406 = FACE_OUTER_BOUND ( 'NONE', #8387, .T. ) ;
#6407 = DIRECTION ( 'NONE',  ( 0.0000000000000000000, 0.0000000000000000000, 1.000000000000000000 ) ) ;
#6408 = ORIENTED_EDGE ( 'NONE', *, *, #8176, .F. ) ;
#6409 = PLANE ( 'NONE',  #2034 ) ;
#6410 = ORIENTED_EDGE ( 'NONE', *, *, #5339, .T. ) ;
#6411 = CARTESIAN_POINT ( 'NONE',  ( 5.509999999999999800, 0.0000000000000000000, -2.299999999999998900 ) ) ;
#6412 = EDGE_LOOP ( 'NONE', ( #4307, #6099, #6938, #628 ) ) ;
#6413 = CIRCLE ( 'NONE', #2499, 0.03500000000000030900 ) ;
#6414 = PLANE ( 'NONE',  #587 ) ;
#6415 = ORIENTED_EDGE ( 'NONE', *, *, #195, .F. ) ;
#6416 = CARTESIAN_POINT ( 'NONE',  ( 0.0000000000000000000, -1.123578144323987200, 3.555000000000000200 ) ) ;
#6417 = DIRECTION ( 'NONE',  ( 2.168404344971009900E-016, 2.168404344971009900E-016, 1.000000000000000000 ) ) ;
#6418 = EDGE_CURVE ( 'NONE', #3349, #266, #3496, .T. ) ;
#6419 = ORIENTED_EDGE ( 'NONE', *, *, #978, .T. ) ;
#6420 = CARTESIAN_POINT ( 'NONE',  ( -2.975000000000001000, -0.8946558305423296700, -2.965119263301910100 ) ) ;
#6421 = CIRCLE ( 'NONE', #6620, 0.03500000000000030900 ) ;
#6422 = EDGE_CURVE ( 'NONE', #7234, #152, #7485, .T. ) ;
#6423 = DIRECTION ( 'NONE',  ( 1.000000000000000000, -0.0000000000000000000, -0.0000000000000000000 ) ) ;
#6424 = CARTESIAN_POINT ( 'NONE',  ( -0.8350000000000015200, -0.1000000000000000100, 1.599999999999999900 ) ) ;
#6425 = DIRECTION ( 'NONE',  ( 0.0000000000000000000, 0.0000000000000000000, -1.000000000000000000 ) ) ;
#6426 = EDGE_CURVE ( 'NONE', #2602, #7149, #7062, .T. ) ;
#6427 = CYLINDRICAL_SURFACE ( 'NONE', #2880, 0.03500000000000030900 ) ;
#6428 = DIRECTION ( 'NONE',  ( 1.000000000000000000, 0.0000000000000000000, 0.0000000000000000000 ) ) ;
#6429 = CARTESIAN_POINT ( 'NONE',  ( -2.105000000000001300, 0.1000000000000000100, 1.599999999999999900 ) ) ;
#6430 = DIRECTION ( 'NONE',  ( -0.0000000000000000000, -0.9848077530122073500, -0.1736481776669340500 ) ) ;
#6431 = VECTOR ( 'NONE', #3057, 1000.000000000000000 ) ;
#6432 = EDGE_CURVE ( 'NONE', #1964, #836, #1661, .T. ) ;
#6433 = AXIS2_PLACEMENT_3D ( 'NONE', #1335, #4789, #1362 ) ;
#6434 = DIRECTION ( 'NONE',  ( -1.000000000000000000, 0.0000000000000000000, 0.0000000000000000000 ) ) ;
#6435 = ADVANCED_FACE ( 'NONE', ( #6633 ), #8225, .T. ) ;
#6436 = DIRECTION ( 'NONE',  ( -0.0000000000000000000, 0.0000000000000000000, 1.000000000000000000 ) ) ;
#6437 = CARTESIAN_POINT ( 'NONE',  ( -4.645000000000001400, -0.06527036446661323200, -2.818876228225292800 ) ) ;
#6438 = ORIENTED_EDGE ( 'NONE', *, *, #4964, .T. ) ;
#6439 = VECTOR ( 'NONE', #2762, 1000.000000000000000 ) ;
#6440 = PLANE ( 'NONE',  #4359 ) ;
#6441 = AXIS2_PLACEMENT_3D ( 'NONE', #3131, #8504, #7857 ) ;
#6442 = ORIENTED_EDGE ( 'NONE', *, *, #7330, .T. ) ;
#6443 = CARTESIAN_POINT ( 'NONE',  ( -2.105000000000001300, -0.09999999999999925600, 2.592546190531647400 ) ) ;
#6444 =( GEOMETRIC_REPRESENTATION_CONTEXT ( 3 ) GLOBAL_UNCERTAINTY_ASSIGNED_CONTEXT ( ( #4891 ) ) GLOBAL_UNIT_ASSIGNED_CONTEXT ( ( #3162, #5185, #4530 ) ) REPRESENTATION_CONTEXT ( 'NONE', 'WORKASPACE' ) );
#6445 = VECTOR ( 'NONE', #6680, 1000.000000000000000 ) ;
#6446 = ORIENTED_EDGE ( 'NONE', *, *, #7758, .F. ) ;
#6447 = LINE ( 'NONE', #1137, #1248 ) ;
#6448 = ORIENTED_EDGE ( 'NONE', *, *, #5823, .F. ) ;
#6449 = CARTESIAN_POINT ( 'NONE',  ( -3.375000000000001300, -0.09999999999999925600, -2.592546190531647400 ) ) ;
#6450 = CARTESIAN_POINT ( 'NONE',  ( 0.0000000000000000000, 0.5148177190201993500, 2.716591047919102200 ) ) ;
#6451 = SURFACE_SIDE_STYLE ('',( #4412 ) ) ;
#6452 = LINE ( 'NONE', #6839, #1691 ) ;
#6453 = VECTOR ( 'NONE', #641, 1000.000000000000200 ) ;
#6454 = FILL_AREA_STYLE_COLOUR ( '', #4391 ) ;
#6455 = ORIENTED_EDGE ( 'NONE', *, *, #3831, .T. ) ;
#6456 = LINE ( 'NONE', #6793, #314 ) ;
#6457 = CARTESIAN_POINT ( 'NONE',  ( 3.375000000000000000, -0.9235781443239868800, 3.555000000000000200 ) ) ;
#6458 = ORIENTED_EDGE ( 'NONE', *, *, #6362, .T. ) ;
#6459 = ORIENTED_EDGE ( 'NONE', *, *, #1975, .F. ) ;
#6460 = EDGE_CURVE ( 'NONE', #5956, #5907, #915, .T. ) ;
#6461 = DIRECTION ( 'NONE',  ( -1.000000000000000000, 0.0000000000000000000, 0.0000000000000000000 ) ) ;
#6462 = ADVANCED_FACE ( 'NONE', ( #2836 ), #5533, .F. ) ;
#6463 = VERTEX_POINT ( 'NONE', #7480 ) ;
#6464 = FACE_OUTER_BOUND ( 'NONE', #5181, .T. ) ;
#6465 = VECTOR ( 'NONE', #2074, 1000.000000000000000 ) ;
#6466 = CARTESIAN_POINT ( 'NONE',  ( 4.245000000000000100, -0.1349999999999994500, 2.592546190531647400 ) ) ;
#6467 = ORIENTED_EDGE ( 'NONE', *, *, #1163, .F. ) ;
#6468 = DIRECTION ( 'NONE',  ( -1.000000000000000000, 0.0000000000000000000, 0.0000000000000000000 ) ) ;
#6469 = LINE ( 'NONE', #7975, #8157 ) ;
#6470 = CARTESIAN_POINT ( 'NONE',  ( 0.8349999999999998500, -0.8946558305423297800, 2.965119263301910100 ) ) ;
#6471 = FACE_OUTER_BOUND ( 'NONE', #1806, .T. ) ;
#6472 = EDGE_CURVE ( 'NONE', #1519, #4124, #5814, .T. ) ;
#6473 = CARTESIAN_POINT ( 'NONE',  ( -2.105000000000001300, 0.4800880834868125900, 2.519629497316660900 ) ) ;
#6474 = CARTESIAN_POINT ( 'NONE',  ( 2.105000000000000000, -0.1000000000000000100, -1.599999999999999900 ) ) ;
#6475 = LINE ( 'NONE', #4204, #1484 ) ;
#6476 = VERTEX_POINT ( 'NONE', #3608 ) ;
#6477 = ORIENTED_EDGE ( 'NONE', *, *, #1980, .F. ) ;
#6478 = EDGE_CURVE ( 'NONE', #6678, #5267, #7278, .T. ) ;
#6479 = CARTESIAN_POINT ( 'NONE',  ( 2.974999999999998300, -0.1000000000000000100, -1.599999999999999900 ) ) ;
#6480 = DIRECTION ( 'NONE',  ( 0.0000000000000000000, 0.0000000000000000000, -1.000000000000000000 ) ) ;
#6481 = ADVANCED_FACE ( 'NONE', ( #8655 ), #833, .F. ) ;
#6482 = VECTOR ( 'NONE', #8602, 1000.000000000000000 ) ;
#6483 = PLANE ( 'NONE',  #7512 ) ;
#6484 = DIRECTION ( 'NONE',  ( 0.0000000000000000000, 0.9848077530122073500, 0.1736481776669340500 ) ) ;
#6485 = ORIENTED_EDGE ( 'NONE', *, *, #1534, .T. ) ;
#6486 = ORIENTED_EDGE ( 'NONE', *, *, #3144, .T. ) ;
#6487 = VECTOR ( 'NONE', #4954, 1000.000000000000000 ) ;
#6488 = EDGE_CURVE ( 'NONE', #3746, #665, #6850, .T. ) ;
#6489 =( NAMED_UNIT ( * ) PLANE_ANGLE_UNIT ( ) SI_UNIT ( $, .RADIAN. ) );
#6490 = AXIS2_PLACEMENT_3D ( 'NONE', #6623, #2491, #3199 ) ;
#6491 = DIRECTION ( 'NONE',  ( -4.336808689942019700E-016, 2.168404344971009900E-016, -1.000000000000000000 ) ) ;
#6492 = DIRECTION ( 'NONE',  ( 0.0000000000000000000, 0.0000000000000000000, 1.000000000000000000 ) ) ;
#6493 = STYLED_ITEM ( 'NONE', ( #563 ), #8257 ) ;
#6494 = EDGE_CURVE ( 'NONE', #8449, #3533, #2521, .T. ) ;
#6495 = ORIENTED_EDGE ( 'NONE', *, *, #8065, .T. ) ;
#6496 = VECTOR ( 'NONE', #3135, 1000.000000000000000 ) ;
#6497 = EDGE_LOOP ( 'NONE', ( #5186, #5414, #5399, #12 ) ) ;
#6498 = ORIENTED_EDGE ( 'NONE', *, *, #4097, .F. ) ;
#6499 = DIRECTION ( 'NONE',  ( 0.0000000000000000000, 0.1736481776669270600, 0.9848077530122086900 ) ) ;
#6500 = CARTESIAN_POINT ( 'NONE',  ( -2.105000000000001300, -1.123578144323986900, 2.970219047566134300 ) ) ;
#6501 = VERTEX_POINT ( 'NONE', #2838 ) ;
#6502 = CARTESIAN_POINT ( 'NONE',  ( 0.0000000000000000000, -1.123578144323987200, -3.555000000000000200 ) ) ;
#6503 = COLOUR_RGB ( '',0.5019607843137254800, 0.5019607843137254800, 0.5019607843137254800 ) ;
#6504 = AXIS2_PLACEMENT_3D ( 'NONE', #5560, #6215, #2840 ) ;
#6505 = EDGE_LOOP ( 'NONE', ( #1149, #1803, #8584, #1732 ) ) ;
#6506 = VECTOR ( 'NONE', #6434, 1000.000000000000000 ) ;
#6507 = DIRECTION ( 'NONE',  ( 1.000000000000000000, -0.0000000000000000000, -0.0000000000000000000 ) ) ;
#6508 = COLOUR_RGB ( '',0.2509803921568627400, 0.2509803921568627400, 0.2509803921568627400 ) ;
#6509 = FACE_OUTER_BOUND ( 'NONE', #6497, .T. ) ;
#6510 = DIRECTION ( 'NONE',  ( 0.0000000000000000000, -0.1736481776669339900, 0.9848077530122073500 ) ) ;
#6511 = CARTESIAN_POINT ( 'NONE',  ( -2.975000000000000100, 0.1000000000000000100, 1.599999999999999900 ) ) ;
#6512 = ADVANCED_FACE ( 'NONE', ( #5514 ), #8333, .F. ) ;
#6513 = VERTEX_POINT ( 'NONE', #6962 ) ;
#6514 = PLANE ( 'NONE',  #80 ) ;
#6515 = VERTEX_POINT ( 'NONE', #2933 ) ;
#6516 = LINE ( 'NONE', #368, #2922 ) ;
#6517 = CYLINDRICAL_SURFACE ( 'NONE', #5129, 0.03500000000000019100 ) ;
#6518 = DIRECTION ( 'NONE',  ( 0.0000000000000000000, 1.000000000000000000, 0.0000000000000000000 ) ) ;
#6519 = EDGE_CURVE ( 'NONE', #4012, #41, #3717, .T. ) ;
#6520 = EDGE_CURVE ( 'NONE', #5675, #7661, #1018, .T. ) ;
#6521 = CARTESIAN_POINT ( 'NONE',  ( 0.8349999999999989700, 0.1000000000000007500, -2.592546190531647400 ) ) ;
#6522 = ORIENTED_EDGE ( 'NONE', *, *, #6081, .T. ) ;
#6523 = DIRECTION ( 'NONE',  ( -0.0000000000000000000, 1.000000000000000000, 0.0000000000000000000 ) ) ;
#6524 = ORIENTED_EDGE ( 'NONE', *, *, #7860, .F. ) ;
#6525 = DIRECTION ( 'NONE',  ( -1.000000000000000000, 0.0000000000000000000, 0.0000000000000000000 ) ) ;
#6526 = EDGE_LOOP ( 'NONE', ( #1740, #7362, #2592, #7555 ) ) ;
#6527 = DIRECTION ( 'NONE',  ( 1.000000000000000000, 0.0000000000000000000, 0.0000000000000000000 ) ) ;
#6528 = FACE_OUTER_BOUND ( 'NONE', #5155, .T. ) ;
#6529 = DIRECTION ( 'NONE',  ( 0.0000000000000000000, -2.168404344971009900E-016, 1.000000000000000000 ) ) ;
#6530 = ADVANCED_FACE ( 'NONE', ( #2411 ), #1877, .F. ) ;
#6531 = DIRECTION ( 'NONE',  ( 1.000000000000000000, 8.425943506694156900E-032, -4.336808689942019700E-016 ) ) ;
#6532 = CYLINDRICAL_SURFACE ( 'NONE', #4251, 0.03500000000000019100 ) ;
#6533 = EDGE_CURVE ( 'NONE', #805, #7574, #4259, .T. ) ;
#6534 = DIRECTION ( 'NONE',  ( 1.000000000000000000, -0.0000000000000000000, -0.0000000000000000000 ) ) ;
#6535 = ORIENTED_EDGE ( 'NONE', *, *, #4274, .F. ) ;
#6536 = VECTOR ( 'NONE', #2341, 1000.000000000000000 ) ;
#6537 = CARTESIAN_POINT ( 'NONE',  ( 4.645000000000000500, -1.123578144323987200, 3.555000000000000200 ) ) ;
#6538 = CARTESIAN_POINT ( 'NONE',  ( -1.705000000000001400, -1.123578144323987200, -3.555000000000000200 ) ) ;
#6539 = CARTESIAN_POINT ( 'NONE',  ( -2.105000000000001300, -0.06527036446661323200, -2.818876228225292800 ) ) ;
#6540 = PLANE ( 'NONE',  #4849 ) ;
#6541 = CARTESIAN_POINT ( 'NONE',  ( 1.704999999999999000, -0.8946558305423296700, 2.965119263301910100 ) ) ;
#6542 = EDGE_CURVE ( 'NONE', #6755, #3676, #3263, .T. ) ;
#6543 = ORIENTED_EDGE ( 'NONE', *, *, #5326, .F. ) ;
#6544 = CARTESIAN_POINT ( 'NONE',  ( 2.105000000000000000, -0.1349999999999994500, 2.592546190531647400 ) ) ;
#6545 = VECTOR ( 'NONE', #6942, 1000.000000000000000 ) ;
#6546 = CARTESIAN_POINT ( 'NONE',  ( -4.245000000000000100, -0.8885781443239865200, -2.999587534657339700 ) ) ;
#6547 = PLANE ( 'NONE',  #2658 ) ;
#6548 = ORIENTED_EDGE ( 'NONE', *, *, #288, .F. ) ;
#6549 = ADVANCED_FACE ( 'NONE', ( #4888 ), #179, .T. ) ;
#6550 = ORIENTED_EDGE ( 'NONE', *, *, #6153, .T. ) ;
#6551 = CIRCLE ( 'NONE', #3588, 0.2350000000000004000 ) ;
#6552 = CARTESIAN_POINT ( 'NONE',  ( -2.975000000000001000, -0.1349999999999994500, -2.592546190531647400 ) ) ;
#6553 = DIRECTION ( 'NONE',  ( 0.0000000000000000000, -2.168404344971009900E-016, 1.000000000000000000 ) ) ;
#6554 = LINE ( 'NONE', #213, #8585 ) ;
#6555 = FACE_OUTER_BOUND ( 'NONE', #6594, .T. ) ;
#6556 = PLANE ( 'NONE',  #6728 ) ;
#6557 = CARTESIAN_POINT ( 'NONE',  ( 1.704999999999999000, -0.1000000000000000100, -1.599999999999999900 ) ) ;
#6558 = CARTESIAN_POINT ( 'NONE',  ( -2.975000000000000100, -0.9235781443239867700, 2.999587534657339700 ) ) ;
#6559 = ORIENTED_EDGE ( 'NONE', *, *, #4832, .T. ) ;
#6560 = FACE_OUTER_BOUND ( 'NONE', #8569, .T. ) ;
#6561 = FACE_OUTER_BOUND ( 'NONE', #3396, .T. ) ;
#6562 = DIRECTION ( 'NONE',  ( 1.000000000000000000, 0.0000000000000000000, 0.0000000000000000000 ) ) ;
#6563 = ADVANCED_FACE ( 'NONE', ( #5407 ), #5557, .F. ) ;
#6564 = VERTEX_POINT ( 'NONE', #3577 ) ;
#6565 = VECTOR ( 'NONE', #7177, 1000.000000000000200 ) ;
#6566 = ADVANCED_FACE ( 'NONE', ( #4370 ), #6329, .T. ) ;
#6567 = CARTESIAN_POINT ( 'NONE',  ( 3.374999999999999600, -0.8946558305423292200, 2.965119263301912300 ) ) ;
#6568 = EDGE_LOOP ( 'NONE', ( #2900, #6283, #4075, #2881 ) ) ;
#6569 = DIRECTION ( 'NONE',  ( 1.000000000000000000, 0.0000000000000000000, 0.0000000000000000000 ) ) ;
#6570 = FACE_OUTER_BOUND ( 'NONE', #3237, .T. ) ;
#6571 = DIRECTION ( 'NONE',  ( -1.000000000000000000, 0.0000000000000000000, 0.0000000000000000000 ) ) ;
#6572 = ORIENTED_EDGE ( 'NONE', *, *, #8255, .F. ) ;
#6573 = PLANE ( 'NONE',  #5959 ) ;
#6574 = EDGE_CURVE ( 'NONE', #5071, #7093, #3935, .T. ) ;
#6575 = VECTOR ( 'NONE', #1449, 1000.000000000000000 ) ;
#6576 = CARTESIAN_POINT ( 'NONE',  ( 0.0000000000000000000, 0.5148177190201993500, -2.716591047919102200 ) ) ;
#6577 = ORIENTED_EDGE ( 'NONE', *, *, #2606, .F. ) ;
#6578 = EDGE_CURVE ( 'NONE', #7465, #8044, #3051, .T. ) ;
#6579 = CARTESIAN_POINT ( 'NONE',  ( 0.0000000000000000000, -0.9235781443239868800, 3.555000000000000200 ) ) ;
#6580 = DIRECTION ( 'NONE',  ( -1.000000000000000000, 0.0000000000000000000, 0.0000000000000000000 ) ) ;
#6581 = EDGE_LOOP ( 'NONE', ( #4524, #7863, #8289, #6764 ) ) ;
#6582 = EDGE_CURVE ( 'NONE', #4959, #4011, #8442, .T. ) ;
#6583 = DIRECTION ( 'NONE',  ( 0.0000000000000000000, 0.0000000000000000000, -1.000000000000000000 ) ) ;
#6584 = PLANE ( 'NONE',  #6490 ) ;
#6585 = ADVANCED_FACE ( 'NONE', ( #4679 ), #6427, .F. ) ;
#6586 = VECTOR ( 'NONE', #4231, 1000.000000000000000 ) ;
#6587 = CIRCLE ( 'NONE', #5454, 0.2350000000000004000 ) ;
#6588 = ORIENTED_EDGE ( 'NONE', *, *, #5034, .T. ) ;
#6589 = DIRECTION ( 'NONE',  ( 0.0000000000000000000, 0.0000000000000000000, 1.000000000000000000 ) ) ;
#6590 = EDGE_LOOP ( 'NONE', ( #1417, #6171, #3338, #1432 ) ) ;
#6591 = DIRECTION ( 'NONE',  ( 0.0000000000000000000, -0.1736481776669340800, -0.9848077530122074700 ) ) ;
#6592 = VECTOR ( 'NONE', #3291, 1000.000000000000200 ) ;
#6593 = PLANE ( 'NONE',  #431 ) ;
#6594 = EDGE_LOOP ( 'NONE', ( #7795, #406, #2783, #7627 ) ) ;
#6595 = ORIENTED_EDGE ( 'NONE', *, *, #2907, .T. ) ;
#6596 = VECTOR ( 'NONE', #4681, 1000.000000000000000 ) ;
#6597 = ORIENTED_EDGE ( 'NONE', *, *, #4308, .T. ) ;
#6598 = EDGE_CURVE ( 'NONE', #2562, #1411, #6217, .T. ) ;
#6599 = DIRECTION ( 'NONE',  ( -1.000000000000000000, 0.0000000000000000000, 0.0000000000000000000 ) ) ;
#6600 = AXIS2_PLACEMENT_3D ( 'NONE', #5510, #7536, #39 ) ;
#6601 = FACE_OUTER_BOUND ( 'NONE', #6387, .T. ) ;
#6602 = FACE_OUTER_BOUND ( 'NONE', #2538, .T. ) ;
#6603 = ORIENTED_EDGE ( 'NONE', *, *, #5539, .F. ) ;
#6604 = ORIENTED_EDGE ( 'NONE', *, *, #5507, .F. ) ;
#6605 = DIRECTION ( 'NONE',  ( 0.0000000000000000000, -0.0000000000000000000, 1.000000000000000000 ) ) ;
#6606 = AXIS2_PLACEMENT_3D ( 'NONE', #4340, #8228, #4929 ) ;
#6607 = LINE ( 'NONE', #7292, #8198 ) ;
#6608 = ORIENTED_EDGE ( 'NONE', *, *, #1993, .F. ) ;
#6609 = ADVANCED_FACE ( 'NONE', ( #698 ), #7378, .F. ) ;
#6610 = LINE ( 'NONE', #5692, #4860 ) ;
#6611 = FACE_OUTER_BOUND ( 'NONE', #7886, .T. ) ;
#6612 = DIRECTION ( 'NONE',  ( 0.0000000000000000000, -0.9848077530122073500, 0.1736481776669340500 ) ) ;
#6614 = ADVANCED_FACE ( 'NONE', ( #4465 ), #3101, .F. ) ;
#6613 = AXIS2_PLACEMENT_3D ( 'NONE', #7788, #7842, #3823 ) ;
#6615 = ORIENTED_EDGE ( 'NONE', *, *, #1664, .F. ) ;
#6616 = AXIS2_PLACEMENT_3D ( 'NONE', #3040, #7009, #3768 ) ;
#6617 =( LENGTH_UNIT ( ) NAMED_UNIT ( * ) SI_UNIT ( .MILLI., .METRE. ) );
#6618 = AXIS2_PLACEMENT_3D ( 'NONE', #2945, #2223, #4380 ) ;
#6619 = ORIENTED_EDGE ( 'NONE', *, *, #3949, .T. ) ;
#6620 = AXIS2_PLACEMENT_3D ( 'NONE', #596, #1239, #1995 ) ;
#6621 = LINE ( 'NONE', #757, #8315 ) ;
#6622 = ORIENTED_EDGE ( 'NONE', *, *, #998, .F. ) ;
#6623 = CARTESIAN_POINT ( 'NONE',  ( 0.0000000000000000000, 0.1000000000000000100, 0.0000000000000000000 ) ) ;
#6624 = CARTESIAN_POINT ( 'NONE',  ( 2.105000000000000000, -0.06527036446661303700, 2.818876228225294200 ) ) ;
#6625 = EDGE_CURVE ( 'NONE', #4011, #2086, #7707, .T. ) ;
#6626 = ORIENTED_EDGE ( 'NONE', *, *, #8023, .T. ) ;
#6627 = VECTOR ( 'NONE', #1702, 1000.000000000000000 ) ;
#6628 = PLANE ( 'NONE',  #7305 ) ;
#6629 = DIRECTION ( 'NONE',  ( -1.000000000000000000, 0.0000000000000000000, 0.0000000000000000000 ) ) ;
#6630 = DIRECTION ( 'NONE',  ( -0.0000000000000000000, 0.0000000000000000000, 1.000000000000000000 ) ) ;
#6631 = CARTESIAN_POINT ( 'NONE',  ( -5.417728344383773400, 0.5232985629623194700, 2.207728344383774700 ) ) ;
#6632 = EDGE_LOOP ( 'NONE', ( #5559, #5146, #2375, #4786 ) ) ;
#6633 = FACE_OUTER_BOUND ( 'NONE', #5790, .T. ) ;
#6634 = ADVANCED_FACE ( 'NONE', ( #8018 ), #1653, .T. ) ;
#6635 = DIRECTION ( 'NONE',  ( 0.0000000000000000000, 1.000000000000000000, 0.0000000000000000000 ) ) ;
#6636 = CARTESIAN_POINT ( 'NONE',  ( 2.974999999999998300, -0.9235781443239867700, 2.999587534657339700 ) ) ;
#6637 = CARTESIAN_POINT ( 'NONE',  ( -2.105000000000001300, -0.09419267824826987900, -2.823976012489516600 ) ) ;
#6638 = DIRECTION ( 'NONE',  ( 1.000000000000000000, -0.0000000000000000000, -0.0000000000000000000 ) ) ;
#6639 = ORIENTED_EDGE ( 'NONE', *, *, #2803, .T. ) ;
#6640 = EDGE_CURVE ( 'NONE', #4206, #3341, #7809, .T. ) ;
#6641 = LINE ( 'NONE', #913, #5417 ) ;
#6642 = DIRECTION ( 'NONE',  ( -8.673617379884039400E-016, 0.0000000000000000000, 1.000000000000000000 ) ) ;
#6643 = DIRECTION ( 'NONE',  ( 1.000000000000000000, 0.0000000000000000000, -0.0000000000000000000 ) ) ;
#6644 = ORIENTED_EDGE ( 'NONE', *, *, #5426, .F. ) ;
#6645 = CARTESIAN_POINT ( 'NONE',  ( -0.8350000000000015200, -0.9235781443239867700, 2.999587534657339700 ) ) ;
#6646 = LINE ( 'NONE', #4904, #1889 ) ;
#6647 = EDGE_CURVE ( 'NONE', #5807, #7829, #5203, .T. ) ;
#6648 = AXIS2_PLACEMENT_3D ( 'NONE', #8721, #5478, #2663 ) ;
#6649 = CARTESIAN_POINT ( 'NONE',  ( -2.975000000000000100, -0.09999999999999925600, 2.592546190531647400 ) ) ;
#6650 = EDGE_CURVE ( 'NONE', #6767, #4421, #5917, .T. ) ;
#6651 = ADVANCED_FACE ( 'NONE', ( #8746 ), #5782, .F. ) ;
#6652 = ORIENTED_EDGE ( 'NONE', *, *, #579, .T. ) ;
#6653 = VECTOR ( 'NONE', #4596, 1000.000000000000200 ) ;
#6654 = CARTESIAN_POINT ( 'NONE',  ( 0.4349999999999988900, -0.9235781443239867700, 2.999587534657339700 ) ) ;
#6655 = ORIENTED_EDGE ( 'NONE', *, *, #2488, .F. ) ;
#6656 = LINE ( 'NONE', #359, #717 ) ;
#6657 = CARTESIAN_POINT ( 'NONE',  ( -4.645000000000001400, -1.123578144323986900, -2.999587534657339700 ) ) ;
#6658 = DIRECTION ( 'NONE',  ( 2.168404344971009900E-016, -2.168404344971009900E-016, 1.000000000000000000 ) ) ;
#6659 = ORIENTED_EDGE ( 'NONE', *, *, #6914, .F. ) ;
#6660 = DIRECTION ( 'NONE',  ( 0.0000000000000000000, 0.1736481776669342400, -0.9848077530122073500 ) ) ;
#6661 = CARTESIAN_POINT ( 'NONE',  ( -1.705000000000001200, -0.8885781443239865200, -2.999587534657339700 ) ) ;
#6662 = AXIS2_PLACEMENT_3D ( 'NONE', #5251, #2548, #4573 ) ;
#6663 = DIRECTION ( 'NONE',  ( 0.0000000000000000000, -2.168404344971009900E-016, 1.000000000000000000 ) ) ;
#6664 = ORIENTED_EDGE ( 'NONE', *, *, #8497, .T. ) ;
#6665 = VECTOR ( 'NONE', #7962, 1000.000000000000000 ) ;
#6666 = LINE ( 'NONE', #2670, #7737 ) ;
#6667 = CARTESIAN_POINT ( 'NONE',  ( 3.374999999999998700, -0.09999999999999925600, -2.592546190531647400 ) ) ;
#6668 = ORIENTED_EDGE ( 'NONE', *, *, #6771, .T. ) ;
#6669 = CARTESIAN_POINT ( 'NONE',  ( -4.645000000000001400, -0.8885781443239865200, -2.999587534657339700 ) ) ;
#6670 = VECTOR ( 'NONE', #7681, 1000.000000000000000 ) ;
#6671 = CARTESIAN_POINT ( 'NONE',  ( -2.105000000000001300, -0.1349999999999994500, 2.592546190531647400 ) ) ;
#6672 = ORIENTED_EDGE ( 'NONE', *, *, #6153, .F. ) ;
#6673 = PLANE ( 'NONE',  #6686 ) ;
#6674 = AXIS2_PLACEMENT_3D ( 'NONE', #2424, #7088, #248 ) ;
#6675 = ORIENTED_EDGE ( 'NONE', *, *, #3864, .T. ) ;
#6676 = CIRCLE ( 'NONE', #3757, 0.2350000000000004000 ) ;
#6677 = CIRCLE ( 'NONE', #1208, 0.03500000000000030900 ) ;
#6678 = VERTEX_POINT ( 'NONE', #7057 ) ;
#6679 = EDGE_CURVE ( 'NONE', #3568, #3006, #1544, .T. ) ;
#6680 = DIRECTION ( 'NONE',  ( -1.000000000000000000, 0.0000000000000000000, 0.0000000000000000000 ) ) ;
#6681 = LINE ( 'NONE', #8766, #2026 ) ;
#6682 = CARTESIAN_POINT ( 'NONE',  ( -4.245000000000000100, -0.1000000000000000100, 2.825000000000000200 ) ) ;
#6683 = CARTESIAN_POINT ( 'NONE',  ( -1.705000000000000300, -0.1000000000000000100, -1.599999999999999900 ) ) ;
#6684 = EDGE_CURVE ( 'NONE', #6882, #2273, #3380, .T. ) ;
#6685 = CARTESIAN_POINT ( 'NONE',  ( 1.704999999999998300, -0.9235781443239869900, -3.970219047566133900 ) ) ;
#6686 = AXIS2_PLACEMENT_3D ( 'NONE', #4617, #3315, #8036 ) ;
#6687 = LINE ( 'NONE', #2342, #733 ) ;
#6688 = CARTESIAN_POINT ( 'NONE',  ( -1.705000000000000300, 0.1000000000000000100, 1.599999999999999900 ) ) ;
#6689 = ORIENTED_EDGE ( 'NONE', *, *, #3461, .T. ) ;
#6690 = CARTESIAN_POINT ( 'NONE',  ( -0.8350000000000015200, -0.1000000000000000100, -1.599999999999999900 ) ) ;
#6691 = DIRECTION ( 'NONE',  ( 1.000000000000000000, -0.0000000000000000000, -0.0000000000000000000 ) ) ;
#6692 = CARTESIAN_POINT ( 'NONE',  ( -3.375000000000001300, -0.8885781443239865200, 2.999587534657339700 ) ) ;
#6693 = DIRECTION ( 'NONE',  ( -0.0000000000000000000, -0.0000000000000000000, 1.000000000000000000 ) ) ;
#6694 = DIRECTION ( 'NONE',  ( -1.000000000000000000, 0.0000000000000000000, -0.0000000000000000000 ) ) ;
#6695 = DIRECTION ( 'NONE',  ( 1.000000000000000000, 0.0000000000000000000, 0.0000000000000000000 ) ) ;
#6696 = ORIENTED_EDGE ( 'NONE', *, *, #7342, .F. ) ;
#6697 = ORIENTED_EDGE ( 'NONE', *, *, #7594, .F. ) ;
#6698 = EDGE_CURVE ( 'NONE', #7829, #4146, #1331, .T. ) ;
#6699 = CIRCLE ( 'NONE', #3159, 0.03500000000000030900 ) ;
#6700 = CARTESIAN_POINT ( 'NONE',  ( 0.4349999999999987800, -0.9235781443239867700, -2.999587534657339700 ) ) ;
#6701 = DIRECTION ( 'NONE',  ( 0.0000000000000000000, -1.000000000000000000, 0.0000000000000000000 ) ) ;
#6702 = DIRECTION ( 'NONE',  ( 1.000000000000000000, 0.0000000000000000000, 0.0000000000000000000 ) ) ;
#6703 = VECTOR ( 'NONE', #742, 1000.000000000000000 ) ;
#6704 = ADVANCED_FACE ( 'NONE', ( #8432 ), #4562, .T. ) ;
#6705 = ORIENTED_EDGE ( 'NONE', *, *, #7953, .T. ) ;
#6706 = EDGE_CURVE ( 'NONE', #3026, #6356, #1013, .T. ) ;
#6707 = LINE ( 'NONE', #1960, #9 ) ;
#6708 = DIRECTION ( 'NONE',  ( 0.0000000000000000000, 0.0000000000000000000, -1.000000000000000000 ) ) ;
#6709 = ORIENTED_EDGE ( 'NONE', *, *, #7318, .F. ) ;
#6710 = ORIENTED_EDGE ( 'NONE', *, *, #2065, .T. ) ;
#6711 = EDGE_LOOP ( 'NONE', ( #2764, #5878, #4626, #1897 ) ) ;
#6712 = EDGE_CURVE ( 'NONE', #2955, #4439, #2302, .T. ) ;
#6713 = DIRECTION ( 'NONE',  ( 0.0000000000000000000, 0.1736481776669342400, -0.9848077530122073500 ) ) ;
#6714 = EDGE_LOOP ( 'NONE', ( #1604, #5162, #3885, #3484 ) ) ;
#6715 = LINE ( 'NONE', #2, #7239 ) ;
#6716 = ORIENTED_EDGE ( 'NONE', *, *, #589, .T. ) ;
#6717 = FACE_OUTER_BOUND ( 'NONE', #6150, .T. ) ;
#6718 = PLANE ( 'NONE',  #4064 ) ;
#6719 = CIRCLE ( 'NONE', #2255, 0.2350000000000004000 ) ;
#6720 = FACE_OUTER_BOUND ( 'NONE', #5848, .T. ) ;
#6721 = ORIENTED_EDGE ( 'NONE', *, *, #2977, .T. ) ;
#6722 = ORIENTED_EDGE ( 'NONE', *, *, #1125, .F. ) ;
#6723 = CARTESIAN_POINT ( 'NONE',  ( -4.645000000000001400, -0.8885781443239865200, -2.999587534657339700 ) ) ;
#6724 = AXIS2_PLACEMENT_3D ( 'NONE', #686, #5468, #8764 ) ;
#6725 = EDGE_LOOP ( 'NONE', ( #6334, #8119, #3683, #2144 ) ) ;
#6726 = VERTEX_POINT ( 'NONE', #1066 ) ;
#6727 = DIRECTION ( 'NONE',  ( 0.0000000000000000000, 1.000000000000000000, 0.0000000000000000000 ) ) ;
#6728 = AXIS2_PLACEMENT_3D ( 'NONE', #7245, #1074, #3194 ) ;
#6729 = DIRECTION ( 'NONE',  ( 0.0000000000000000000, 0.0000000000000000000, -1.000000000000000000 ) ) ;
#6730 = FACE_OUTER_BOUND ( 'NONE', #687, .T. ) ;
#6731 = CARTESIAN_POINT ( 'NONE',  ( -0.4350000000000005000, -1.123578144323986900, 2.999587534657339700 ) ) ;
#6732 = DIRECTION ( 'NONE',  ( 1.000000000000000000, 0.0000000000000000000, -0.0000000000000000000 ) ) ;
#6733 = ORIENTED_EDGE ( 'NONE', *, *, #729, .T. ) ;
#6734 = CARTESIAN_POINT ( 'NONE',  ( -0.4350000000000013900, -0.1349999999999994500, -2.592546190531647400 ) ) ;
#6735 = PLANE ( 'NONE',  #2953 ) ;
#6736 = ORIENTED_EDGE ( 'NONE', *, *, #8188, .T. ) ;
#6737 = VERTEX_POINT ( 'NONE', #8634 ) ;
#6738 = FACE_OUTER_BOUND ( 'NONE', #4742, .T. ) ;
#6739 = AXIS2_PLACEMENT_3D ( 'NONE', #5490, #2847, #1382 ) ;
#6740 = APPLICATION_CONTEXT ( 'automotive_design' ) ;
#6741 = FILL_AREA_STYLE ('',( #8186 ) ) ;
#6742 = AXIS2_PLACEMENT_3D ( 'NONE', #5295, #482, #1142 ) ;
#6743 = PLANE ( 'NONE',  #8435 ) ;
#6744 = FACE_OUTER_BOUND ( 'NONE', #293, .T. ) ;
#6745 = CARTESIAN_POINT ( 'NONE',  ( -3.375000000000001300, -0.9235781443239867700, -2.999587534657339700 ) ) ;
#6746 = DIRECTION ( 'NONE',  ( 0.0000000000000000000, 0.9848077530122073500, -0.1736481776669340500 ) ) ;
#6747 = ADVANCED_FACE ( 'NONE', ( #1770 ), #1767, .T. ) ;
#6748 = LINE ( 'NONE', #5012, #1228 ) ;
#6749 = CARTESIAN_POINT ( 'NONE',  ( -3.375000000000001300, -0.09999999999999925600, 2.592546190531647400 ) ) ;
#6750 = EDGE_CURVE ( 'NONE', #1864, #8109, #5303, .T. ) ;
#6751 = CARTESIAN_POINT ( 'NONE',  ( -2.105000000000001300, -0.1000000000000000100, -1.599999999999999900 ) ) ;
#6752 = DIRECTION ( 'NONE',  ( 0.0000000000000000000, 0.0000000000000000000, 1.000000000000000000 ) ) ;
#6753 = SURFACE_STYLE_USAGE ( .BOTH. , #6094 ) ;
#6754 = CARTESIAN_POINT ( 'NONE',  ( -0.8350000000000015200, -1.123578144323986900, 2.970219047566134300 ) ) ;
#6755 = VERTEX_POINT ( 'NONE', #5864 ) ;
#6756 = EDGE_CURVE ( 'NONE', #4103, #6265, #3711, .T. ) ;
#6757 = LINE ( 'NONE', #592, #4377 ) ;
#6758 = DIRECTION ( 'NONE',  ( 1.000000000000000000, 0.0000000000000000000, 0.0000000000000000000 ) ) ;
#6759 = EDGE_CURVE ( 'NONE', #5267, #3769, #8224, .T. ) ;
#6760 = VERTEX_POINT ( 'NONE', #3254 ) ;
#6761 = ORIENTED_EDGE ( 'NONE', *, *, #7219, .F. ) ;
#6762 = VECTOR ( 'NONE', #4212, 1000.000000000000000 ) ;
#6763 = DIRECTION ( 'NONE',  ( 8.673617379884039400E-016, -2.168404344971009900E-016, -1.000000000000000000 ) ) ;
#6764 = ORIENTED_EDGE ( 'NONE', *, *, #5441, .F. ) ;
#6765 = ADVANCED_FACE ( 'NONE', ( #6744 ), #4588, .F. ) ;
#6766 = PLANE ( 'NONE',  #7581 ) ;
#6767 = VERTEX_POINT ( 'NONE', #5300 ) ;
#6768 = LINE ( 'NONE', #6005, #8248 ) ;
#6769 = CIRCLE ( 'NONE', #1745, 0.2350000000000004000 ) ;
#6770 = CARTESIAN_POINT ( 'NONE',  ( -0.4350000000000005000, -0.1000000000000000100, 1.599999999999999900 ) ) ;
#6771 = EDGE_CURVE ( 'NONE', #1808, #7833, #8015, .T. ) ;
#6772 =( GEOMETRIC_REPRESENTATION_CONTEXT ( 3 ) GLOBAL_UNCERTAINTY_ASSIGNED_CONTEXT ( ( #7896 ) ) GLOBAL_UNIT_ASSIGNED_CONTEXT ( ( #5190, #1067, #8515 ) ) REPRESENTATION_CONTEXT ( 'NONE', 'WORKASPACE' ) );
#6773 = ORIENTED_EDGE ( 'NONE', *, *, #2554, .T. ) ;
#6774 = FACE_OUTER_BOUND ( 'NONE', #8708, .T. ) ;
#6775 = AXIS2_PLACEMENT_3D ( 'NONE', #746, #3732, #5674 ) ;
#6776 = EDGE_CURVE ( 'NONE', #1504, #3993, #7917, .T. ) ;
#6777 = DIRECTION ( 'NONE',  ( -1.000000000000000000, 0.0000000000000000000, -0.0000000000000000000 ) ) ;
#6778 = ORIENTED_EDGE ( 'NONE', *, *, #5396, .F. ) ;
#6779 = CARTESIAN_POINT ( 'NONE',  ( 0.8349999999999989700, -0.1000000000000000100, -2.825000000000000200 ) ) ;
#6780 = CARTESIAN_POINT ( 'NONE',  ( 3.374999999999999600, -0.1000000000000000100, 2.825000000000000200 ) ) ;
#6781 = EDGE_LOOP ( 'NONE', ( #2353, #2128, #6281, #4496 ) ) ;
#6782 = CARTESIAN_POINT ( 'NONE',  ( -4.245000000000001000, -0.1000000000000000100, -2.825000000000000200 ) ) ;
#6783 = CARTESIAN_POINT ( 'NONE',  ( 3.374999999999999600, -0.06527036446661323200, 2.818876228225292800 ) ) ;
#6784 = LINE ( 'NONE', #3564, #839 ) ;
#6785 = LINE ( 'NONE', #6685, #8786 ) ;
#6786 = ORIENTED_EDGE ( 'NONE', *, *, #2907, .F. ) ;
#6787 = VECTOR ( 'NONE', #4589, 1000.000000000000200 ) ;
#6788 = ORIENTED_EDGE ( 'NONE', *, *, #618, .T. ) ;
#6789 = AXIS2_PLACEMENT_3D ( 'NONE', #2854, #7644, #2949 ) ;
#6790 = ORIENTED_EDGE ( 'NONE', *, *, #5802, .T. ) ;
#6791 = DIRECTION ( 'NONE',  ( -1.000000000000000000, 4.212971753347078400E-032, 2.168404344971009900E-016 ) ) ;
#6792 = LINE ( 'NONE', #2879, #2240 ) ;
#6793 = CARTESIAN_POINT ( 'NONE',  ( 2.974999999999998300, -0.09419267824826987900, -2.823976012489516600 ) ) ;
#6794 = PRESENTATION_LAYER_ASSIGNMENT (  '', '', ( #3481 ) ) ;
#6795 = CARTESIAN_POINT ( 'NONE',  ( 4.645000000000001400, -0.1289223137816567200, -2.627014461887075200 ) ) ;
#6796 = ADVANCED_FACE ( 'NONE', ( #8650 ), #5950, .F. ) ;
#6797 = CARTESIAN_POINT ( 'NONE',  ( 2.104999999999999100, -0.9293854660757164800, -2.768157712699470100 ) ) ;
#6798 = FACE_OUTER_BOUND ( 'NONE', #146, .T. ) ;
#6799 = EDGE_CURVE ( 'NONE', #1035, #3126, #4985, .T. ) ;
#6800 = EDGE_CURVE ( 'NONE', #7549, #3616, #6421, .T. ) ;
#6801 = ORIENTED_EDGE ( 'NONE', *, *, #2787, .T. ) ;
#6802 = ORIENTED_EDGE ( 'NONE', *, *, #603, .F. ) ;
#6803 = COLOUR_RGB ( '',0.7921568627450980000, 0.8196078431372548800, 0.9333333333333333500 ) ;
#6804 = CARTESIAN_POINT ( 'NONE',  ( -2.975000000000001000, -0.09999999999999925600, -2.592546190531647400 ) ) ;
#6805 = CIRCLE ( 'NONE', #2528, 0.03500000000000030900 ) ;
#6806 = ORIENTED_EDGE ( 'NONE', *, *, #1136, .F. ) ;
#6807 = LINE ( 'NONE', #134, #7442 ) ;
#6808 = VECTOR ( 'NONE', #5506, 1000.000000000000000 ) ;
#6809 = DIRECTION ( 'NONE',  ( 0.0000000000000000000, 2.168404344971009900E-016, 1.000000000000000000 ) ) ;
#6810 = ORIENTED_EDGE ( 'NONE', *, *, #3312, .F. ) ;
#6811 = CARTESIAN_POINT ( 'NONE',  ( -3.375000000000001300, -0.1349999999999994500, 2.592546190531647400 ) ) ;
#6812 = DIRECTION ( 'NONE',  ( 1.000000000000000000, -0.0000000000000000000, -0.0000000000000000000 ) ) ;
#6813 = LINE ( 'NONE', #4989, #2271 ) ;
#6814 = ORIENTED_EDGE ( 'NONE', *, *, #511, .T. ) ;
#6815 = EDGE_CURVE ( 'NONE', #369, #1964, #8330, .T. ) ;
#6816 = ORIENTED_EDGE ( 'NONE', *, *, #4324, .F. ) ;
#6817 = LINE ( 'NONE', #409, #8102 ) ;
#6818 = VECTOR ( 'NONE', #2626, 1000.000000000000000 ) ;
#6819 = PLANE ( 'NONE',  #7171 ) ;
#6820 = DIRECTION ( 'NONE',  ( -1.000000000000000000, -0.0000000000000000000, 0.0000000000000000000 ) ) ;
#6821 = ORIENTED_EDGE ( 'NONE', *, *, #2419, .F. ) ;
#6822 = PLANE ( 'NONE',  #3404 ) ;
#6823 = FILL_AREA_STYLE_COLOUR ( '', #5352 ) ;
#6824 = ADVANCED_FACE ( 'NONE', ( #5711 ), #2620, .T. ) ;
#6825 = FACE_OUTER_BOUND ( 'NONE', #5703, .T. ) ;
#6826 = ORIENTED_EDGE ( 'NONE', *, *, #4545, .F. ) ;
#6827 = CARTESIAN_POINT ( 'NONE',  ( 4.245000000000000100, -0.1349999999999994500, 2.592546190531647400 ) ) ;
#6828 = ORIENTED_EDGE ( 'NONE', *, *, #6418, .F. ) ;
#6829 = LINE ( 'NONE', #3599, #257 ) ;
#6830 = FACE_OUTER_BOUND ( 'NONE', #3422, .T. ) ;
#6831 = ORIENTED_EDGE ( 'NONE', *, *, #6115, .F. ) ;
#6832 = EDGE_CURVE ( 'NONE', #1095, #7290, #52, .T. ) ;
#6833 = ORIENTED_EDGE ( 'NONE', *, *, #1884, .T. ) ;
#6834 = ORIENTED_EDGE ( 'NONE', *, *, #8589, .T. ) ;
#6835 = CARTESIAN_POINT ( 'NONE',  ( 3.374999999999998700, -0.8946558305423292200, -2.965119263301912300 ) ) ;
#6836 = ORIENTED_EDGE ( 'NONE', *, *, #7916, .F. ) ;
#6837 = DIRECTION ( 'NONE',  ( 1.000000000000000000, 0.0000000000000000000, 0.0000000000000000000 ) ) ;
#6838 = ORIENTED_EDGE ( 'NONE', *, *, #288, .T. ) ;
#6839 = CARTESIAN_POINT ( 'NONE',  ( -2.105000000000001300, -0.09999999999999925600, -2.592546190531647400 ) ) ;
#6840 = CARTESIAN_POINT ( 'NONE',  ( -4.245000000000001000, -0.1349999999999994500, -2.592546190531647400 ) ) ;
#6841 = EDGE_LOOP ( 'NONE', ( #7065, #2568, #3902, #1862 ) ) ;
#6842 = AXIS2_PLACEMENT_3D ( 'NONE', #296, #1719, #8415 ) ;
#6843 = FACE_OUTER_BOUND ( 'NONE', #4315, .T. ) ;
#6844 = ADVANCED_FACE ( 'NONE', ( #3490 ), #4668, .F. ) ;
#6845 = CARTESIAN_POINT ( 'NONE',  ( 0.4349999999999987800, -0.1289223137816569700, 2.627014461887073900 ) ) ;
#6846 = DIRECTION ( 'NONE',  ( -1.000000000000000000, 0.0000000000000000000, 0.0000000000000000000 ) ) ;
#6847 = CARTESIAN_POINT ( 'NONE',  ( 4.245000000000001000, -0.1000000000000000100, -2.825000000000000200 ) ) ;
#6848 = EDGE_CURVE ( 'NONE', #645, #3593, #5508, .T. ) ;
#6849 = ORIENTED_EDGE ( 'NONE', *, *, #3193, .T. ) ;
#6850 = LINE ( 'NONE', #2867, #6021 ) ;
#6851 = AXIS2_PLACEMENT_3D ( 'NONE', #5439, #6820, #7439 ) ;
#6852 = ORIENTED_EDGE ( 'NONE', *, *, #8268, .F. ) ;
#6853 = PLANE ( 'NONE',  #1381 ) ;
#6854 = VECTOR ( 'NONE', #4988, 1000.000000000000000 ) ;
#6855 = ORIENTED_EDGE ( 'NONE', *, *, #6159, .T. ) ;
#6856 = DIRECTION ( 'NONE',  ( -1.000000000000000000, -8.425943506694156900E-032, 4.336808689942019700E-016 ) ) ;
#6857 = EDGE_CURVE ( 'NONE', #2481, #2784, #1872, .T. ) ;
#6858 = LINE ( 'NONE', #1556, #5221 ) ;
#6859 = CARTESIAN_POINT ( 'NONE',  ( -3.375000000000001300, -0.1289223137816567200, -2.627014461887075200 ) ) ;
#6860 = DIRECTION ( 'NONE',  ( 0.0000000000000000000, -0.9848077530122073500, -0.1736481776669340500 ) ) ;
#6861 = DIRECTION ( 'NONE',  ( 1.000000000000000000, -0.0000000000000000000, -0.0000000000000000000 ) ) ;
#6862 = CARTESIAN_POINT ( 'NONE',  ( 4.645000000000001400, -0.1349999999999994500, -2.592546190531647400 ) ) ;
#6863 = EDGE_CURVE ( 'NONE', #225, #6041, #2727, .T. ) ;
#6864 = ORIENTED_EDGE ( 'NONE', *, *, #8421, .T. ) ;
#6865 = LINE ( 'NONE', #7988, #6653 ) ;
#6866 = CARTESIAN_POINT ( 'NONE',  ( 0.8349999999999998500, -0.8946558305423294400, 2.965119263301911400 ) ) ;
#6867 = ADVANCED_FACE ( 'NONE', ( #3257 ), #6735, .T. ) ;
#6868 = ORIENTED_EDGE ( 'NONE', *, *, #3086, .F. ) ;
#6869 = LINE ( 'NONE', #5965, #1898 ) ;
#6870 = EDGE_LOOP ( 'NONE', ( #6315, #6652, #7851, #3927 ) ) ;
#6871 = DIRECTION ( 'NONE',  ( 0.0000000000000000000, 0.0000000000000000000, -1.000000000000000000 ) ) ;
#6872 = DIRECTION ( 'NONE',  ( 0.0000000000000000000, -0.1736481776669340800, -0.9848077530122074700 ) ) ;
#6873 = ADVANCED_FACE ( 'NONE', ( #2827 ), #4682, .T. ) ;
#6874 = CARTESIAN_POINT ( 'NONE',  ( 0.4349999999999987800, -0.1349999999999994500, 2.592546190531647400 ) ) ;
#6875 = EDGE_CURVE ( 'NONE', #7764, #1701, #6213, .T. ) ;
#6876 = FACE_OUTER_BOUND ( 'NONE', #5386, .T. ) ;
#6877 = FACE_OUTER_BOUND ( 'NONE', #5056, .T. ) ;
#6878 = DIRECTION ( 'NONE',  ( 2.710505431213754200E-016, -1.000000000000000000, 0.0000000000000000000 ) ) ;
#6879 = EDGE_CURVE ( 'NONE', #2059, #1054, #6125, .T. ) ;
#6881 = ADVANCED_FACE ( 'NONE', ( #6843 ), #5096, .T. ) ;
#6880 = AXIS2_PLACEMENT_3D ( 'NONE', #6661, #4487, #7316 ) ;
#6882 = VERTEX_POINT ( 'NONE', #2835 ) ;
#6883 = FACE_OUTER_BOUND ( 'NONE', #1197, .T. ) ;
#6884 = DIRECTION ( 'NONE',  ( 0.0000000000000000000, 0.0000000000000000000, -1.000000000000000000 ) ) ;
#6885 = DIRECTION ( 'NONE',  ( -1.000000000000000000, 0.0000000000000000000, 0.0000000000000000000 ) ) ;
#6886 = CARTESIAN_POINT ( 'NONE',  ( -3.375000000000001300, -0.9235781443239867700, 2.999587534657339700 ) ) ;
#6887 = LINE ( 'NONE', #224, #6161 ) ;
#6888 = ORIENTED_EDGE ( 'NONE', *, *, #7605, .T. ) ;
#6889 = AXIS2_PLACEMENT_3D ( 'NONE', #5095, #973, #7686 ) ;
#6890 = VERTEX_POINT ( 'NONE', #3384 ) ;
#6891 = AXIS2_PLACEMENT_3D ( 'NONE', #4771, #5467, #1334 ) ;
#6892 = DIRECTION ( 'NONE',  ( -1.000000000000000000, 0.0000000000000000000, 0.0000000000000000000 ) ) ;
#6893 = AXIS2_PLACEMENT_3D ( 'NONE', #6277, #437, #2495 ) ;
#6894 = AXIS2_PLACEMENT_3D ( 'NONE', #3727, #949, #3073 ) ;
#6895 = DIRECTION ( 'NONE',  ( -1.000000000000000000, 0.0000000000000000000, -0.0000000000000000000 ) ) ;
#6896 = CARTESIAN_POINT ( 'NONE',  ( -3.375000000000001300, -0.8885781443239865200, 2.999587534657339700 ) ) ;
#6897 = LINE ( 'NONE', #3353, #1715 ) ;
#6898 = ADVANCED_FACE ( 'NONE', ( #1435 ), #6532, .F. ) ;
#6899 = CARTESIAN_POINT ( 'NONE',  ( 0.0000000000000000000, -0.9235781443239868800, 3.555000000000000200 ) ) ;
#6900 = ORIENTED_EDGE ( 'NONE', *, *, #3203, .T. ) ;
#6901 = ORIENTED_EDGE ( 'NONE', *, *, #8737, .F. ) ;
#6902 = EDGE_CURVE ( 'NONE', #4254, #8005, #3153, .T. ) ;
#6903 = CARTESIAN_POINT ( 'NONE',  ( -4.245000000000001000, -0.8946558305423296700, -2.965119263301910100 ) ) ;
#6904 = CARTESIAN_POINT ( 'NONE',  ( 4.245000000000000100, -0.9235781443239868800, 3.555000000000000200 ) ) ;
#6905 = LINE ( 'NONE', #7695, #2578 ) ;
#6906 = EDGE_LOOP ( 'NONE', ( #2965, #7042, #4032, #1351 ) ) ;
#6907 = ORIENTED_EDGE ( 'NONE', *, *, #7660, .F. ) ;
#6908 = CYLINDRICAL_SURFACE ( 'NONE', #938, 0.2350000000000002400 ) ;
#6909 = FACE_OUTER_BOUND ( 'NONE', #1832, .T. ) ;
#6910 = EDGE_LOOP ( 'NONE', ( #1274, #881, #8135, #7968 ) ) ;
#6911 = ORIENTED_EDGE ( 'NONE', *, *, #2628, .F. ) ;
#6912 = LINE ( 'NONE', #4625, #7666 ) ;
#6913 = ORIENTED_EDGE ( 'NONE', *, *, #5449, .F. ) ;
#6914 = EDGE_CURVE ( 'NONE', #4254, #6082, #6939, .T. ) ;
#6915 = ORIENTED_EDGE ( 'NONE', *, *, #4917, .F. ) ;
#6916 = CARTESIAN_POINT ( 'NONE',  ( -3.375000000000001300, -0.09419267824827008700, -2.823976012489515200 ) ) ;
#6917 = ORIENTED_EDGE ( 'NONE', *, *, #3318, .F. ) ;
#6918 = VECTOR ( 'NONE', #2058, 1000.000000000000000 ) ;
#6919 = DIRECTION ( 'NONE',  ( 0.0000000000000000000, 0.9848077530122073500, 0.1736481776669340500 ) ) ;
#6920 = VECTOR ( 'NONE', #7129, 1000.000000000000000 ) ;
#6921 = EDGE_LOOP ( 'NONE', ( #4541, #6911, #2610, #1493 ) ) ;
#6922 = EDGE_CURVE ( 'NONE', #7545, #8710, #1114, .T. ) ;
#6923 = ORIENTED_EDGE ( 'NONE', *, *, #6679, .T. ) ;
#6924 = CARTESIAN_POINT ( 'NONE',  ( 3.374999999999999600, -0.8946558305423297800, 2.965119263301910100 ) ) ;
#6925 = ADVANCED_FACE ( 'NONE', ( #4778 ), #800, .F. ) ;
#6926 = VERTEX_POINT ( 'NONE', #7619 ) ;
#6927 = ORIENTED_EDGE ( 'NONE', *, *, #2509, .F. ) ;
#6928 = EDGE_LOOP ( 'NONE', ( #2993, #1621, #4597, #1096 ) ) ;
#6929 = FACE_OUTER_BOUND ( 'NONE', #5387, .T. ) ;
#6930 = DIRECTION ( 'NONE',  ( 0.0000000000000000000, 2.168404344971009900E-016, 1.000000000000000000 ) ) ;
#6931 = PLANE ( 'NONE',  #5696 ) ;
#6932 = EDGE_CURVE ( 'NONE', #263, #8449, #4775, .T. ) ;
#6933 = STYLED_ITEM ( 'NONE', ( #2905 ), #1737 ) ;
#6934 = EDGE_LOOP ( 'NONE', ( #6485, #5227, #554, #4662 ) ) ;
#6935 = EDGE_CURVE ( 'NONE', #7148, #2152, #5198, .T. ) ;
#6936 = DIRECTION ( 'NONE',  ( 0.0000000000000000000, -1.000000000000000000, 0.0000000000000000000 ) ) ;
#6937 = CARTESIAN_POINT ( 'NONE',  ( 2.503363576340483300E-016, -0.9235781443239856600, 3.555000000000000200 ) ) ;
#6938 = ORIENTED_EDGE ( 'NONE', *, *, #247, .F. ) ;
#6939 = LINE ( 'NONE', #2886, #2941 ) ;
#6940 = DIRECTION ( 'NONE',  ( -1.000000000000000000, 0.0000000000000000000, 0.0000000000000000000 ) ) ;
#6941 = AXIS2_PLACEMENT_3D ( 'NONE', #6046, #8082, #2570 ) ;
#6942 = DIRECTION ( 'NONE',  ( -4.336808689942019700E-016, -2.168404344971009900E-016, -1.000000000000000000 ) ) ;
#6943 = CARTESIAN_POINT ( 'NONE',  ( -0.4350000000000013900, -1.123578144323986900, -2.970219047566134300 ) ) ;
#6944 = PRESENTATION_LAYER_ASSIGNMENT (  '', '', ( #3651 ) ) ;
#6945 = CARTESIAN_POINT ( 'NONE',  ( 0.4349999999999987800, 0.1000000000000000100, 1.599999999999999900 ) ) ;
#6946 = DIRECTION ( 'NONE',  ( 0.0000000000000000000, 0.1736481776669342400, 0.9848077530122073500 ) ) ;
#6947 = AXIS2_PLACEMENT_3D ( 'NONE', #5105, #7703, #3001 ) ;
#6948 = UNCERTAINTY_MEASURE_WITH_UNIT (LENGTH_MEASURE( 1.000000000000000100E-005 ), #6617, 'distance_accuracy_value', 'NONE');
#6949 = CIRCLE ( 'NONE', #6947, 0.03500000000000030900 ) ;
#6950 = CARTESIAN_POINT ( 'NONE',  ( -2.975000000000001000, -0.1349999999999994500, -2.592546190531647400 ) ) ;
#6951 = ADVANCED_FACE ( 'NONE', ( #8126 ), #4976, .T. ) ;
#6952 = CARTESIAN_POINT ( 'NONE',  ( 4.245000000000001000, -0.09419267824826987900, -2.823976012489516600 ) ) ;
#6953 = DIRECTION ( 'NONE',  ( 0.0000000000000000000, -0.9848077530122073500, -0.1736481776669340500 ) ) ;
#6954 = PLANE ( 'NONE',  #3280 ) ;
#6955 = EDGE_CURVE ( 'NONE', #4269, #1489, #7588, .T. ) ;
#6956 = DIRECTION ( 'NONE',  ( 0.0000000000000000000, -0.9848077530122073500, -0.1736481776669340500 ) ) ;
#6957 = EDGE_CURVE ( 'NONE', #4525, #4705, #5297, .T. ) ;
#6958 = VECTOR ( 'NONE', #2013, 1000.000000000000000 ) ;
#6959 = AXIS2_PLACEMENT_3D ( 'NONE', #4361, #6254, #4913 ) ;
#6960 = DIRECTION ( 'NONE',  ( 0.0000000000000000000, 0.0000000000000000000, -1.000000000000000000 ) ) ;
#6961 = ADVANCED_FACE ( 'NONE', ( #4257 ), #6931, .F. ) ;
#6962 = CARTESIAN_POINT ( 'NONE',  ( -3.375000000000001300, -0.9235781443239867700, 2.999587534657339700 ) ) ;
#6963 = DIRECTION ( 'NONE',  ( 0.0000000000000000000, 0.0000000000000000000, -1.000000000000000000 ) ) ;
#6964 = CARTESIAN_POINT ( 'NONE',  ( 2.974999999999998300, 0.1000000000000007500, 2.592546190531647400 ) ) ;
#6965 = ORIENTED_EDGE ( 'NONE', *, *, #4441, .F. ) ;
#6966 = ORIENTED_EDGE ( 'NONE', *, *, #4982, .F. ) ;
#6967 = VECTOR ( 'NONE', #1469, 1000.000000000000000 ) ;
#6968 = ORIENTED_EDGE ( 'NONE', *, *, #276, .F. ) ;
#6969 = CARTESIAN_POINT ( 'NONE',  ( -2.975000000000000100, -0.1000000000000000100, 2.825000000000000200 ) ) ;
#6970 = CARTESIAN_POINT ( 'NONE',  ( 4.645000000000001400, -1.123578144323986900, -3.555000000000000200 ) ) ;
#6971 = EDGE_CURVE ( 'NONE', #4439, #4206, #1863, .T. ) ;
#6972 = CARTESIAN_POINT ( 'NONE',  ( -3.375000000000001300, -0.1000000000000000100, 1.599999999999999900 ) ) ;
#6973 = CIRCLE ( 'NONE', #2891, 0.03500000000000030900 ) ;
#6974 = LINE ( 'NONE', #2844, #2751 ) ;
#6975 = ORIENTED_EDGE ( 'NONE', *, *, #7273, .T. ) ;
#6976 = VECTOR ( 'NONE', #2119, 1000.000000000000000 ) ;
#6977 = CARTESIAN_POINT ( 'NONE',  ( 0.8349999999999989700, 0.1000000000000007500, -2.592546190531647400 ) ) ;
#6978 = CARTESIAN_POINT ( 'NONE',  ( 1.704999999999999000, 0.1000000000000000100, -1.599999999999999900 ) ) ;
#6979 = EDGE_LOOP ( 'NONE', ( #2502, #7075, #229, #3920 ) ) ;
#6980 = ORIENTED_EDGE ( 'NONE', *, *, #2414, .F. ) ;
#6981 = LINE ( 'NONE', #5700, #7630 ) ;
#6982 = VECTOR ( 'NONE', #471, 1000.000000000000000 ) ;
#6983 = CARTESIAN_POINT ( 'NONE',  ( 1.704999999999999000, -0.09999999999999925600, 2.592546190531647400 ) ) ;
#6984 = ORIENTED_EDGE ( 'NONE', *, *, #683, .T. ) ;
#6985 = FACE_OUTER_BOUND ( 'NONE', #1444, .T. ) ;
#6986 = CARTESIAN_POINT ( 'NONE',  ( 2.974999999999998300, -0.1349999999999994500, -2.592546190531647400 ) ) ;
#6987 = ORIENTED_EDGE ( 'NONE', *, *, #5713, .F. ) ;
#6988 = DIRECTION ( 'NONE',  ( 0.0000000000000000000, 0.0000000000000000000, -1.000000000000000000 ) ) ;
#6989 = EDGE_CURVE ( 'NONE', #6356, #6501, #1973, .T. ) ;
#6990 = ORIENTED_EDGE ( 'NONE', *, *, #8681, .T. ) ;
#6991 = LINE ( 'NONE', #1976, #422 ) ;
#6992 = DIRECTION ( 'NONE',  ( 0.0000000000000000000, 1.000000000000000000, 0.0000000000000000000 ) ) ;
#6993 = DIRECTION ( 'NONE',  ( 0.0000000000000000000, 0.0000000000000000000, -1.000000000000000000 ) ) ;
#6994 = EDGE_LOOP ( 'NONE', ( #7083, #1717, #1405, #572 ) ) ;
#6995 = CARTESIAN_POINT ( 'NONE',  ( -4.645000000000001400, -0.1000000000000000100, 2.592546190531646900 ) ) ;
#6996 = CARTESIAN_POINT ( 'NONE',  ( 4.245000000000000100, 0.1000000000000000100, 2.825000000000000200 ) ) ;
#6997 = STYLED_ITEM ( 'NONE', ( #1820 ), #2608 ) ;
#6998 = VECTOR ( 'NONE', #2175, 1000.000000000000200 ) ;
#6999 = CARTESIAN_POINT ( 'NONE',  ( -2.974999999999999600, -1.123578144323987200, 3.970219047566133900 ) ) ;
#7000 = AXIS2_PLACEMENT_3D ( 'NONE', #3093, #5773, #445 ) ;
#7001 = DIRECTION ( 'NONE',  ( 1.000000000000000000, -0.0000000000000000000, -0.0000000000000000000 ) ) ;
#7002 = ORIENTED_EDGE ( 'NONE', *, *, #6971, .T. ) ;
#7003 = CARTESIAN_POINT ( 'NONE',  ( -1.705000000000000300, 0.4800880834868125900, 2.519629497316660900 ) ) ;
#7004 = DIRECTION ( 'NONE',  ( -1.000000000000000000, 0.0000000000000000000, 0.0000000000000000000 ) ) ;
#7005 = CARTESIAN_POINT ( 'NONE',  ( 2.974999999999998300, -0.8946558305423292200, 2.965119263301912300 ) ) ;
#7006 = ADVANCED_FACE ( 'NONE', ( #6738 ), #3700, .F. ) ;
#7007 = LINE ( 'NONE', #6700, #1932 ) ;
#7008 = VERTEX_POINT ( 'NONE', #4297 ) ;
#7009 = DIRECTION ( 'NONE',  ( -1.000000000000000000, 0.0000000000000000000, 0.0000000000000000000 ) ) ;
#7010 = ADVANCED_FACE ( 'NONE', ( #161 ), #43, .T. ) ;
#7011 = VECTOR ( 'NONE', #7540, 1000.000000000000000 ) ;
#7012 = LINE ( 'NONE', #3828, #5265 ) ;
#7013 = CARTESIAN_POINT ( 'NONE',  ( 2.105000000000000000, -0.1000000000000000100, 2.825000000000000200 ) ) ;
#7014 = EDGE_LOOP ( 'NONE', ( #6668, #3808, #1165, #6834 ) ) ;
#7015 = DIRECTION ( 'NONE',  ( -1.000000000000000000, -0.0000000000000000000, -0.0000000000000000000 ) ) ;
#7016 = ORIENTED_EDGE ( 'NONE', *, *, #7372, .F. ) ;
#7017 = DIRECTION ( 'NONE',  ( 1.000000000000000000, -0.0000000000000000000, -0.0000000000000000000 ) ) ;
#7018 = LINE ( 'NONE', #7220, #5167 ) ;
#7019 = CIRCLE ( 'NONE', #5466, 0.03500000000000030900 ) ;
#7020 = ORIENTED_EDGE ( 'NONE', *, *, #6146, .T. ) ;
#7021 = LINE ( 'NONE', #8557, #5984 ) ;
#7022 = CYLINDRICAL_SURFACE ( 'NONE', #4968, 0.2350000000000002400 ) ;
#7023 = EDGE_LOOP ( 'NONE', ( #8030, #5548, #6821, #3900 ) ) ;
#7024 = CARTESIAN_POINT ( 'NONE',  ( 5.509999999999999800, 0.0000000000000000000, 2.300000000000000700 ) ) ;
#7025 = DIRECTION ( 'NONE',  ( 0.0000000000000000000, 0.0000000000000000000, 1.000000000000000000 ) ) ;
#7026 = CARTESIAN_POINT ( 'NONE',  ( -1.705000000000001200, -0.8946558305423292200, -2.965119263301912300 ) ) ;
#7027 = ORIENTED_EDGE ( 'NONE', *, *, #4381, .F. ) ;
#7028 = CARTESIAN_POINT ( 'NONE',  ( -0.8350000000000015200, -0.1289223137816567200, -2.627014461887075200 ) ) ;
#7029 = VECTOR ( 'NONE', #8203, 1000.000000000000200 ) ;
#7030 = VERTEX_POINT ( 'NONE', #856 ) ;
#7031 = EDGE_CURVE ( 'NONE', #7742, #897, #3812, .T. ) ;
#7032 = ORIENTED_EDGE ( 'NONE', *, *, #7949, .F. ) ;
#7033 = PRODUCT ( 'SSOP-16', 'SSOP-16', '', ( #4098 ) ) ;
#7034 = CIRCLE ( 'NONE', #1624, 0.03500000000000030900 ) ;
#7035 = CIRCLE ( 'NONE', #6618, 0.03500000000000030900 ) ;
#7036 = CARTESIAN_POINT ( 'NONE',  ( -0.4350000000000002800, -1.123578144323987200, 3.970219047566133900 ) ) ;
#7037 = ORIENTED_EDGE ( 'NONE', *, *, #1655, .F. ) ;
#7038 = ADVANCED_FACE ( 'NONE', ( #4147 ), #1031, .T. ) ;
#7039 = DIRECTION ( 'NONE',  ( 0.0000000000000000000, -1.000000000000000000, 0.0000000000000000000 ) ) ;
#7040 = EDGE_CURVE ( 'NONE', #3616, #2174, #7156, .T. ) ;
#7041 = CARTESIAN_POINT ( 'NONE',  ( -2.975000000000000100, -0.8946558305423297800, 2.965119263301910100 ) ) ;
#7042 = ORIENTED_EDGE ( 'NONE', *, *, #1878, .F. ) ;
#7043 = CARTESIAN_POINT ( 'NONE',  ( 1.704999999999999000, -0.8885781443239865200, -2.999587534657339700 ) ) ;
#7044 = EDGE_LOOP ( 'NONE', ( #4828, #1762, #5982, #3244 ) ) ;
#7045 = FACE_OUTER_BOUND ( 'NONE', #3372, .T. ) ;
#7046 = EDGE_CURVE ( 'NONE', #2014, #7545, #3482, .T. ) ;
#7047 = CARTESIAN_POINT ( 'NONE',  ( -2.975000000000000100, -0.09419267824826987900, 2.823976012489516600 ) ) ;
#7048 = PLANE ( 'NONE',  #7922 ) ;
#7049 = ORIENTED_EDGE ( 'NONE', *, *, #6647, .T. ) ;
#7050 = DIRECTION ( 'NONE',  ( -1.000000000000000000, 0.0000000000000000000, 0.0000000000000000000 ) ) ;
#7051 = DIRECTION ( 'NONE',  ( 0.0000000000000000000, 7.744301232039248600E-016, 1.000000000000000000 ) ) ;
#7052 = VECTOR ( 'NONE', #1308, 1000.000000000000000 ) ;
#7053 = EDGE_CURVE ( 'NONE', #1927, #7361, #5810, .T. ) ;
#7054 = DIRECTION ( 'NONE',  ( 0.0000000000000000000, 0.1736481776669342400, -0.9848077530122073500 ) ) ;
#7055 = CARTESIAN_POINT ( 'NONE',  ( 2.104999999999999100, -0.9235781443239867700, -2.999587534657339700 ) ) ;
#7056 = AXIS2_PLACEMENT_3D ( 'NONE', #8074, #5531, #4099 ) ;
#7057 = CARTESIAN_POINT ( 'NONE',  ( 2.105000000000000000, -0.1000000000000000100, 1.599999999999999900 ) ) ;
#7058 = DIRECTION ( 'NONE',  ( -1.000000000000000000, 0.0000000000000000000, 0.0000000000000000000 ) ) ;
#7059 = VERTEX_POINT ( 'NONE', #4470 ) ;
#7060 = CARTESIAN_POINT ( 'NONE',  ( 0.0000000000000000000, 1.000000000000000000, -2.123673019291533800 ) ) ;
#7061 = DIRECTION ( 'NONE',  ( 1.000000000000000000, 0.0000000000000000000, 0.0000000000000000000 ) ) ;
#7062 = LINE ( 'NONE', #5509, #283 ) ;
#7063 = ADVANCED_FACE ( 'NONE', ( #5706 ), #6409, .T. ) ;
#7064 = UNCERTAINTY_MEASURE_WITH_UNIT (LENGTH_MEASURE( 1.000000000000000100E-005 ), #2050, 'distance_accuracy_value', 'NONE');
#7065 = ORIENTED_EDGE ( 'NONE', *, *, #7081, .F. ) ;
#7066 = AXIS2_PLACEMENT_3D ( 'NONE', #1825, #3971, #8664 ) ;
#7067 = LINE ( 'NONE', #1586, #6536 ) ;
#7068 = PLANE ( 'NONE',  #7121 ) ;
#7069 = PLANE ( 'NONE',  #5291 ) ;
#7070 = AXIS2_PLACEMENT_3D ( 'NONE', #1662, #5803, #323 ) ;
#7071 = AXIS2_PLACEMENT_3D ( 'NONE', #2915, #882, #936 ) ;
#7072 = CARTESIAN_POINT ( 'NONE',  ( 4.245000000000000100, -0.8946558305423296700, 2.965119263301910100 ) ) ;
#7073 = DIRECTION ( 'NONE',  ( -1.000000000000000000, -0.0000000000000000000, -0.0000000000000000000 ) ) ;
#7074 = AXIS2_PLACEMENT_3D ( 'NONE', #8034, #8763, #4772 ) ;
#7075 = ORIENTED_EDGE ( 'NONE', *, *, #7435, .T. ) ;
#7076 = CARTESIAN_POINT ( 'NONE',  ( 2.104999999999999100, 0.4800880834868125900, -2.519629497316660900 ) ) ;
#7077 = CIRCLE ( 'NONE', #6385, 0.03500000000000030900 ) ;
#7078 = DIRECTION ( 'NONE',  ( 4.336808689942019700E-016, 2.168404344971009900E-016, 1.000000000000000000 ) ) ;
#7079 = DIRECTION ( 'NONE',  ( 0.0000000000000000000, 0.0000000000000000000, -1.000000000000000000 ) ) ;
#7080 = DIRECTION ( 'NONE',  ( 0.0000000000000000000, 0.0000000000000000000, -1.000000000000000000 ) ) ;
#7081 = EDGE_CURVE ( 'NONE', #1078, #3438, #3147, .T. ) ;
#7082 = PLANE ( 'NONE',  #2832 ) ;
#7083 = ORIENTED_EDGE ( 'NONE', *, *, #3228, .F. ) ;
#7084 = VECTOR ( 'NONE', #875, 1000.000000000000000 ) ;
#7085 = LINE ( 'NONE', #8590, #5538 ) ;
#7086 = DIRECTION ( 'NONE',  ( 1.000000000000000000, -0.0000000000000000000, -0.0000000000000000000 ) ) ;
#7087 = DIRECTION ( 'NONE',  ( -1.000000000000000000, 0.0000000000000000000, 0.0000000000000000000 ) ) ;
#7088 = DIRECTION ( 'NONE',  ( -1.000000000000000000, 0.0000000000000000000, 0.0000000000000000000 ) ) ;
#7089 = CARTESIAN_POINT ( 'NONE',  ( 4.245000000000000100, 0.1000000000000000100, 1.599999999999999900 ) ) ;
#7090 = CARTESIAN_POINT ( 'NONE',  ( 1.704999999999999000, -0.8885781443239865200, 2.999587534657339700 ) ) ;
#7091 = ADVANCED_FACE ( 'NONE', ( #3595 ), #7743, .T. ) ;
#7092 = VECTOR ( 'NONE', #7375, 1000.000000000000000 ) ;
#7093 = VERTEX_POINT ( 'NONE', #974 ) ;
#7094 = FACE_OUTER_BOUND ( 'NONE', #4355, .T. ) ;
#7095 = DIRECTION ( 'NONE',  ( -1.000000000000000000, -0.0000000000000000000, -0.0000000000000000000 ) ) ;
#7096 = ORIENTED_EDGE ( 'NONE', *, *, #7744, .T. ) ;
#7097 = PLANE ( 'NONE',  #7240 ) ;
#7098 = EDGE_CURVE ( 'NONE', #2983, #3796, #7476, .T. ) ;
#7099 = PLANE ( 'NONE',  #5022 ) ;
#7100 = ORIENTED_EDGE ( 'NONE', *, *, #3446, .T. ) ;
#7101 = FACE_OUTER_BOUND ( 'NONE', #4846, .T. ) ;
#7102 = CARTESIAN_POINT ( 'NONE',  ( 2.974999999999998300, -0.06527036446661323200, -2.818876228225292800 ) ) ;
#7103 = ADVANCED_FACE ( 'NONE', ( #7045 ), #7082, .T. ) ;
#7104 = ORIENTED_EDGE ( 'NONE', *, *, #7693, .T. ) ;
#7105 = VECTOR ( 'NONE', #4708, 1000.000000000000000 ) ;
#7106 = DIRECTION ( 'NONE',  ( 0.0000000000000000000, 2.168404344971009900E-016, 1.000000000000000000 ) ) ;
#7107 = CARTESIAN_POINT ( 'NONE',  ( -0.8350000000000015200, -1.123578144323986900, -2.999587534657339700 ) ) ;
#7108 = EDGE_CURVE ( 'NONE', #442, #8047, #1323, .T. ) ;
#7109 = DIRECTION ( 'NONE',  ( -1.000000000000000000, 0.0000000000000000000, 0.0000000000000000000 ) ) ;
#7110 = VECTOR ( 'NONE', #2830, 1000.000000000000000 ) ;
#7111 = CARTESIAN_POINT ( 'NONE',  ( -5.333673019291534700, 1.000000000000000000, 0.0000000000000000000 ) ) ;
#7112 = EDGE_CURVE ( 'NONE', #318, #2293, #2723, .T. ) ;
#7113 = ORIENTED_EDGE ( 'NONE', *, *, #5936, .F. ) ;
#7114 = CARTESIAN_POINT ( 'NONE',  ( 4.645000000000001400, -1.123578144323987200, -3.555000000000000200 ) ) ;
#7115 = LINE ( 'NONE', #7269, #2361 ) ;
#7116 = EDGE_LOOP ( 'NONE', ( #4392, #8645, #6622, #3923 ) ) ;
#7117 = VERTEX_POINT ( 'NONE', #7144 ) ;
#7118 = AXIS2_PLACEMENT_3D ( 'NONE', #7992, #8723, #4689 ) ;
#7119 = EDGE_LOOP ( 'NONE', ( #3297, #3416, #6864, #5781 ) ) ;
#7120 = VECTOR ( 'NONE', #1798, 1000.000000000000000 ) ;
#7121 = AXIS2_PLACEMENT_3D ( 'NONE', #3033, #877, #6363 ) ;
#7122 = EDGE_LOOP ( 'NONE', ( #8741, #2629, #4177, #2398 ) ) ;
#7123 = LINE ( 'NONE', #6264, #558 ) ;
#7124 = ORIENTED_EDGE ( 'NONE', *, *, #3488, .T. ) ;
#7125 = CARTESIAN_POINT ( 'NONE',  ( -4.645000000000001400, -0.09999999999999925600, 2.592546190531647400 ) ) ;
#7126 = DIRECTION ( 'NONE',  ( 1.000000000000000000, -0.0000000000000000000, -0.0000000000000000000 ) ) ;
#7127 = LINE ( 'NONE', #4781, #658 ) ;
#7128 = FACE_OUTER_BOUND ( 'NONE', #7169, .T. ) ;
#7129 = DIRECTION ( 'NONE',  ( 2.177734837625899400E-032, -1.000000000000000000, -1.608122649676636600E-016 ) ) ;
#7130 = EDGE_CURVE ( 'NONE', #2784, #4249, #7373, .T. ) ;
#7131 = ORIENTED_EDGE ( 'NONE', *, *, #6398, .T. ) ;
#7132 = EDGE_CURVE ( 'NONE', #268, #7867, #1764, .T. ) ;
#7133 = VECTOR ( 'NONE', #4572, 1000.000000000000000 ) ;
#7134 = ADVANCED_FACE ( 'NONE', ( #5502 ), #7804, .F. ) ;
#7135 = ORIENTED_EDGE ( 'NONE', *, *, #5455, .F. ) ;
#7136 = ORIENTED_EDGE ( 'NONE', *, *, #4938, .T. ) ;
#7137 = ORIENTED_EDGE ( 'NONE', *, *, #3750, .T. ) ;
#7138 = CARTESIAN_POINT ( 'NONE',  ( -4.245000000000000100, -1.123578144323986500, 0.005099784264222435200 ) ) ;
#7139 = EDGE_LOOP ( 'NONE', ( #6696, #1959, #6664, #4255 ) ) ;
#7140 = CARTESIAN_POINT ( 'NONE',  ( 1.704999999999999000, -1.123578144323986900, -2.999587534657339700 ) ) ;
#7141 = LINE ( 'NONE', #8177, #3690 ) ;
#7142 = LINE ( 'NONE', #5914, #3794 ) ;
#7143 = DIRECTION ( 'NONE',  ( -0.0000000000000000000, -0.0000000000000000000, 1.000000000000000000 ) ) ;
#7144 = CARTESIAN_POINT ( 'NONE',  ( 4.245000000000001000, -1.123578144323986900, -2.999587534657339700 ) ) ;
#7145 = ORIENTED_EDGE ( 'NONE', *, *, #2334, .T. ) ;
#7146 = DIRECTION ( 'NONE',  ( 1.000000000000000000, -0.0000000000000000000, 0.0000000000000000000 ) ) ;
#7147 = VERTEX_POINT ( 'NONE', #5829 ) ;
#7148 = VERTEX_POINT ( 'NONE', #5720 ) ;
#7149 = VERTEX_POINT ( 'NONE', #1641 ) ;
#7150 = ADVANCED_FACE ( 'NONE', ( #4034 ), #2324, .F. ) ;
#7151 = FACE_OUTER_BOUND ( 'NONE', #3995, .T. ) ;
#7152 = EDGE_CURVE ( 'NONE', #6463, #2605, #3922, .T. ) ;
#7153 = CARTESIAN_POINT ( 'NONE',  ( 3.374999999999998700, -0.9235781443239867700, -2.970219047566134300 ) ) ;
#7154 = ORIENTED_EDGE ( 'NONE', *, *, #5817, .T. ) ;
#7155 = DIRECTION ( 'NONE',  ( 0.0000000000000000000, -1.000000000000000000, 0.0000000000000000000 ) ) ;
#7156 = LINE ( 'NONE', #1568, #688 ) ;
#7157 = VERTEX_POINT ( 'NONE', #1815 ) ;
#7158 = EDGE_CURVE ( 'NONE', #8117, #4464, #2186, .T. ) ;
#7159 = CARTESIAN_POINT ( 'NONE',  ( 0.0000000000000000000, -0.9235781443239861100, 0.005099784264222377100 ) ) ;
#7160 = DIRECTION ( 'NONE',  ( 3.859235655567988700E-032, -1.000000000000000000, 2.832769448823989800E-016 ) ) ;
#7161 = CARTESIAN_POINT ( 'NONE',  ( 4.645000000000001400, -0.09999999999999925600, 2.592546190531647400 ) ) ;
#7162 = DIRECTION ( 'NONE',  ( 0.0000000000000000000, -0.1736481776669339900, 0.9848077530122073500 ) ) ;
#7163 = ORIENTED_EDGE ( 'NONE', *, *, #2792, .T. ) ;
#7164 = EDGE_CURVE ( 'NONE', #1462, #6513, #2081, .T. ) ;
#7165 = VECTOR ( 'NONE', #1487, 1000.000000000000000 ) ;
#7166 = PLANE ( 'NONE',  #7526 ) ;
#7167 = SURFACE_STYLE_USAGE ( .BOTH. , #1089 ) ;
#7168 = DIRECTION ( 'NONE',  ( 0.0000000000000000000, 9.227252531791510400E-016, -1.000000000000000000 ) ) ;
#7169 = EDGE_LOOP ( 'NONE', ( #3085, #7096, #8621, #7514 ) ) ;
#7170 = ADVANCED_FACE ( 'NONE', ( #1110 ), #5232, .F. ) ;
#7171 = AXIS2_PLACEMENT_3D ( 'NONE', #3441, #8149, #4157 ) ;
#7172 = CARTESIAN_POINT ( 'NONE',  ( -0.8350000000000015200, -0.09999999999999925600, -2.592546190531647400 ) ) ;
#7173 = DIRECTION ( 'NONE',  ( 0.0000000000000000000, 0.1736481776669341100, 0.9848077530122073500 ) ) ;
#7174 =( GEOMETRIC_REPRESENTATION_CONTEXT ( 3 ) GLOBAL_UNCERTAINTY_ASSIGNED_CONTEXT ( ( #8000 ) ) GLOBAL_UNIT_ASSIGNED_CONTEXT ( ( #2456, #545, #4063 ) ) REPRESENTATION_CONTEXT ( 'NONE', 'WORKASPACE' ) );
#7175 = CARTESIAN_POINT ( 'NONE',  ( 4.245000000000000100, -1.123578144323986900, 2.999587534657339700 ) ) ;
#7176 = DIRECTION ( 'NONE',  ( 1.000000000000000000, -0.0000000000000000000, -0.0000000000000000000 ) ) ;
#7177 = DIRECTION ( 'NONE',  ( 0.0000000000000000000, -0.1736481776669339900, -0.9848077530122073500 ) ) ;
#7178 = AXIS2_PLACEMENT_3D ( 'NONE', #50, #2141, #3499 ) ;
#7179 = ORIENTED_EDGE ( 'NONE', *, *, #3502, .T. ) ;
#7180 = LINE ( 'NONE', #4696, #5423 ) ;
#7181 = FILL_AREA_STYLE_COLOUR ( '', #6803 ) ;
#7182 = DIRECTION ( 'NONE',  ( 0.0000000000000000000, 0.1736481776669341100, -0.9848077530122073500 ) ) ;
#7183 = DIRECTION ( 'NONE',  ( 0.0000000000000000000, 9.227252531791510400E-016, 1.000000000000000000 ) ) ;
#7184 = ORIENTED_EDGE ( 'NONE', *, *, #5109, .T. ) ;
#7185 = AXIS2_PLACEMENT_3D ( 'NONE', #5307, #2328, #3832 ) ;
#7186 = ORIENTED_EDGE ( 'NONE', *, *, #4441, .T. ) ;
#7187 = AXIS2_PLACEMENT_3D ( 'NONE', #3714, #3594, #1659 ) ;
#7188 = DIRECTION ( 'NONE',  ( 1.000000000000000000, -0.0000000000000000000, -0.0000000000000000000 ) ) ;
#7189 = EDGE_LOOP ( 'NONE', ( #560, #1293, #7357, #4585 ) ) ;
#7190 = FACE_OUTER_BOUND ( 'NONE', #4969, .T. ) ;
#7191 = ORIENTED_EDGE ( 'NONE', *, *, #1711, .F. ) ;
#7192 = ADVANCED_FACE ( 'NONE', ( #6528 ), #6547, .T. ) ;
#7193 = AXIS2_PLACEMENT_3D ( 'NONE', #3870, #6605, #1171 ) ;
#7194 = DIRECTION ( 'NONE',  ( 0.0000000000000000000, 1.000000000000000000, 2.168404344971009900E-016 ) ) ;
#7195 = CARTESIAN_POINT ( 'NONE',  ( 4.245000000000001000, -0.1289223137816567200, -2.627014461887075200 ) ) ;
#7196 = ADVANCED_FACE ( 'NONE', ( #270 ), #7262, .T. ) ;
#7197 = CYLINDRICAL_SURFACE ( 'NONE', #7421, 0.2350000000000004000 ) ;
#7198 = FACE_OUTER_BOUND ( 'NONE', #5647, .T. ) ;
#7199 = VERTEX_POINT ( 'NONE', #8653 ) ;
#7200 = LINE ( 'NONE', #1541, #6670 ) ;
#7201 = PLANE ( 'NONE',  #1984 ) ;
#7202 = ORIENTED_EDGE ( 'NONE', *, *, #6239, .T. ) ;
#7203 = EDGE_CURVE ( 'NONE', #5788, #573, #8120, .T. ) ;
#7204 = VERTEX_POINT ( 'NONE', #7859 ) ;
#7205 = VECTOR ( 'NONE', #4469, 1000.000000000000200 ) ;
#7206 = FACE_OUTER_BOUND ( 'NONE', #1915, .T. ) ;
#7207 = SURFACE_STYLE_USAGE ( .BOTH. , #454 ) ;
#7208 = ORIENTED_EDGE ( 'NONE', *, *, #4743, .T. ) ;
#7209 = DIRECTION ( 'NONE',  ( 0.0000000000000000000, 2.168404344971009900E-016, 1.000000000000000000 ) ) ;
#7210 = LINE ( 'NONE', #3965, #6360 ) ;
#7211 = ORIENTED_EDGE ( 'NONE', *, *, #2850, .T. ) ;
#7212 = CARTESIAN_POINT ( 'NONE',  ( -0.4350000000000013900, -0.8946558305423296700, -2.965119263301910100 ) ) ;
#7213 = EDGE_CURVE ( 'NONE', #4537, #7199, #903, .T. ) ;
#7214 = ORIENTED_EDGE ( 'NONE', *, *, #2704, .T. ) ;
#7215 = CARTESIAN_POINT ( 'NONE',  ( -1.705000000000001200, -0.8946558305423296700, -2.965119263301910100 ) ) ;
#7216 = VECTOR ( 'NONE', #7705, 1000.000000000000000 ) ;
#7217 = VERTEX_POINT ( 'NONE', #1784 ) ;
#7218 = CARTESIAN_POINT ( 'NONE',  ( 5.271510860677126200, 1.352539120018100100, -2.061510860677124400 ) ) ;
#7219 = EDGE_CURVE ( 'NONE', #8675, #3993, #590, .T. ) ;
#7220 = CARTESIAN_POINT ( 'NONE',  ( -5.179530984761482800, 1.874182918069184200, 1.074201780250444000 ) ) ;
#7221 = DIRECTION ( 'NONE',  ( 1.000000000000000000, 0.0000000000000000000, -0.0000000000000000000 ) ) ;
#7222 = CARTESIAN_POINT ( 'NONE',  ( -2.105000000000001300, -0.09419267824826982300, 2.823976012489516600 ) ) ;
#7223 = FACE_OUTER_BOUND ( 'NONE', #8054, .T. ) ;
#7224 = DIRECTION ( 'NONE',  ( 1.000000000000000000, 0.0000000000000000000, 0.0000000000000000000 ) ) ;
#7225 = ORIENTED_EDGE ( 'NONE', *, *, #1605, .F. ) ;
#7226 = EDGE_LOOP ( 'NONE', ( #3414, #4978, #42, #5457 ) ) ;
#7227 = EDGE_CURVE ( 'NONE', #2022, #5710, #4356, .T. ) ;
#7228 = DIRECTION ( 'NONE',  ( 0.0000000000000000000, 0.0000000000000000000, 1.000000000000000000 ) ) ;
#7229 = PLANE ( 'NONE',  #1155 ) ;
#7230 = DIRECTION ( 'NONE',  ( 0.0000000000000000000, 0.0000000000000000000, -1.000000000000000000 ) ) ;
#7231 = AXIS2_PLACEMENT_3D ( 'NONE', #736, #1399, #4824 ) ;
#7232 = EDGE_CURVE ( 'NONE', #2273, #5553, #5398, .T. ) ;
#7233 = LINE ( 'NONE', #4418, #7440 ) ;
#7234 = VERTEX_POINT ( 'NONE', #3932 ) ;
#7235 = LINE ( 'NONE', #6969, #8394 ) ;
#7236 = ORIENTED_EDGE ( 'NONE', *, *, #4031, .T. ) ;
#7237 = ADVANCED_FACE ( 'NONE', ( #2298 ), #1845, .T. ) ;
#7238 = DIRECTION ( 'NONE',  ( -0.0000000000000000000, 0.0000000000000000000, -1.000000000000000000 ) ) ;
#7239 = VECTOR ( 'NONE', #4799, 1000.000000000000200 ) ;
#7241 = ADVANCED_FACE ( 'NONE', ( #6015 ), #5968, .T. ) ;
#7240 = AXIS2_PLACEMENT_3D ( 'NONE', #403, #5958, #7304 ) ;
#7242 = ORIENTED_EDGE ( 'NONE', *, *, #3090, .F. ) ;
#7243 = FACE_OUTER_BOUND ( 'NONE', #8500, .T. ) ;
#7244 = AXIS2_PLACEMENT_3D ( 'NONE', #2479, #3874, #423 ) ;
#7245 = CARTESIAN_POINT ( 'NONE',  ( -7.733763339029309200, -2.049999999999999800, 3.555000000000000200 ) ) ;
#7246 = ORIENTED_EDGE ( 'NONE', *, *, #8298, .F. ) ;
#7247 = LINE ( 'NONE', #591, #1408 ) ;
#7248 = VECTOR ( 'NONE', #3286, 1000.000000000000000 ) ;
#7249 = EDGE_LOOP ( 'NONE', ( #4138, #1710, #2051, #81 ) ) ;
#7250 = ORIENTED_EDGE ( 'NONE', *, *, #4208, .T. ) ;
#7251 = AXIS2_PLACEMENT_3D ( 'NONE', #2812, #2692, #7416 ) ;
#7252 = DIRECTION ( 'NONE',  ( -1.000000000000000000, 0.0000000000000000000, 0.0000000000000000000 ) ) ;
#7253 = LINE ( 'NONE', #393, #6304 ) ;
#7254 = ORIENTED_EDGE ( 'NONE', *, *, #729, .F. ) ;
#7255 = VECTOR ( 'NONE', #2882, 1000.000000000000000 ) ;
#7256 = VECTOR ( 'NONE', #259, 1000.000000000000200 ) ;
#7257 = EDGE_CURVE ( 'NONE', #6513, #5061, #3247, .T. ) ;
#7258 = EDGE_CURVE ( 'NONE', #7867, #1864, #8534, .T. ) ;
#7259 = CARTESIAN_POINT ( 'NONE',  ( 5.333673019291534700, -1.000000000000000000, -2.123673019291533800 ) ) ;
#7260 = EDGE_LOOP ( 'NONE', ( #4977, #2153, #5482, #3347 ) ) ;
#7261 = CARTESIAN_POINT ( 'NONE',  ( -3.375000000000001300, -0.1000000000000000100, -1.599999999999999900 ) ) ;
#7262 = PLANE ( 'NONE',  #3603 ) ;
#7263 = VECTOR ( 'NONE', #8560, 1000.000000000000000 ) ;
#7264 = ORIENTED_EDGE ( 'NONE', *, *, #221, .F. ) ;
#7265 = ORIENTED_EDGE ( 'NONE', *, *, #1578, .F. ) ;
#7266 = ADVANCED_FACE ( 'NONE', ( #6929 ), #1315, .F. ) ;
#7267 = CARTESIAN_POINT ( 'NONE',  ( -2.975000000000000100, -0.1289223137816567200, 2.627014461887075200 ) ) ;
#7268 = ORIENTED_EDGE ( 'NONE', *, *, #6305, .F. ) ;
#7269 = CARTESIAN_POINT ( 'NONE',  ( -0.4350000000000005000, 0.4800880834868125900, 2.519629497316660900 ) ) ;
#7270 = VERTEX_POINT ( 'NONE', #8006 ) ;
#7271 = DIRECTION ( 'NONE',  ( 0.0000000000000000000, 0.9848077530122073500, -0.1736481776669340500 ) ) ;
#7272 = VECTOR ( 'NONE', #5727, 1000.000000000000200 ) ;
#7273 = EDGE_CURVE ( 'NONE', #1701, #1689, #4661, .T. ) ;
#7274 = DIRECTION ( 'NONE',  ( 0.0000000000000000000, 0.0000000000000000000, -1.000000000000000000 ) ) ;
#7275 = DIRECTION ( 'NONE',  ( -0.0000000000000000000, 0.0000000000000000000, 1.000000000000000000 ) ) ;
#7276 = CARTESIAN_POINT ( 'NONE',  ( 1.704999999999999000, -0.1000000000000000100, 1.599999999999999900 ) ) ;
#7277 = EDGE_LOOP ( 'NONE', ( #1003, #5218, #7899, #5789 ) ) ;
#7278 = LINE ( 'NONE', #779, #7921 ) ;
#7279 = CARTESIAN_POINT ( 'NONE',  ( 0.8349999999999988500, -1.123578144323987200, -3.555000000000000200 ) ) ;
#7280 = CARTESIAN_POINT ( 'NONE',  ( 2.105000000000000400, -1.123578144323987200, 3.555000000000000200 ) ) ;
#7281 = DIRECTION ( 'NONE',  ( -1.000000000000000000, 0.0000000000000000000, 0.0000000000000000000 ) ) ;
#7282 = ADVANCED_FACE ( 'NONE', ( #8217 ), #1232, .F. ) ;
#7283 = DIRECTION ( 'NONE',  ( 0.0000000000000000000, 0.9848077530122073500, -0.1736481776669340500 ) ) ;
#7284 = DIRECTION ( 'NONE',  ( 0.0000000000000000000, -0.9848077530122073500, -0.1736481776669340500 ) ) ;
#7285 = EDGE_CURVE ( 'NONE', #8303, #3205, #1969, .T. ) ;
#7286 = ORIENTED_EDGE ( 'NONE', *, *, #1433, .T. ) ;
#7287 = CARTESIAN_POINT ( 'NONE',  ( 0.0000000000000000000, 0.4800880834868125900, -2.519629497316660900 ) ) ;
#7288 = LINE ( 'NONE', #3590, #3391 ) ;
#7289 = CARTESIAN_POINT ( 'NONE',  ( -3.375000000000001300, -1.123578144323986900, 2.999587534657339700 ) ) ;
#7290 = VERTEX_POINT ( 'NONE', #3308 ) ;
#7291 = AXIS2_PLACEMENT_3D ( 'NONE', #4115, #1259, #3980 ) ;
#7292 = CARTESIAN_POINT ( 'NONE',  ( -3.375000000000001300, -0.8946558305423297800, -2.965119263301910100 ) ) ;
#7293 = VECTOR ( 'NONE', #4253, 1000.000000000000000 ) ;
#7294 = CARTESIAN_POINT ( 'NONE',  ( -0.4350000000000005000, -0.1000000000000000100, -1.599999999999999900 ) ) ;
#7295 = AXIS2_PLACEMENT_3D ( 'NONE', #6042, #7385, #1246 ) ;
#7296 = DIRECTION ( 'NONE',  ( 0.0000000000000000000, 0.0000000000000000000, -1.000000000000000000 ) ) ;
#7297 = CARTESIAN_POINT ( 'NONE',  ( 0.8349999999999998500, -0.09419267824827012900, 2.823976012489515200 ) ) ;
#7298 = PRESENTATION_LAYER_ASSIGNMENT (  '', '', ( #811 ) ) ;
#7299 = ORIENTED_EDGE ( 'NONE', *, *, #5815, .T. ) ;
#7300 = VECTOR ( 'NONE', #2215, 1000.000000000000000 ) ;
#7301 = ORIENTED_EDGE ( 'NONE', *, *, #4299, .F. ) ;
#7302 = VECTOR ( 'NONE', #7079, 1000.000000000000000 ) ;
#7303 = EDGE_CURVE ( 'NONE', #7093, #4374, #2604, .T. ) ;
#7304 = DIRECTION ( 'NONE',  ( 0.0000000000000000000, 0.0000000000000000000, 1.000000000000000000 ) ) ;
#7305 = AXIS2_PLACEMENT_3D ( 'NONE', #7287, #1324, #5344 ) ;
#7306 = EDGE_LOOP ( 'NONE', ( #7991, #3914, #7613, #4114 ) ) ;
#7307 = CIRCLE ( 'NONE', #5206, 0.03500000000000030900 ) ;
#7308 = FACE_OUTER_BOUND ( 'NONE', #5083, .T. ) ;
#7309 = AXIS2_PLACEMENT_3D ( 'NONE', #5491, #6143, #6860 ) ;
#7310 = VERTEX_POINT ( 'NONE', #8734 ) ;
#7311 = PLANE ( 'NONE',  #5690 ) ;
#7312 = ORIENTED_EDGE ( 'NONE', *, *, #7203, .T. ) ;
#7313 = DIRECTION ( 'NONE',  ( 0.0000000000000000000, -0.1736481776669339900, 0.9848077530122073500 ) ) ;
#7314 = CARTESIAN_POINT ( 'NONE',  ( 0.0000000000000000000, 0.4800880834868125900, 2.519629497316660900 ) ) ;
#7315 = LINE ( 'NONE', #8163, #5550 ) ;
#7316 = DIRECTION ( 'NONE',  ( 0.0000000000000000000, 0.0000000000000000000, 1.000000000000000000 ) ) ;
#7317 = EDGE_LOOP ( 'NONE', ( #1133, #6722, #5068, #6524 ) ) ;
#7318 = EDGE_CURVE ( 'NONE', #5673, #3533, #785, .T. ) ;
#7319 = CARTESIAN_POINT ( 'NONE',  ( 0.8349999999999998500, -1.123578144323986900, 2.999587534657339700 ) ) ;
#7320 = DIRECTION ( 'NONE',  ( -1.000000000000000000, -0.0000000000000000000, -0.0000000000000000000 ) ) ;
#7321 = CARTESIAN_POINT ( 'NONE',  ( -2.105000000000001300, -0.1349999999999994500, 2.592546190531647400 ) ) ;
#7322 = VECTOR ( 'NONE', #4055, 1000.000000000000200 ) ;
#7323 = DIRECTION ( 'NONE',  ( 0.0000000000000000000, -1.000000000000000000, 0.0000000000000000000 ) ) ;
#7324 = CARTESIAN_POINT ( 'NONE',  ( 2.104999999999999100, -0.8885781443239865200, -2.999587534657339700 ) ) ;
#7325 = ORIENTED_EDGE ( 'NONE', *, *, #2728, .T. ) ;
#7326 = EDGE_LOOP ( 'NONE', ( #8639, #3575, #5566, #7556 ) ) ;
#7327 = EDGE_CURVE ( 'NONE', #5060, #7204, #6413, .T. ) ;
#7328 = CARTESIAN_POINT ( 'NONE',  ( 3.374999999999998200, -1.123578144323986900, -3.555000000000000200 ) ) ;
#7329 = ORIENTED_EDGE ( 'NONE', *, *, #2003, .F. ) ;
#7330 = EDGE_CURVE ( 'NONE', #4289, #3114, #1008, .T. ) ;
#7331 = CARTESIAN_POINT ( 'NONE',  ( 3.374999999999999600, -0.1000000000000000100, -1.599999999999999900 ) ) ;
#7332 = EDGE_LOOP ( 'NONE', ( #2869, #4863, #7629, #1177 ) ) ;
#7333 = CIRCLE ( 'NONE', #6775, 0.2350000000000004000 ) ;
#7334 = ORIENTED_EDGE ( 'NONE', *, *, #8790, .T. ) ;
#7335 = ORIENTED_EDGE ( 'NONE', *, *, #6902, .F. ) ;
#7336 = CARTESIAN_POINT ( 'NONE',  ( 0.4349999999999987800, -0.9235781443239867700, 2.999587534657339700 ) ) ;
#7337 = ADVANCED_BREP_SHAPE_REPRESENTATION ( 'SSOP-16', ( #5153, #4619, #7295 ), #7174 ) ;
#7338 = ORIENTED_EDGE ( 'NONE', *, *, #5616, .F. ) ;
#7339 = VECTOR ( 'NONE', #6231, 1000.000000000000000 ) ;
#7340 = CARTESIAN_POINT ( 'NONE',  ( -2.975000000000001000, -1.123578144323986900, -2.970219047566134300 ) ) ;
#7341 = ORIENTED_EDGE ( 'NONE', *, *, #4769, .F. ) ;
#7342 = EDGE_CURVE ( 'NONE', #3616, #3702, #6205, .T. ) ;
#7343 = CARTESIAN_POINT ( 'NONE',  ( -3.375000000000001300, -0.9293854660757164800, 2.768157712699470100 ) ) ;
#7344 = MECHANICAL_DESIGN_GEOMETRIC_PRESENTATION_REPRESENTATION (  '', ( #6997 ), #366 ) ;
#7345 = LINE ( 'NONE', #4984, #2046 ) ;
#7346 = PLANE ( 'NONE',  #3052 ) ;
#7347 = DIRECTION ( 'NONE',  ( -1.000000000000000000, 0.0000000000000000000, -0.0000000000000000000 ) ) ;
#7348 = VERTEX_POINT ( 'NONE', #6065 ) ;
#7349 = CARTESIAN_POINT ( 'NONE',  ( -2.105000000000001300, -0.9235781443239867700, 2.999587534657339700 ) ) ;
#7350 = DIRECTION ( 'NONE',  ( 1.000000000000000000, -0.0000000000000000000, -0.0000000000000000000 ) ) ;
#7351 = LINE ( 'NONE', #2085, #3903 ) ;
#7352 = ORIENTED_EDGE ( 'NONE', *, *, #6542, .T. ) ;
#7353 = CARTESIAN_POINT ( 'NONE',  ( 2.105000000000000000, -0.1000000000000000100, 1.599999999999999900 ) ) ;
#7354 = ORIENTED_EDGE ( 'NONE', *, *, #4036, .F. ) ;
#7355 = VERTEX_POINT ( 'NONE', #678 ) ;
#7356 = ORIENTED_EDGE ( 'NONE', *, *, #1032, .F. ) ;
#7357 = ORIENTED_EDGE ( 'NONE', *, *, #6971, .F. ) ;
#7358 = LINE ( 'NONE', #8033, #4139 ) ;
#7359 = VECTOR ( 'NONE', #5338, 1000.000000000000000 ) ;
#7360 = DIRECTION ( 'NONE',  ( 1.000000000000000000, 0.0000000000000000000, 0.0000000000000000000 ) ) ;
#7361 = VERTEX_POINT ( 'NONE', #2712 ) ;
#7362 = ORIENTED_EDGE ( 'NONE', *, *, #586, .F. ) ;
#7363 = AXIS2_PLACEMENT_3D ( 'NONE', #2323, #8418, #946 ) ;
#7364 = EDGE_LOOP ( 'NONE', ( #108, #7398, #6199, #1099 ) ) ;
#7365 = APPLICATION_PROTOCOL_DEFINITION ( 'draft international standard', 'automotive_design', 1998, #6740 ) ;
#7366 = AXIS2_PLACEMENT_3D ( 'NONE', #4484, #2433, #5133 ) ;
#7367 = ORIENTED_EDGE ( 'NONE', *, *, #2151, .F. ) ;
#7368 = ORIENTED_EDGE ( 'NONE', *, *, #8477, .F. ) ;
#7369 = LINE ( 'NONE', #2736, #5598 ) ;
#7370 = DIRECTION ( 'NONE',  ( 1.000000000000000000, 0.0000000000000000000, -0.0000000000000000000 ) ) ;
#7371 = ORIENTED_EDGE ( 'NONE', *, *, #6582, .F. ) ;
#7372 = EDGE_CURVE ( 'NONE', #3468, #7680, #8008, .T. ) ;
#7373 = LINE ( 'NONE', #8505, #6118 ) ;
#7374 = ORIENTED_EDGE ( 'NONE', *, *, #53, .F. ) ;
#7375 = DIRECTION ( 'NONE',  ( -1.000000000000000000, 0.0000000000000000000, 0.0000000000000000000 ) ) ;
#7376 = CARTESIAN_POINT ( 'NONE',  ( -3.375000000000000900, -1.123578144323987200, 3.555000000000000200 ) ) ;
#7377 = CARTESIAN_POINT ( 'NONE',  ( -2.975000000000001000, -1.123578144323986900, -2.999587534657339700 ) ) ;
#7378 = CYLINDRICAL_SURFACE ( 'NONE', #2201, 0.03500000000000030900 ) ;
#7379 = EDGE_CURVE ( 'NONE', #2572, #6210, #3801, .T. ) ;
#7380 = DIRECTION ( 'NONE',  ( -1.000000000000000000, -0.0000000000000000000, 0.0000000000000000000 ) ) ;
#7381 = CARTESIAN_POINT ( 'NONE',  ( 5.333673019291534700, -1.000000000000000000, 2.123673019291535600 ) ) ;
#7382 = CARTESIAN_POINT ( 'NONE',  ( 1.704999999999999000, 0.1000000000000000200, -2.592546190531647400 ) ) ;
#7383 = ORIENTED_EDGE ( 'NONE', *, *, #5032, .T. ) ;
#7384 = EDGE_CURVE ( 'NONE', #2315, #6755, #4452, .T. ) ;
#7385 = DIRECTION ( 'NONE',  ( 0.0000000000000000000, 0.0000000000000000000, 1.000000000000000000 ) ) ;
#7386 = DIRECTION ( 'NONE',  ( 0.0000000000000000000, -0.9848077530122073500, -0.1736481776669340500 ) ) ;
#7387 = VERTEX_POINT ( 'NONE', #2052 ) ;
#7388 = CARTESIAN_POINT ( 'NONE',  ( -2.105000000000001300, -1.123578144323986900, 2.999587534657339700 ) ) ;
#7389 = EDGE_CURVE ( 'NONE', #5583, #2453, #1102, .T. ) ;
#7390 = AXIS2_PLACEMENT_3D ( 'NONE', #3854, #4664, #5333 ) ;
#7391 = CARTESIAN_POINT ( 'NONE',  ( 0.8349999999999989700, -0.8946558305423296700, -2.965119263301910100 ) ) ;
#7392 = MECHANICAL_DESIGN_GEOMETRIC_PRESENTATION_REPRESENTATION (  '', ( #6493 ), #2531 ) ;
#7393 = EDGE_CURVE ( 'NONE', #4124, #6258, #3586, .T. ) ;
#7394 = ORIENTED_EDGE ( 'NONE', *, *, #4663, .F. ) ;
#7395 = PLANE ( 'NONE',  #7291 ) ;
#7396 = ORIENTED_EDGE ( 'NONE', *, *, #2462, .F. ) ;
#7397 = LINE ( 'NONE', #1167, #4482 ) ;
#7398 = ORIENTED_EDGE ( 'NONE', *, *, #7327, .T. ) ;
#7399 = ORIENTED_EDGE ( 'NONE', *, *, #6902, .T. ) ;
#7400 = CARTESIAN_POINT ( 'NONE',  ( 5.179530984761482800, 1.874182918069184200, 1.074201780250444000 ) ) ;
#7401 = PLANE ( 'NONE',  #8439 ) ;
#7402 = EDGE_LOOP ( 'NONE', ( #2484, #3233, #3988, #8214 ) ) ;
#7403 = AXIS2_PLACEMENT_3D ( 'NONE', #7759, #7708, #1010 ) ;
#7404 = VECTOR ( 'NONE', #584, 1000.000000000000100 ) ;
#7405 = CARTESIAN_POINT ( 'NONE',  ( 0.0000000000000000000, 0.5148177190201993500, 2.716591047919102200 ) ) ;
#7406 = CARTESIAN_POINT ( 'NONE',  ( -0.4350000000000013900, 0.1000000000000000100, -2.825000000000000200 ) ) ;
#7407 = DIRECTION ( 'NONE',  ( 0.0000000000000000000, -0.9848077530122073500, -0.1736481776669340500 ) ) ;
#7408 = ADVANCED_FACE ( 'NONE', ( #2715 ), #4275, .F. ) ;
#7409 = VERTEX_POINT ( 'NONE', #2924 ) ;
#7410 = ORIENTED_EDGE ( 'NONE', *, *, #5957, .F. ) ;
#7411 = FACE_OUTER_BOUND ( 'NONE', #7364, .T. ) ;
#7412 = VECTOR ( 'NONE', #7419, 1000.000000000000000 ) ;
#7413 = VERTEX_POINT ( 'NONE', #3987 ) ;
#7414 = VECTOR ( 'NONE', #2621, 1000.000000000000200 ) ;
#7415 = EDGE_CURVE ( 'NONE', #7685, #2086, #3140, .T. ) ;
#7416 = DIRECTION ( 'NONE',  ( 0.0000000000000000000, 2.168404344971009900E-016, 1.000000000000000000 ) ) ;
#7417 = CARTESIAN_POINT ( 'NONE',  ( 2.105000000000000000, -0.09999999999999925600, 2.592546190531647400 ) ) ;
#7418 = EDGE_CURVE ( 'NONE', #8675, #1219, #891, .T. ) ;
#7419 = DIRECTION ( 'NONE',  ( -1.000000000000000000, 0.0000000000000000000, 0.0000000000000000000 ) ) ;
#7420 = CARTESIAN_POINT ( 'NONE',  ( -0.4350000000000005000, -0.1000000000000000100, 1.599999999999999900 ) ) ;
#7421 = AXIS2_PLACEMENT_3D ( 'NONE', #2734, #4203, #4783 ) ;
#7422 = FACE_OUTER_BOUND ( 'NONE', #959, .T. ) ;
#7423 = PLANE ( 'NONE',  #496 ) ;
#7424 = EDGE_LOOP ( 'NONE', ( #1744, #5953, #6550, #7658 ) ) ;
#7425 = DIRECTION ( 'NONE',  ( -1.000000000000000000, 0.0000000000000000000, -0.0000000000000000000 ) ) ;
#7426 = ORIENTED_EDGE ( 'NONE', *, *, #965, .T. ) ;
#7427 = PLANE ( 'NONE',  #5197 ) ;
#7428 = CARTESIAN_POINT ( 'NONE',  ( -2.975000000000000100, -0.09419267824827012900, 2.823976012489515200 ) ) ;
#7429 =( NAMED_UNIT ( * ) SI_UNIT ( $, .STERADIAN. ) SOLID_ANGLE_UNIT ( ) );
#7430 = CARTESIAN_POINT ( 'NONE',  ( 2.105000000000000000, 0.4800880834868125900, 2.519629497316660900 ) ) ;
#7431 = COLOUR_RGB ( '',0.2509803921568627400, 0.2509803921568627400, 0.2509803921568627400 ) ;
#7432 = ORIENTED_EDGE ( 'NONE', *, *, #6027, .F. ) ;
#7433 = ADVANCED_FACE ( 'NONE', ( #7578 ), #4028, .F. ) ;
#7434 = ORIENTED_EDGE ( 'NONE', *, *, #1955, .F. ) ;
#7435 = EDGE_CURVE ( 'NONE', #2033, #4277, #6008, .T. ) ;
#7436 = CYLINDRICAL_SURFACE ( 'NONE', #5615, 0.2350000000000002400 ) ;
#7437 = DIRECTION ( 'NONE',  ( 0.0000000000000000000, 1.000000000000000000, 0.0000000000000000000 ) ) ;
#7438 = DIRECTION ( 'NONE',  ( 0.0000000000000000000, 0.1736481776669340500, 0.9848077530122073500 ) ) ;
#7439 = DIRECTION ( 'NONE',  ( 0.0000000000000000000, 0.0000000000000000000, 1.000000000000000000 ) ) ;
#7440 = VECTOR ( 'NONE', #7654, 1000.000000000000000 ) ;
#7441 = ORIENTED_EDGE ( 'NONE', *, *, #493, .F. ) ;
#7442 = VECTOR ( 'NONE', #3587, 1000.000000000000000 ) ;
#7443 = LINE ( 'NONE', #86, #3888 ) ;
#7444 = ORIENTED_EDGE ( 'NONE', *, *, #1217, .T. ) ;
#7445 = DIRECTION ( 'NONE',  ( 0.0000000000000000000, 0.1736481776669342400, -0.9848077530122073500 ) ) ;
#7446 = ORIENTED_EDGE ( 'NONE', *, *, #8550, .T. ) ;
#7447 = EDGE_CURVE ( 'NONE', #7867, #6882, #2395, .T. ) ;
#7448 = CARTESIAN_POINT ( 'NONE',  ( 3.374999999999998700, 0.1000000000000007500, -2.592546190531647400 ) ) ;
#7449 = ORIENTED_EDGE ( 'NONE', *, *, #1084, .T. ) ;
#7450 = VECTOR ( 'NONE', #4040, 1000.000000000000000 ) ;
#7451 = DIRECTION ( 'NONE',  ( 0.0000000000000000000, 2.168404344971009900E-016, 1.000000000000000000 ) ) ;
#7452 = ORIENTED_EDGE ( 'NONE', *, *, #6799, .F. ) ;
#7453 = VECTOR ( 'NONE', #485, 1000.000000000000000 ) ;
#7454 = DIRECTION ( 'NONE',  ( 1.000000000000000000, -1.263891526004123500E-031, -6.505213034913029600E-016 ) ) ;
#7455 = ORIENTED_EDGE ( 'NONE', *, *, #3811, .T. ) ;
#7456 = VECTOR ( 'NONE', #5857, 1000.000000000000200 ) ;
#7457 = CIRCLE ( 'NONE', #3942, 0.03500000000000030900 ) ;
#7458 = DIRECTION ( 'NONE',  ( 1.000000000000000000, -0.0000000000000000000, -0.0000000000000000000 ) ) ;
#7459 = FILL_AREA_STYLE ('',( #2781 ) ) ;
#7460 = VECTOR ( 'NONE', #4128, 1000.000000000000000 ) ;
#7461 = CARTESIAN_POINT ( 'NONE',  ( 1.704999999999999000, -0.1349999999999994500, 2.592546190531647400 ) ) ;
#7462 = AXIS2_PLACEMENT_3D ( 'NONE', #2062, #6791, #1428 ) ;
#7463 = VERTEX_POINT ( 'NONE', #4784 ) ;
#7464 = CARTESIAN_POINT ( 'NONE',  ( 0.0000000000000000000, -0.9235781443239861100, -0.005099784264222377100 ) ) ;
#7465 = VERTEX_POINT ( 'NONE', #2641 ) ;
#7466 = DIRECTION ( 'NONE',  ( 1.000000000000000000, -0.0000000000000000000, -0.0000000000000000000 ) ) ;
#7467 = FACE_OUTER_BOUND ( 'NONE', #181, .T. ) ;
#7468 = DIRECTION ( 'NONE',  ( 0.0000000000000000000, 0.9848077530122073500, -0.1736481776669340500 ) ) ;
#7469 = LINE ( 'NONE', #1953, #145 ) ;
#7470 = ORIENTED_EDGE ( 'NONE', *, *, #960, .F. ) ;
#7471 = CARTESIAN_POINT ( 'NONE',  ( 4.645000000000001400, -0.8885781443239865200, 2.999587534657339700 ) ) ;
#7472 = AXIS2_PLACEMENT_3D ( 'NONE', #972, #852, #8325 ) ;
#7473 = DIRECTION ( 'NONE',  ( 0.0000000000000000000, 0.0000000000000000000, 1.000000000000000000 ) ) ;
#7474 = ORIENTED_EDGE ( 'NONE', *, *, #7418, .F. ) ;
#7475 = ORIENTED_EDGE ( 'NONE', *, *, #7953, .F. ) ;
#7476 = LINE ( 'NONE', #7111, #793 ) ;
#7477 = DIRECTION ( 'NONE',  ( -2.168404344971009900E-016, -2.168404344971009900E-016, -1.000000000000000000 ) ) ;
#7478 = CARTESIAN_POINT ( 'NONE',  ( 2.974999999999998300, -0.09419267824826982300, 2.823976012489516600 ) ) ;
#7479 = VECTOR ( 'NONE', #6012, 1000.000000000000000 ) ;
#7480 = CARTESIAN_POINT ( 'NONE',  ( -2.105000000000001300, -0.9235781443239868800, 3.555000000000000200 ) ) ;
#7481 = DIRECTION ( 'NONE',  ( -1.000000000000000000, 0.0000000000000000000, 0.0000000000000000000 ) ) ;
#7482 = CARTESIAN_POINT ( 'NONE',  ( 2.974999999999998300, -0.9235781443239867700, -2.999587534657339700 ) ) ;
#7483 = PLANE ( 'NONE',  #1001 ) ;
#7484 = DIRECTION ( 'NONE',  ( -0.0000000000000000000, 0.0000000000000000000, 1.000000000000000000 ) ) ;
#7485 = LINE ( 'NONE', #7504, #7593 ) ;
#7486 = DIRECTION ( 'NONE',  ( -1.000000000000000000, 0.0000000000000000000, 0.0000000000000000000 ) ) ;
#7487 = EDGE_CURVE ( 'NONE', #1602, #7549, #5188, .T. ) ;
#7488 = DIRECTION ( 'NONE',  ( -1.000000000000000000, 0.0000000000000000000, 0.0000000000000000000 ) ) ;
#7489 = DIRECTION ( 'NONE',  ( -1.000000000000000000, 0.0000000000000000000, 0.0000000000000000000 ) ) ;
#7490 = CARTESIAN_POINT ( 'NONE',  ( -1.705000000000001200, -0.1349999999999994500, -2.592546190531647400 ) ) ;
#7491 = DIRECTION ( 'NONE',  ( -1.000000000000000000, 0.0000000000000000000, 0.0000000000000000000 ) ) ;
#7492 = ORIENTED_EDGE ( 'NONE', *, *, #7152, .F. ) ;
#7493 = EDGE_CURVE ( 'NONE', #573, #7643, #6112, .T. ) ;
#7494 = LINE ( 'NONE', #5515, #2102 ) ;
#7495 = CARTESIAN_POINT ( 'NONE',  ( 2.104999999999999100, -0.8946558305423292200, -2.965119263301912300 ) ) ;
#7496 = DIRECTION ( 'NONE',  ( -2.710505431213754200E-016, 1.000000000000000000, 0.0000000000000000000 ) ) ;
#7497 = CARTESIAN_POINT ( 'NONE',  ( 0.0000000000000000000, 0.5148177190201993500, 2.716591047919102200 ) ) ;
#7498 = DIRECTION ( 'NONE',  ( 0.0000000000000000000, -0.1736481776669270600, -0.9848077530122086900 ) ) ;
#7499 = ADVANCED_FACE ( 'NONE', ( #6730 ), #7401, .F. ) ;
#7500 = EDGE_CURVE ( 'NONE', #7971, #3349, #6309, .T. ) ;
#7501 = ORIENTED_EDGE ( 'NONE', *, *, #5723, .F. ) ;
#7502 = VECTOR ( 'NONE', #2954, 1000.000000000000000 ) ;
#7503 = DIRECTION ( 'NONE',  ( -0.9848077530122086900, -0.1736481776669270600, -0.0000000000000000000 ) ) ;
#7504 = CARTESIAN_POINT ( 'NONE',  ( 1.704999999999999000, 0.4800880834868125900, -2.519629497316660900 ) ) ;
#7505 = DIRECTION ( 'NONE',  ( 8.425943506694156900E-032, -1.000000000000000000, 0.0000000000000000000 ) ) ;
#7506 = VERTEX_POINT ( 'NONE', #8757 ) ;
#7507 = CYLINDRICAL_SURFACE ( 'NONE', #1445, 0.2350000000000004000 ) ;
#7508 = EDGE_CURVE ( 'NONE', #3507, #7876, #681, .T. ) ;
#7509 = AXIS2_PLACEMENT_3D ( 'NONE', #4360, #1633, #2951 ) ;
#7510 = ORIENTED_EDGE ( 'NONE', *, *, #5748, .F. ) ;
#7511 = FACE_OUTER_BOUND ( 'NONE', #6412, .T. ) ;
#7512 = AXIS2_PLACEMENT_3D ( 'NONE', #1685, #2410, #8465 ) ;
#7513 = CARTESIAN_POINT ( 'NONE',  ( -2.105000000000001300, -0.8946558305423294400, -2.965119263301911400 ) ) ;
#7514 = ORIENTED_EDGE ( 'NONE', *, *, #8072, .T. ) ;
#7515 = DIRECTION ( 'NONE',  ( 0.0000000000000000000, 0.1736481776669342400, -0.9848077530122073500 ) ) ;
#7516 = CARTESIAN_POINT ( 'NONE',  ( -2.975000000000000100, 0.1000000000000000100, -1.599999999999999900 ) ) ;
#7517 = ORIENTED_EDGE ( 'NONE', *, *, #1975, .T. ) ;
#7518 = CARTESIAN_POINT ( 'NONE',  ( -0.8350000000000015200, -0.09999999999999925600, -2.592546190531647400 ) ) ;
#7519 = VECTOR ( 'NONE', #1292, 1000.000000000000000 ) ;
#7520 = DIRECTION ( 'NONE',  ( 0.0000000000000000000, -0.1736481776669340800, -0.9848077530122074700 ) ) ;
#7521 = ORIENTED_EDGE ( 'NONE', *, *, #4553, .T. ) ;
#7522 = VECTOR ( 'NONE', #705, 1000.000000000000000 ) ;
#7523 = VERTEX_POINT ( 'NONE', #3342 ) ;
#7524 = CARTESIAN_POINT ( 'NONE',  ( 2.974999999999997900, -1.123578144323987200, -3.555000000000000200 ) ) ;
#7525 = AXIS2_PLACEMENT_3D ( 'NONE', #7276, #5911, #6643 ) ;
#7526 = AXIS2_PLACEMENT_3D ( 'NONE', #2501, #1756, #8537 ) ;
#7527 = ORIENTED_EDGE ( 'NONE', *, *, #4155, .F. ) ;
#7528 = LINE ( 'NONE', #8335, #5348 ) ;
#7529 =( LENGTH_UNIT ( ) NAMED_UNIT ( * ) SI_UNIT ( .MILLI., .METRE. ) );
#7530 = DIRECTION ( 'NONE',  ( 0.0000000000000000000, 1.000000000000000000, -2.168404344971009900E-016 ) ) ;
#7531 = EDGE_LOOP ( 'NONE', ( #4318, #8739, #3840, #1530 ) ) ;
#7532 = PLANE ( 'NONE',  #246 ) ;
#7533 = LINE ( 'NONE', #3959, #4205 ) ;
#7534 = EDGE_CURVE ( 'NONE', #1044, #3171, #7369, .T. ) ;
#7535 = DIRECTION ( 'NONE',  ( 0.0000000000000000000, 0.1736481776669340500, 0.9848077530122073500 ) ) ;
#7536 = DIRECTION ( 'NONE',  ( -1.000000000000000000, 0.0000000000000000000, 0.0000000000000000000 ) ) ;
#7537 = ORIENTED_EDGE ( 'NONE', *, *, #5632, .F. ) ;
#7538 = ORIENTED_EDGE ( 'NONE', *, *, #1775, .T. ) ;
#7539 = VECTOR ( 'NONE', #6128, 1000.000000000000000 ) ;
#7540 = DIRECTION ( 'NONE',  ( 1.000000000000000000, 0.0000000000000000000, 0.0000000000000000000 ) ) ;
#7541 = DIRECTION ( 'NONE',  ( 1.000000000000000000, -0.0000000000000000000, -0.0000000000000000000 ) ) ;
#7542 = ORIENTED_EDGE ( 'NONE', *, *, #1780, .T. ) ;
#7543 = VECTOR ( 'NONE', #6507, 1000.000000000000000 ) ;
#7544 = PLANE ( 'NONE',  #4061 ) ;
#7545 = VERTEX_POINT ( 'NONE', #6731 ) ;
#7546 = CARTESIAN_POINT ( 'NONE',  ( 3.374999999999998700, -0.8946558305423294400, -2.965119263301911400 ) ) ;
#7547 = DIRECTION ( 'NONE',  ( 1.000000000000000000, -0.0000000000000000000, -0.0000000000000000000 ) ) ;
#7548 = VECTOR ( 'NONE', #4101, 1000.000000000000000 ) ;
#7549 = VERTEX_POINT ( 'NONE', #4767 ) ;
#7550 = EDGE_CURVE ( 'NONE', #4247, #5377, #2179, .T. ) ;
#7551 = ADVANCED_FACE ( 'NONE', ( #154 ), #1423, .T. ) ;
#7552 = FACE_OUTER_BOUND ( 'NONE', #552, .T. ) ;
#7553 = FACE_OUTER_BOUND ( 'NONE', #7861, .T. ) ;
#7554 = PLANE ( 'NONE',  #2634 ) ;
#7555 = ORIENTED_EDGE ( 'NONE', *, *, #3178, .F. ) ;
#7556 = ORIENTED_EDGE ( 'NONE', *, *, #5606, .F. ) ;
#7557 = PLANE ( 'NONE',  #4174 ) ;
#7558 = VERTEX_POINT ( 'NONE', #73 ) ;
#7559 = DIRECTION ( 'NONE',  ( 0.0000000000000000000, 0.9848077530122073500, -0.1736481776669340500 ) ) ;
#7560 = CARTESIAN_POINT ( 'NONE',  ( 1.704999999999999000, 0.1000000000000000100, -1.599999999999999900 ) ) ;
#7561 = ORIENTED_EDGE ( 'NONE', *, *, #1993, .T. ) ;
#7562 = DIRECTION ( 'NONE',  ( 0.0000000000000000000, 0.1736481776669342400, 0.9848077530122073500 ) ) ;
#7563 = FACE_OUTER_BOUND ( 'NONE', #2115, .T. ) ;
#7564 = VERTEX_POINT ( 'NONE', #5519 ) ;
#7565 = ORIENTED_EDGE ( 'NONE', *, *, #1585, .T. ) ;
#7566 = EDGE_CURVE ( 'NONE', #4146, #2807, #2500, .T. ) ;
#7567 = AXIS2_PLACEMENT_3D ( 'NONE', #2038, #1281, #1979 ) ;
#7568 = VECTOR ( 'NONE', #2114, 1000.000000000000000 ) ;
#7569 = CIRCLE ( 'NONE', #384, 0.03500000000000030900 ) ;
#7570 = AXIS2_PLACEMENT_3D ( 'NONE', #5637, #8332, #4302 ) ;
#7571 = CARTESIAN_POINT ( 'NONE',  ( -1.705000000000001200, -1.123578144323986900, -2.970219047566134300 ) ) ;
#7572 = CARTESIAN_POINT ( 'NONE',  ( -2.975000000000001000, -0.1349999999999994500, -2.592546190531647400 ) ) ;
#7573 = ORIENTED_EDGE ( 'NONE', *, *, #2455, .T. ) ;
#7574 = VERTEX_POINT ( 'NONE', #3501 ) ;
#7575 = DIRECTION ( 'NONE',  ( 0.0000000000000000000, 0.0000000000000000000, 1.000000000000000000 ) ) ;
#7576 = ORIENTED_EDGE ( 'NONE', *, *, #4521, .T. ) ;
#7577 = ORIENTED_EDGE ( 'NONE', *, *, #2887, .F. ) ;
#7578 = FACE_OUTER_BOUND ( 'NONE', #2168, .T. ) ;
#7579 = DIRECTION ( 'NONE',  ( -1.000000000000000000, 0.0000000000000000000, 0.0000000000000000000 ) ) ;
#7580 = CARTESIAN_POINT ( 'NONE',  ( 2.105000000000000000, -0.8885781443239865200, 2.999587534657339700 ) ) ;
#7581 = AXIS2_PLACEMENT_3D ( 'NONE', #4144, #4867, #7451 ) ;
#7582 = SURFACE_STYLE_USAGE ( .BOTH. , #4903 ) ;
#7583 = ORIENTED_EDGE ( 'NONE', *, *, #5117, .F. ) ;
#7584 = CARTESIAN_POINT ( 'NONE',  ( 1.704999999999999000, -1.123578144323986900, 2.999587534657339700 ) ) ;
#7585 = ORIENTED_EDGE ( 'NONE', *, *, #3262, .T. ) ;
#7586 = DIRECTION ( 'NONE',  ( 0.0000000000000000000, 0.0000000000000000000, 1.000000000000000000 ) ) ;
#7587 = AXIS2_PLACEMENT_3D ( 'NONE', #6751, #4841, #2084 ) ;
#7588 = LINE ( 'NONE', #3566, #483 ) ;
#7589 = DIRECTION ( 'NONE',  ( 1.000000000000000000, 0.0000000000000000000, 0.0000000000000000000 ) ) ;
#7590 = CARTESIAN_POINT ( 'NONE',  ( 2.974999999999998300, -0.9235781443239867700, 2.999587534657339700 ) ) ;
#7591 = EDGE_CURVE ( 'NONE', #2286, #4217, #6621, .T. ) ;
#7592 = DIRECTION ( 'NONE',  ( 0.0000000000000000000, 0.1736481776669342400, 0.9848077530122073500 ) ) ;
#7593 = VECTOR ( 'NONE', #4163, 1000.000000000000200 ) ;
#7594 = EDGE_CURVE ( 'NONE', #4873, #8614, #8641, .T. ) ;
#7595 = AXIS2_PLACEMENT_3D ( 'NONE', #3377, #3984, #565 ) ;
#7596 = ADVANCED_FACE ( 'NONE', ( #3363 ), #6396, .T. ) ;
#7597 = DIRECTION ( 'NONE',  ( 1.000000000000000000, 0.0000000000000000000, 0.0000000000000000000 ) ) ;
#7598 = ORIENTED_EDGE ( 'NONE', *, *, #8663, .F. ) ;
#7599 = CARTESIAN_POINT ( 'NONE',  ( 0.0000000000000000000, 0.5148177190201993500, -2.716591047919102200 ) ) ;
#7600 = FACE_OUTER_BOUND ( 'NONE', #2998, .T. ) ;
#7601 = ADVANCED_FACE ( 'NONE', ( #7151 ), #6517, .F. ) ;
#7602 = CARTESIAN_POINT ( 'NONE',  ( -4.245000000000000100, -0.8946558305423293300, 2.965119263301911400 ) ) ;
#7603 = VERTEX_POINT ( 'NONE', #8321 ) ;
#7604 = DIRECTION ( 'NONE',  ( 0.0000000000000000000, 0.0000000000000000000, -1.000000000000000000 ) ) ;
#7605 = EDGE_CURVE ( 'NONE', #4422, #2022, #1753, .T. ) ;
#7606 = VECTOR ( 'NONE', #6525, 1000.000000000000000 ) ;
#7607 = DIRECTION ( 'NONE',  ( 0.0000000000000000000, 7.744301232039248600E-016, -1.000000000000000000 ) ) ;
#7608 = CARTESIAN_POINT ( 'NONE',  ( 4.245000000000000100, -0.9235781443239867700, 2.999587534657339700 ) ) ;
#7609 = CARTESIAN_POINT ( 'NONE',  ( -2.105000000000000900, -0.9235781443239867700, 2.999587534657339700 ) ) ;
#7610 = EDGE_CURVE ( 'NONE', #2605, #476, #4766, .T. ) ;
#7611 = ORIENTED_EDGE ( 'NONE', *, *, #3177, .T. ) ;
#7612 = DIRECTION ( 'NONE',  ( 1.000000000000000000, -0.0000000000000000000, -0.0000000000000000000 ) ) ;
#7613 = ORIENTED_EDGE ( 'NONE', *, *, #2885, .F. ) ;
#7614 = VECTOR ( 'NONE', #7050, 1000.000000000000000 ) ;
#7615 = ORIENTED_EDGE ( 'NONE', *, *, #157, .F. ) ;
#7616 = DIRECTION ( 'NONE',  ( 0.0000000000000000000, 0.0000000000000000000, 1.000000000000000000 ) ) ;
#7617 = DIRECTION ( 'NONE',  ( 0.0000000000000000000, 1.000000000000000000, 2.168404344971009900E-016 ) ) ;
#7618 = ADVANCED_FACE ( 'NONE', ( #1532 ), #1591, .T. ) ;
#7619 = CARTESIAN_POINT ( 'NONE',  ( 2.974999999999998300, -0.8946558305423292200, -2.965119263301912300 ) ) ;
#7620 = EDGE_CURVE ( 'NONE', #669, #7465, #8427, .T. ) ;
#7621 = ORIENTED_EDGE ( 'NONE', *, *, #4624, .T. ) ;
#7622 = FACE_OUTER_BOUND ( 'NONE', #758, .T. ) ;
#7623 = VECTOR ( 'NONE', #2613, 1000.000000000000000 ) ;
#7624 = LINE ( 'NONE', #5030, #1909 ) ;
#7625 = ORIENTED_EDGE ( 'NONE', *, *, #1882, .T. ) ;
#7626 = CARTESIAN_POINT ( 'NONE',  ( 2.974999999999998300, -1.123578144323986900, 2.970219047566134300 ) ) ;
#7627 = ORIENTED_EDGE ( 'NONE', *, *, #6698, .T. ) ;
#7628 = AXIS2_PLACEMENT_3D ( 'NONE', #151, #3558, #110 ) ;
#7629 = ORIENTED_EDGE ( 'NONE', *, *, #1809, .T. ) ;
#7630 = VECTOR ( 'NONE', #1600, 1000.000000000000000 ) ;
#7631 = FACE_OUTER_BOUND ( 'NONE', #7424, .T. ) ;
#7632 = PLANE ( 'NONE',  #2703 ) ;
#7633 = PRODUCT_DEFINITION_FORMATION_WITH_SPECIFIED_SOURCE ( 'ANY', '', #2162, .NOT_KNOWN. ) ;
#7634 = LINE ( 'NONE', #6416, #2659 ) ;
#7635 = CARTESIAN_POINT ( 'NONE',  ( 0.8349999999999998500, -0.8885781443239865200, 2.999587534657339700 ) ) ;
#7636 = AXIS2_PLACEMENT_3D ( 'NONE', #4362, #1511, #4995 ) ;
#7637 = LINE ( 'NONE', #5638, #1481 ) ;
#7638 = CARTESIAN_POINT ( 'NONE',  ( 3.374999999999998700, -0.1000000000000000100, -2.825000000000000200 ) ) ;
#7639 = DIRECTION ( 'NONE',  ( 0.0000000000000000000, 0.0000000000000000000, 1.000000000000000000 ) ) ;
#7640 = DIRECTION ( 'NONE',  ( 0.0000000000000000000, 0.0000000000000000000, -1.000000000000000000 ) ) ;
#7641 = LINE ( 'NONE', #17, #6366 ) ;
#7642 = ADVANCED_FACE ( 'NONE', ( #6611 ), #4990, .T. ) ;
#7643 = VERTEX_POINT ( 'NONE', #2296 ) ;
#7644 = DIRECTION ( 'NONE',  ( -1.000000000000000000, 0.0000000000000000000, 0.0000000000000000000 ) ) ;
#7645 = ORIENTED_EDGE ( 'NONE', *, *, #5149, .T. ) ;
#7646 = DIRECTION ( 'NONE',  ( 0.0000000000000000000, 0.1736481776669342400, 0.9848077530122073500 ) ) ;
#7647 = AXIS2_PLACEMENT_3D ( 'NONE', #3402, #2020, #1264 ) ;
#7648 = CARTESIAN_POINT ( 'NONE',  ( -5.177550760727830200, 1.885413326630012600, -1.967550760727829100 ) ) ;
#7649 = FACE_OUTER_BOUND ( 'NONE', #8771, .T. ) ;
#7650 = ORIENTED_EDGE ( 'NONE', *, *, #3032, .T. ) ;
#7651 = VECTOR ( 'NONE', #6746, 1000.000000000000200 ) ;
#7652 = DIRECTION ( 'NONE',  ( 0.0000000000000000000, 0.0000000000000000000, -1.000000000000000000 ) ) ;
#7653 = CARTESIAN_POINT ( 'NONE',  ( -0.8350000000000015200, 0.1000000000000007500, 2.592546190531647400 ) ) ;
#7654 = DIRECTION ( 'NONE',  ( -1.000000000000000000, 0.0000000000000000000, 0.0000000000000000000 ) ) ;
#7655 = LINE ( 'NONE', #334, #4111 ) ;
#7656 = PLANE ( 'NONE',  #3648 ) ;
#7657 = ORIENTED_EDGE ( 'NONE', *, *, #5862, .F. ) ;
#7658 = ORIENTED_EDGE ( 'NONE', *, *, #6323, .T. ) ;
#7659 = LINE ( 'NONE', #5620, #7878 ) ;
#7660 = EDGE_CURVE ( 'NONE', #8168, #1579, #8524, .T. ) ;
#7661 = VERTEX_POINT ( 'NONE', #6341 ) ;
#7662 = DIRECTION ( 'NONE',  ( -1.000000000000000000, 0.0000000000000000000, 0.0000000000000000000 ) ) ;
#7663 = ORIENTED_EDGE ( 'NONE', *, *, #339, .F. ) ;
#7664 = DIRECTION ( 'NONE',  ( 8.425943506694156900E-032, -1.000000000000000000, 0.0000000000000000000 ) ) ;
#7665 = ADVANCED_FACE ( 'NONE', ( #1855 ), #8409, .T. ) ;
#7666 = VECTOR ( 'NONE', #1191, 1000.000000000000000 ) ;
#7667 = ORIENTED_EDGE ( 'NONE', *, *, #4720, .F. ) ;
#7668 = EDGE_CURVE ( 'NONE', #7387, #781, #7035, .T. ) ;
#7669 = ORIENTED_EDGE ( 'NONE', *, *, #2977, .F. ) ;
#7670 = CIRCLE ( 'NONE', #1486, 0.03500000000000030900 ) ;
#7671 = ORIENTED_EDGE ( 'NONE', *, *, #5632, .T. ) ;
#7672 = LINE ( 'NONE', #7195, #1187 ) ;
#7673 = LINE ( 'NONE', #8486, #5891 ) ;
#7674 = EDGE_CURVE ( 'NONE', #7361, #2438, #2596, .T. ) ;
#7675 = VERTEX_POINT ( 'NONE', #7005 ) ;
#7676 = LINE ( 'NONE', #7353, #2283 ) ;
#7677 = CARTESIAN_POINT ( 'NONE',  ( 0.4349999999999987800, -0.09419267824827008700, -2.823976012489515200 ) ) ;
#7678 = ORIENTED_EDGE ( 'NONE', *, *, #5817, .F. ) ;
#7679 = PLANE ( 'NONE',  #182 ) ;
#7680 = VERTEX_POINT ( 'NONE', #1538 ) ;
#7681 = DIRECTION ( 'NONE',  ( 0.0000000000000000000, 0.0000000000000000000, -1.000000000000000000 ) ) ;
#7682 = FACE_OUTER_BOUND ( 'NONE', #1508, .T. ) ;
#7683 = LINE ( 'NONE', #8670, #7359 ) ;
#7684 = DIRECTION ( 'NONE',  ( 0.0000000000000000000, -0.1736481776669340800, 0.9848077530122074700 ) ) ;
#7685 = VERTEX_POINT ( 'NONE', #8378 ) ;
#7686 = DIRECTION ( 'NONE',  ( 0.0000000000000000000, 0.0000000000000000000, 1.000000000000000000 ) ) ;
#7687 = DIRECTION ( 'NONE',  ( -1.000000000000000000, 0.0000000000000000000, 0.0000000000000000000 ) ) ;
#7688 = ORIENTED_EDGE ( 'NONE', *, *, #4184, .F. ) ;
#7689 = EDGE_CURVE ( 'NONE', #3533, #4062, #3691, .T. ) ;
#7690 = ORIENTED_EDGE ( 'NONE', *, *, #7303, .T. ) ;
#7691 = ADVANCED_FACE ( 'NONE', ( #4861 ), #6367, .F. ) ;
#7692 = AXIS2_PLACEMENT_3D ( 'NONE', #7914, #5765, #2377 ) ;
#7693 = EDGE_CURVE ( 'NONE', #476, #1035, #361, .T. ) ;
#7694 = VECTOR ( 'NONE', #363, 1000.000000000000000 ) ;
#7695 = CARTESIAN_POINT ( 'NONE',  ( 4.245000000000001000, 0.4800880834868125900, -2.519629497316660900 ) ) ;
#7696 = DIRECTION ( 'NONE',  ( 0.0000000000000000000, 0.0000000000000000000, 1.000000000000000000 ) ) ;
#7697 = CARTESIAN_POINT ( 'NONE',  ( -2.105000000000001300, -0.1289223137816567200, -2.627014461887075200 ) ) ;
#7698 = ADVANCED_FACE ( 'NONE', ( #2810 ), #6514, .T. ) ;
#7699 = PRODUCT_DEFINITION_SHAPE ( 'NONE', 'NONE',  #8091 ) ;
#7700 = DIRECTION ( 'NONE',  ( 0.0000000000000000000, 0.9848077530122073500, 0.1736481776669340500 ) ) ;
#7701 = VECTOR ( 'NONE', #6468, 1000.000000000000000 ) ;
#7702 = AXIS2_PLACEMENT_3D ( 'NONE', #5504, #2650, #8181 ) ;
#7703 = DIRECTION ( 'NONE',  ( 1.000000000000000000, -0.0000000000000000000, -0.0000000000000000000 ) ) ;
#7704 = AXIS2_PLACEMENT_3D ( 'NONE', #3740, #2380, #8466 ) ;
#7705 = DIRECTION ( 'NONE',  ( 0.0000000000000000000, 1.000000000000000000, 0.0000000000000000000 ) ) ;
#7706 = DIRECTION ( 'NONE',  ( 0.0000000000000000000, 0.0000000000000000000, 1.000000000000000000 ) ) ;
#7707 = LINE ( 'NONE', #305, #5921 ) ;
#7708 = DIRECTION ( 'NONE',  ( 1.000000000000000000, 0.0000000000000000000, 0.0000000000000000000 ) ) ;
#7709 = CARTESIAN_POINT ( 'NONE',  ( -0.8350000000000015200, -0.06527036446661323200, -2.818876228225292800 ) ) ;
#7710 = DIRECTION ( 'NONE',  ( 0.0000000000000000000, 1.000000000000000000, 0.0000000000000000000 ) ) ;
#7711 = EDGE_CURVE ( 'NONE', #4408, #3466, #3239, .T. ) ;
#7712 = DIRECTION ( 'NONE',  ( 1.000000000000000000, -0.0000000000000000000, -0.0000000000000000000 ) ) ;
#7713 = ORIENTED_EDGE ( 'NONE', *, *, #6989, .F. ) ;
#7714 = EDGE_CURVE ( 'NONE', #715, #1422, #5698, .T. ) ;
#7715 = VECTOR ( 'NONE', #6142, 1000.000000000000200 ) ;
#7716 = ADVANCED_FACE ( 'NONE', ( #5178 ), #6540, .T. ) ;
#7717 = CARTESIAN_POINT ( 'NONE',  ( 0.0000000000000000000, -0.9293854660757164800, -2.768157712699470100 ) ) ;
#7718 = CARTESIAN_POINT ( 'NONE',  ( -3.375000000000001300, -0.8885781443239865200, -2.999587534657339700 ) ) ;
#7719 = ORIENTED_EDGE ( 'NONE', *, *, #2313, .T. ) ;
#7720 = ORIENTED_EDGE ( 'NONE', *, *, #2515, .T. ) ;
#7721 = VECTOR ( 'NONE', #7466, 1000.000000000000000 ) ;
#7722 = UNCERTAINTY_MEASURE_WITH_UNIT (LENGTH_MEASURE( 1.000000000000000100E-005 ), #4202, 'distance_accuracy_value', 'NONE');
#7723 = DIRECTION ( 'NONE',  ( 0.0000000000000000000, -1.000000000000000000, 0.0000000000000000000 ) ) ;
#7724 = EDGE_CURVE ( 'NONE', #8581, #6258, #4444, .T. ) ;
#7725 = VERTEX_POINT ( 'NONE', #8440 ) ;
#7726 = LINE ( 'NONE', #2290, #5736 ) ;
#7727 = ORIENTED_EDGE ( 'NONE', *, *, #1482, .F. ) ;
#7728 = LINE ( 'NONE', #5054, #5940 ) ;
#7729 = DIRECTION ( 'NONE',  ( 0.0000000000000000000, 0.0000000000000000000, 1.000000000000000000 ) ) ;
#7730 = ADVANCED_FACE ( 'NONE', ( #5495 ), #8493, .T. ) ;
#7731 = ORIENTED_EDGE ( 'NONE', *, *, #863, .T. ) ;
#7732 = CARTESIAN_POINT ( 'NONE',  ( -0.4350000000000003900, -1.123578144323987200, 3.555000000000000200 ) ) ;
#7733 = ADVANCED_FACE ( 'NONE', ( #475 ), #5079, .T. ) ;
#7734 = ORIENTED_EDGE ( 'NONE', *, *, #8065, .F. ) ;
#7735 = DIRECTION ( 'NONE',  ( 0.0000000000000000000, 0.0000000000000000000, -1.000000000000000000 ) ) ;
#7736 = CIRCLE ( 'NONE', #4243, 0.2350000000000004000 ) ;
#7737 = VECTOR ( 'NONE', #3334, 1000.000000000000200 ) ;
#7738 = PLANE ( 'NONE',  #19 ) ;
#7739 = ORIENTED_EDGE ( 'NONE', *, *, #5477, .F. ) ;
#7740 = CYLINDRICAL_SURFACE ( 'NONE', #5532, 0.2350000000000004000 ) ;
#7741 = PLANE ( 'NONE',  #6068 ) ;
#7742 = VERTEX_POINT ( 'NONE', #7161 ) ;
#7743 = PLANE ( 'NONE',  #5308 ) ;
#7744 = EDGE_CURVE ( 'NONE', #7290, #3907, #7569, .T. ) ;
#7745 = VERTEX_POINT ( 'NONE', #3827 ) ;
#7746 = LINE ( 'NONE', #2735, #948 ) ;
#7747 = CARTESIAN_POINT ( 'NONE',  ( -1.705000000000000300, -0.1000000000000000100, 2.825000000000000200 ) ) ;
#7748 = DIRECTION ( 'NONE',  ( -1.000000000000000000, 0.0000000000000000000, 0.0000000000000000000 ) ) ;
#7749 = DIRECTION ( 'NONE',  ( 1.000000000000000000, -0.0000000000000000000, -0.0000000000000000000 ) ) ;
#7750 = DIRECTION ( 'NONE',  ( -0.0000000000000000000, 0.0000000000000000000, 1.000000000000000000 ) ) ;
#7751 = AXIS2_PLACEMENT_3D ( 'NONE', #673, #6089, #5345 ) ;
#7752 = LINE ( 'NONE', #6286, #738 ) ;
#7753 = ORIENTED_EDGE ( 'NONE', *, *, #1072, .T. ) ;
#7754 = DIRECTION ( 'NONE',  ( 0.0000000000000000000, -0.1736481776669339900, -0.9848077530122073500 ) ) ;
#7755 = ADVANCED_FACE ( 'NONE', ( #5792 ), #1004, .T. ) ;
#7756 = DIRECTION ( 'NONE',  ( -1.000000000000000000, -0.0000000000000000000, 0.0000000000000000000 ) ) ;
#7757 = VECTOR ( 'NONE', #597, 1000.000000000000000 ) ;
#7758 = EDGE_CURVE ( 'NONE', #2420, #4880, #3352, .T. ) ;
#7759 = CARTESIAN_POINT ( 'NONE',  ( 4.245000000000000100, -1.123578144323986900, 2.970219047566134300 ) ) ;
#7760 = EDGE_LOOP ( 'NONE', ( #6806, #765, #7907, #170, #8210, #2676, #3071, #2069, #6477, #1400, #2347, #7951, #4998, #8637, #2382, #6191, #3427, #5151, #1860, #1774, #2314, #2309, #2675, #8302, #1041, #3479, #341, #5976, #7800, #7371, #2094, #6060, #5885, #2056, #6927, #3663, #992, #133, #1870, #5884, #8244, #2710, #3394, #6615, #4632, #5641, #4518, #7945, #1378, #8099, #4533, #5500, #1244, #4363, #8297, #2643, #4856, #3623, #8364, #2159 ) ) ;
#7761 = EDGE_LOOP ( 'NONE', ( #140, #4137, #5970, #6177 ) ) ;
#7762 = LINE ( 'NONE', #7930, #7543 ) ;
#7763 = ORIENTED_EDGE ( 'NONE', *, *, #542, .F. ) ;
#7764 = VERTEX_POINT ( 'NONE', #5852 ) ;
#7765 = DIRECTION ( 'NONE',  ( 0.0000000000000000000, 0.0000000000000000000, 1.000000000000000000 ) ) ;
#7766 = CARTESIAN_POINT ( 'NONE',  ( 0.0000000000000000000, -0.9293854660757164800, -2.768157712699470100 ) ) ;
#7767 = ORIENTED_EDGE ( 'NONE', *, *, #1, .F. ) ;
#7768 = CIRCLE ( 'NONE', #2078, 0.03500000000000030900 ) ;
#7769 = ORIENTED_EDGE ( 'NONE', *, *, #1559, .T. ) ;
#7770 = VERTEX_POINT ( 'NONE', #1777 ) ;
#7771 = FACE_OUTER_BOUND ( 'NONE', #7893, .T. ) ;
#7772 = CIRCLE ( 'NONE', #7964, 0.2350000000000004000 ) ;
#7773 = ORIENTED_EDGE ( 'NONE', *, *, #5802, .F. ) ;
#7774 = DIRECTION ( 'NONE',  ( 0.0000000000000000000, 1.000000000000000000, 0.0000000000000000000 ) ) ;
#7775 = DIRECTION ( 'NONE',  ( 3.859235655567988700E-032, -1.000000000000000000, 2.832769448823989800E-016 ) ) ;
#7776 = DIRECTION ( 'NONE',  ( 0.0000000000000000000, 1.000000000000000000, 2.168404344971009900E-016 ) ) ;
#7777 = DIRECTION ( 'NONE',  ( 0.0000000000000000000, 1.000000000000000000, 0.0000000000000000000 ) ) ;
#7778 = VERTEX_POINT ( 'NONE', #5201 ) ;
#7779 = LINE ( 'NONE', #8010, #4233 ) ;
#7780 = ADVANCED_FACE ( 'NONE', ( #1522 ), #522, .T. ) ;
#7781 = EDGE_CURVE ( 'NONE', #5553, #1407, #7683, .T. ) ;
#7782 = VERTEX_POINT ( 'NONE', #1159 ) ;
#7783 = DIRECTION ( 'NONE',  ( 1.000000000000000000, -0.0000000000000000000, -0.0000000000000000000 ) ) ;
#7784 = LINE ( 'NONE', #7294, #8728 ) ;
#7785 = VECTOR ( 'NONE', #8084, 1000.000000000000200 ) ;
#7786 = DIRECTION ( 'NONE',  ( -1.000000000000000000, -0.0000000000000000000, -0.0000000000000000000 ) ) ;
#7787 = VERTEX_POINT ( 'NONE', #7222 ) ;
#7788 = CARTESIAN_POINT ( 'NONE',  ( -0.4350000000000005000, -0.1349999999999994500, 2.592546190531647400 ) ) ;
#7789 = EDGE_CURVE ( 'NONE', #8698, #4062, #5592, .T. ) ;
#7790 = DIRECTION ( 'NONE',  ( -0.0000000000000000000, -1.084202172485504900E-016, 1.000000000000000000 ) ) ;
#7791 = DIRECTION ( 'NONE',  ( -1.000000000000000000, 0.0000000000000000000, 0.0000000000000000000 ) ) ;
#7792 = ORIENTED_EDGE ( 'NONE', *, *, #7487, .T. ) ;
#7793 = ORIENTED_EDGE ( 'NONE', *, *, #1706, .T. ) ;
#7794 = DIRECTION ( 'NONE',  ( -1.000000000000000000, 0.0000000000000000000, 0.0000000000000000000 ) ) ;
#7795 = ORIENTED_EDGE ( 'NONE', *, *, #2885, .T. ) ;
#7796 = VECTOR ( 'NONE', #6727, 1000.000000000000000 ) ;
#7797 = PLANE ( 'NONE',  #7692 ) ;
#7798 = EDGE_CURVE ( 'NONE', #1153, #1689, #7142, .T. ) ;
#7799 = DIRECTION ( 'NONE',  ( 1.000000000000000000, -0.0000000000000000000, -0.0000000000000000000 ) ) ;
#7800 = ORIENTED_EDGE ( 'NONE', *, *, #6625, .F. ) ;
#7801 = ORIENTED_EDGE ( 'NONE', *, *, #121, .T. ) ;
#7802 = DIRECTION ( 'NONE',  ( 0.0000000000000000000, 1.000000000000000000, 0.0000000000000000000 ) ) ;
#7803 = CARTESIAN_POINT ( 'NONE',  ( 0.0000000000000000000, -0.9235781443239861100, -0.005099784264222377100 ) ) ;
#7804 = CYLINDRICAL_SURFACE ( 'NONE', #7817, 0.03500000000000030900 ) ;
#7805 = EDGE_CURVE ( 'NONE', #1589, #8630, #1958, .T. ) ;
#7806 = AXIS2_PLACEMENT_3D ( 'NONE', #7043, #3034, #5714 ) ;
#7807 = PLANE ( 'NONE',  #5127 ) ;
#7808 = CARTESIAN_POINT ( 'NONE',  ( -2.105000000000001300, -1.123578144323987200, -3.970219047566133900 ) ) ;
#7809 = LINE ( 'NONE', #1648, #7701 ) ;
#7810 = CARTESIAN_POINT ( 'NONE',  ( -2.975000000000001000, -0.9235781443239867700, -2.970219047566134300 ) ) ;
#7811 = LINE ( 'NONE', #4431, #8336 ) ;
#7812 = DIRECTION ( 'NONE',  ( 0.0000000000000000000, 1.000000000000000000, 0.0000000000000000000 ) ) ;
#7813 = AXIS2_PLACEMENT_3D ( 'NONE', #7405, #5499, #6127 ) ;
#7814 = AXIS2_PLACEMENT_3D ( 'NONE', #7850, #6425, #8530 ) ;
#7815 = CARTESIAN_POINT ( 'NONE',  ( 0.8349999999999989700, 0.1000000000000000100, -2.825000000000000200 ) ) ;
#7816 = ADVANCED_FACE ( 'NONE', ( #8633 ), #3889, .T. ) ;
#7817 = AXIS2_PLACEMENT_3D ( 'NONE', #3774, #7712, #7826 ) ;
#7818 = PLANE ( 'NONE',  #2316 ) ;
#7819 = ORIENTED_EDGE ( 'NONE', *, *, #7384, .T. ) ;
#7820 = CARTESIAN_POINT ( 'NONE',  ( -2.975000000000000100, -0.1349999999999994500, 2.592546190531647400 ) ) ;
#7821 = FACE_OUTER_BOUND ( 'NONE', #5488, .T. ) ;
#7822 = CARTESIAN_POINT ( 'NONE',  ( -2.105000000000001300, -0.9235781443239868800, -3.555000000000000200 ) ) ;
#7823 = CARTESIAN_POINT ( 'NONE',  ( 1.704999999999999000, -0.06527036446661303700, -2.818876228225294200 ) ) ;
#7824 = CARTESIAN_POINT ( 'NONE',  ( -4.645000000000001400, -0.09419267824826987900, -2.823976012489516600 ) ) ;
#7825 = EDGE_CURVE ( 'NONE', #6265, #5377, #8206, .T. ) ;
#7826 = DIRECTION ( 'NONE',  ( 0.0000000000000000000, -1.000000000000000000, 0.0000000000000000000 ) ) ;
#7827 = EDGE_LOOP ( 'NONE', ( #1303, #8458, #6917, #2487 ) ) ;
#7828 = ORIENTED_EDGE ( 'NONE', *, *, #5928, .T. ) ;
#7829 = VERTEX_POINT ( 'NONE', #8022 ) ;
#7830 = PLANE ( 'NONE',  #7244 ) ;
#7831 = CARTESIAN_POINT ( 'NONE',  ( 2.974999999999998300, 0.1000000000000000100, -1.599999999999999900 ) ) ;
#7832 = EDGE_CURVE ( 'NONE', #2088, #5759, #5389, .T. ) ;
#7833 = VERTEX_POINT ( 'NONE', #7995 ) ;
#7834 = LINE ( 'NONE', #4877, #5123 ) ;
#7835 = FACE_OUTER_BOUND ( 'NONE', #3664, .T. ) ;
#7836 = DIRECTION ( 'NONE',  ( -0.0000000000000000000, 0.0000000000000000000, 1.000000000000000000 ) ) ;
#7837 = PRODUCT_DEFINITION_CONTEXT ( 'detailed design', #8662, 'design' ) ;
#7838 = ORIENTED_EDGE ( 'NONE', *, *, #7258, .T. ) ;
#7839 = FACE_OUTER_BOUND ( 'NONE', #5131, .T. ) ;
#7840 = CARTESIAN_POINT ( 'NONE',  ( -4.645000000000001400, -0.1349999999999994500, 2.592546190531647400 ) ) ;
#7841 = ORIENTED_EDGE ( 'NONE', *, *, #5109, .F. ) ;
#7842 = DIRECTION ( 'NONE',  ( 1.000000000000000000, 0.0000000000000000000, 0.0000000000000000000 ) ) ;
#7843 = EDGE_CURVE ( 'NONE', #1095, #7148, #5997, .T. ) ;
#7844 = DIRECTION ( 'NONE',  ( 1.000000000000000000, -0.0000000000000000000, -0.0000000000000000000 ) ) ;
#7845 = DIRECTION ( 'NONE',  ( 1.000000000000000000, 0.0000000000000000000, -0.0000000000000000000 ) ) ;
#7846 = ADVANCED_FACE ( 'NONE', ( #6830 ), #3236, .F. ) ;
#7847 = ORIENTED_EDGE ( 'NONE', *, *, #848, .T. ) ;
#7848 = LINE ( 'NONE', #4557, #6156 ) ;
#7849 = CIRCLE ( 'NONE', #4170, 0.03500000000000030900 ) ;
#7850 = CARTESIAN_POINT ( 'NONE',  ( 2.974999999999998300, -0.1000000000000000100, -1.599999999999999900 ) ) ;
#7851 = ORIENTED_EDGE ( 'NONE', *, *, #7724, .T. ) ;
#7852 = LINE ( 'NONE', #6470, #6565 ) ;
#7853 = CARTESIAN_POINT ( 'NONE',  ( -0.4350000000000005000, -0.8946558305423292200, 2.965119263301912300 ) ) ;
#7854 = DIRECTION ( 'NONE',  ( -1.000000000000000000, 0.0000000000000000000, 0.0000000000000000000 ) ) ;
#7855 = EDGE_CURVE ( 'NONE', #2793, #8698, #7469, .T. ) ;
#7856 =( GEOMETRIC_REPRESENTATION_CONTEXT ( 3 ) GLOBAL_UNCERTAINTY_ASSIGNED_CONTEXT ( ( #1697 ) ) GLOBAL_UNIT_ASSIGNED_CONTEXT ( ( #5365, #4744, #5422 ) ) REPRESENTATION_CONTEXT ( 'NONE', 'WORKASPACE' ) );
#7857 = DIRECTION ( 'NONE',  ( 0.0000000000000000000, 0.0000000000000000000, -1.000000000000000000 ) ) ;
#7858 = FACE_OUTER_BOUND ( 'NONE', #500, .T. ) ;
#7859 = CARTESIAN_POINT ( 'NONE',  ( 4.245000000000000100, -0.1289223137816567200, -2.627014461887075200 ) ) ;
#7860 = EDGE_CURVE ( 'NONE', #4277, #5879, #8417, .T. ) ;
#7861 = EDGE_LOOP ( 'NONE', ( #5798, #541, #7426, #6102 ) ) ;
#7862 = DIRECTION ( 'NONE',  ( -2.168404344971009900E-016, 0.0000000000000000000, -1.000000000000000000 ) ) ;
#7863 = ORIENTED_EDGE ( 'NONE', *, *, #1706, .F. ) ;
#7864 = ADVANCED_FACE ( 'NONE', ( #258 ), #7483, .F. ) ;
#7865 = FACE_OUTER_BOUND ( 'NONE', #8478, .T. ) ;
#7866 = DIRECTION ( 'NONE',  ( 1.000000000000000000, -0.0000000000000000000, -0.0000000000000000000 ) ) ;
#7867 = VERTEX_POINT ( 'NONE', #7955 ) ;
#7869 = ADVANCED_FACE ( 'NONE', ( #6406 ), #4831, .F. ) ;
#7868 = AXIS2_PLACEMENT_3D ( 'NONE', #3367, #1223, #3323 ) ;
#7870 = ORIENTED_EDGE ( 'NONE', *, *, #6328, .T. ) ;
#7871 = LINE ( 'NONE', #908, #2465 ) ;
#7872 = AXIS2_PLACEMENT_3D ( 'NONE', #6544, #5883, #3179 ) ;
#7873 = PLANE ( 'NONE',  #8368 ) ;
#7874 = CARTESIAN_POINT ( 'NONE',  ( 0.0000000000000000000, -0.9235781443239868800, -3.555000000000000200 ) ) ;
#7875 = FACE_OUTER_BOUND ( 'NONE', #1812, .T. ) ;
#7876 = VERTEX_POINT ( 'NONE', #4751 ) ;
#7877 = ORIENTED_EDGE ( 'NONE', *, *, #4162, .T. ) ;
#7878 = VECTOR ( 'NONE', #7700, 1000.000000000000200 ) ;
#7879 = LINE ( 'NONE', #5915, #1831 ) ;
#7880 = EDGE_LOOP ( 'NONE', ( #3852, #2001, #8222, #5754 ) ) ;
#7881 = ORIENTED_EDGE ( 'NONE', *, *, #5973, .T. ) ;
#7882 = DIRECTION ( 'NONE',  ( 0.0000000000000000000, -0.1736481776669339900, 0.9848077530122073500 ) ) ;
#7883 = EDGE_CURVE ( 'NONE', #3027, #5766, #3474, .T. ) ;
#7884 = EDGE_CURVE ( 'NONE', #4332, #8682, #4653, .T. ) ;
#7885 = VECTOR ( 'NONE', #8784, 1000.000000000000000 ) ;
#7886 = EDGE_LOOP ( 'NONE', ( #6659, #2690, #1235, #2000 ) ) ;
#7887 = ORIENTED_EDGE ( 'NONE', *, *, #8023, .F. ) ;
#7888 = LINE ( 'NONE', #394, #5683 ) ;
#7889 = VERTEX_POINT ( 'NONE', #1983 ) ;
#7890 = CARTESIAN_POINT ( 'NONE',  ( 1.704999999999999000, -0.1000000000000000100, 1.599999999999999900 ) ) ;
#7891 = LINE ( 'NONE', #7937, #2275 ) ;
#7892 = LINE ( 'NONE', #7215, #2276 ) ;
#7893 = EDGE_LOOP ( 'NONE', ( #8195, #1459, #1386, #2575 ) ) ;
#7894 = DIRECTION ( 'NONE',  ( -1.000000000000000000, 0.0000000000000000000, -0.0000000000000000000 ) ) ;
#7895 = ORIENTED_EDGE ( 'NONE', *, *, #8188, .F. ) ;
#7896 = UNCERTAINTY_MEASURE_WITH_UNIT (LENGTH_MEASURE( 1.000000000000000100E-005 ), #5190, 'distance_accuracy_value', 'NONE');
#7897 = LINE ( 'NONE', #649, #4857 ) ;
#7898 = ORIENTED_EDGE ( 'NONE', *, *, #295, .T. ) ;
#7899 = ORIENTED_EDGE ( 'NONE', *, *, #5650, .F. ) ;
#7900 = VECTOR ( 'NONE', #7652, 1000.000000000000000 ) ;
#7901 = VECTOR ( 'NONE', #6693, 1000.000000000000000 ) ;
#7902 = CARTESIAN_POINT ( 'NONE',  ( -5.271510860677125300, -1.352539120018100300, 2.061510860677125700 ) ) ;
#7903 = CARTESIAN_POINT ( 'NONE',  ( 3.374999999999999600, -0.1289223137816567200, 2.627014461887075200 ) ) ;
#7904 = EDGE_CURVE ( 'NONE', #5102, #6274, #576, .T. ) ;
#7905 = ORIENTED_EDGE ( 'NONE', *, *, #7273, .F. ) ;
#7906 = CARTESIAN_POINT ( 'NONE',  ( -2.105000000000001300, -0.1000000000000000100, -1.599999999999999900 ) ) ;
#7907 = ORIENTED_EDGE ( 'NONE', *, *, #1785, .F. ) ;
#7908 = DIRECTION ( 'NONE',  ( 0.0000000000000000000, 0.0000000000000000000, -1.000000000000000000 ) ) ;
#7909 = VECTOR ( 'NONE', #3158, 1000.000000000000000 ) ;
#7910 = CARTESIAN_POINT ( 'NONE',  ( -0.4350000000000014400, -0.8885781443239865200, -2.999587534657339700 ) ) ;
#7911 = CARTESIAN_POINT ( 'NONE',  ( 5.271510860677125300, 1.352539120018100300, 2.061510860677125700 ) ) ;
#7912 = CARTESIAN_POINT ( 'NONE',  ( -4.245000000000000100, -0.8946558305423296700, 2.965119263301910100 ) ) ;
#7913 = ADVANCED_FACE ( 'NONE', ( #4241 ), #4106, .F. ) ;
#7914 = CARTESIAN_POINT ( 'NONE',  ( 3.375000000000000000, -1.123578144323987200, 3.970219047566133900 ) ) ;
#7915 = VERTEX_POINT ( 'NONE', #7420 ) ;
#7916 = EDGE_CURVE ( 'NONE', #7915, #456, #7997, .T. ) ;
#7917 = LINE ( 'NONE', #7175, #1214 ) ;
#7918 = DIRECTION ( 'NONE',  ( 1.000000000000000000, 0.0000000000000000000, 0.0000000000000000000 ) ) ;
#7919 = ADVANCED_FACE ( 'NONE', ( #3574 ), #6718, .T. ) ;
#7920 = CARTESIAN_POINT ( 'NONE',  ( 2.974999999999998300, 0.1000000000000000100, -1.599999999999999900 ) ) ;
#7921 = VECTOR ( 'NONE', #904, 1000.000000000000000 ) ;
#7922 = AXIS2_PLACEMENT_3D ( 'NONE', #7709, #2320, #1028 ) ;
#7923 = CARTESIAN_POINT ( 'NONE',  ( 2.503363576340482300E-016, -0.9235781443239852200, 0.005099784264222473300 ) ) ;
#7924 = CARTESIAN_POINT ( 'NONE',  ( -7.733763339029309200, -2.049999999999999800, 3.555000000000000200 ) ) ;
#7925 = AXIS2_PLACEMENT_3D ( 'NONE', #3919, #4037, #3387 ) ;
#7926 = DIRECTION ( 'NONE',  ( -1.000000000000000000, -0.0000000000000000000, -0.0000000000000000000 ) ) ;
#7927 = AXIS2_PLACEMENT_3D ( 'NONE', #2876, #315, #1920 ) ;
#7928 = ORIENTED_EDGE ( 'NONE', *, *, #7418, .T. ) ;
#7929 = LINE ( 'NONE', #1696, #4166 ) ;
#7930 = CARTESIAN_POINT ( 'NONE',  ( -4.645000000000001400, -0.8946558305423294400, -2.965119263301911400 ) ) ;
#7931 = DIRECTION ( 'NONE',  ( 0.0000000000000000000, 0.0000000000000000000, 1.000000000000000000 ) ) ;
#7932 = VERTEX_POINT ( 'NONE', #8136 ) ;
#7933 = ADVANCED_FACE ( 'NONE', ( #1743 ), #4425, .F. ) ;
#7934 = PLANE ( 'NONE',  #6662 ) ;
#7935 = LINE ( 'NONE', #823, #3276 ) ;
#7936 = AXIS2_PLACEMENT_3D ( 'NONE', #4564, #1769, #374 ) ;
#7937 = CARTESIAN_POINT ( 'NONE',  ( 0.0000000000000000000, -1.123578144323987200, -3.555000000000000200 ) ) ;
#7938 = ORIENTED_EDGE ( 'NONE', *, *, #8693, .F. ) ;
#7939 = FACE_OUTER_BOUND ( 'NONE', #675, .T. ) ;
#7940 = ORIENTED_EDGE ( 'NONE', *, *, #6647, .F. ) ;
#7941 = CARTESIAN_POINT ( 'NONE',  ( 1.704999999999999000, -0.9293854660757164800, 2.768157712699470100 ) ) ;
#7942 = DIRECTION ( 'NONE',  ( 0.0000000000000000000, -0.1736481776669340800, 0.9848077530122074700 ) ) ;
#7943 = EDGE_LOOP ( 'NONE', ( #1652, #8158, #6350, #2388 ) ) ;
#7944 = EDGE_CURVE ( 'NONE', #897, #1219, #2071, .T. ) ;
#7945 = ORIENTED_EDGE ( 'NONE', *, *, #4691, .F. ) ;
#7946 = LINE ( 'NONE', #2504, #4398 ) ;
#7947 = VECTOR ( 'NONE', #6417, 1000.000000000000000 ) ;
#7948 = CIRCLE ( 'NONE', #774, 0.03500000000000030900 ) ;
#7949 = EDGE_CURVE ( 'NONE', #2420, #5379, #3030, .T. ) ;
#7950 = CARTESIAN_POINT ( 'NONE',  ( 1.704999999999999000, -0.09419267824826982300, 2.823976012489516600 ) ) ;
#7951 = ORIENTED_EDGE ( 'NONE', *, *, #2866, .F. ) ;
#7952 = VECTOR ( 'NONE', #6096, 1000.000000000000000 ) ;
#7953 = EDGE_CURVE ( 'NONE', #4438, #1747, #8729, .T. ) ;
#7954 = EDGE_LOOP ( 'NONE', ( #6280, #2594, #2633, #7667 ) ) ;
#7955 = CARTESIAN_POINT ( 'NONE',  ( 2.974999999999998300, -0.09999999999999925600, -2.592546190531647400 ) ) ;
#7956 = VECTOR ( 'NONE', #5742, 1000.000000000000000 ) ;
#7957 = DIRECTION ( 'NONE',  ( 0.0000000000000000000, 0.0000000000000000000, 1.000000000000000000 ) ) ;
#7958 = EDGE_LOOP ( 'NONE', ( #2598, #4230, #6234, #1396 ) ) ;
#7959 = EDGE_CURVE ( 'NONE', #5535, #3171, #2701, .T. ) ;
#7960 = AXIS2_PLACEMENT_3D ( 'NONE', #4180, #5523, #6173 ) ;
#7961 = DIRECTION ( 'NONE',  ( -0.0000000000000000000, -0.9848077530122073500, 0.1736481776669340500 ) ) ;
#7962 = DIRECTION ( 'NONE',  ( -1.000000000000000000, -0.0000000000000000000, -0.0000000000000000000 ) ) ;
#7963 = DIRECTION ( 'NONE',  ( -0.0000000000000000000, 0.0000000000000000000, 1.000000000000000000 ) ) ;
#7964 = AXIS2_PLACEMENT_3D ( 'NONE', #516, #5393, #1189 ) ;
#7965 = LINE ( 'NONE', #8035, #7757 ) ;
#7966 = EDGE_LOOP ( 'NONE', ( #8490, #7104, #2911, #3359 ) ) ;
#7967 = ORIENTED_EDGE ( 'NONE', *, *, #2346, .T. ) ;
#7968 = ORIENTED_EDGE ( 'NONE', *, *, #6848, .F. ) ;
#7969 = CARTESIAN_POINT ( 'NONE',  ( -1.705000000000001200, -0.8885781443239865200, -2.999587534657339700 ) ) ;
#7970 = VECTOR ( 'NONE', #254, 1000.000000000000000 ) ;
#7971 = VERTEX_POINT ( 'NONE', #5040 ) ;
#7972 = CARTESIAN_POINT ( 'NONE',  ( -1.705000000000002300, -1.123578144323986300, 0.005099784264223446500 ) ) ;
#7973 = ORIENTED_EDGE ( 'NONE', *, *, #2803, .F. ) ;
#7974 = DIRECTION ( 'NONE',  ( -1.000000000000000000, -0.0000000000000000000, -0.0000000000000000000 ) ) ;
#7975 = CARTESIAN_POINT ( 'NONE',  ( 0.8349999999999991900, -1.123578144323986300, 0.005099784264222156700 ) ) ;
#7976 = ORIENTED_EDGE ( 'NONE', *, *, #2698, .F. ) ;
#7977 = VECTOR ( 'NONE', #2331, 1000.000000000000000 ) ;
#7978 = ORIENTED_EDGE ( 'NONE', *, *, #8045, .T. ) ;
#7979 = AXIS2_PLACEMENT_3D ( 'NONE', #982, #6325, #3047 ) ;
#7980 = ORIENTED_EDGE ( 'NONE', *, *, #6932, .F. ) ;
#7981 = AXIS2_PLACEMENT_3D ( 'NONE', #3059, #386, #5163 ) ;
#7982 = FACE_OUTER_BOUND ( 'NONE', #7326, .T. ) ;
#7983 = CARTESIAN_POINT ( 'NONE',  ( 2.974999999999998300, -0.1289223137816567200, 2.627014461887075200 ) ) ;
#7984 = VECTOR ( 'NONE', #5732, 1000.000000000000000 ) ;
#7985 = CARTESIAN_POINT ( 'NONE',  ( -3.375000000000001300, -0.1289223137816567200, -2.627014461887075200 ) ) ;
#7986 = AXIS2_PLACEMENT_3D ( 'NONE', #8354, #2985, #3535 ) ;
#7987 = ORIENTED_EDGE ( 'NONE', *, *, #5225, .T. ) ;
#7988 = CARTESIAN_POINT ( 'NONE',  ( -4.245000000000000100, -0.8946558305423294400, 2.965119263301911400 ) ) ;
#7989 = SURFACE_SIDE_STYLE ('',( #5818 ) ) ;
#7990 = LINE ( 'NONE', #8656, #5281 ) ;
#7991 = ORIENTED_EDGE ( 'NONE', *, *, #1322, .T. ) ;
#7992 = CARTESIAN_POINT ( 'NONE',  ( -0.8350000000000015200, -0.1349999999999994500, 2.592546190531647400 ) ) ;
#7993 = ORIENTED_EDGE ( 'NONE', *, *, #7883, .F. ) ;
#7994 = ORIENTED_EDGE ( 'NONE', *, *, #6771, .F. ) ;
#7995 = CARTESIAN_POINT ( 'NONE',  ( -2.975000000000001000, -0.8946558305423292200, -2.965119263301912300 ) ) ;
#7996 = FACE_OUTER_BOUND ( 'NONE', #4329, .T. ) ;
#7997 = LINE ( 'NONE', #6770, #3910 ) ;
#7998 = EDGE_LOOP ( 'NONE', ( #1429, #4637, #309, #6075 ) ) ;
#7999 = EDGE_CURVE ( 'NONE', #1919, #645, #4331, .T. ) ;
#8000 = UNCERTAINTY_MEASURE_WITH_UNIT (LENGTH_MEASURE( 1.000000000000000100E-005 ), #2456, 'distance_accuracy_value', 'NONE');
#8001 = CARTESIAN_POINT ( 'NONE',  ( -1.705000000000001200, -0.9235781443239867700, -2.999587534657339700 ) ) ;
#8002 = ADVANCED_FACE ( 'NONE', ( #1409 ), #2307, .F. ) ;
#8003 = ORIENTED_EDGE ( 'NONE', *, *, #7384, .F. ) ;
#8004 = EDGE_LOOP ( 'NONE', ( #6247, #3017, #2117, #5903 ) ) ;
#8005 = VERTEX_POINT ( 'NONE', #1675 ) ;
#8006 = CARTESIAN_POINT ( 'NONE',  ( 0.8349999999999988500, -0.9235781443239867700, -2.999587534657339700 ) ) ;
#8007 = FILL_AREA_STYLE ('',( #3273 ) ) ;
#8008 = LINE ( 'NONE', #4676, #5087 ) ;
#8009 = DIRECTION ( 'NONE',  ( 0.0000000000000000000, 0.1736481776669342400, 0.9848077530122073500 ) ) ;
#8010 = CARTESIAN_POINT ( 'NONE',  ( -5.177550760727830200, -1.885413326630012600, -1.967550760727829100 ) ) ;
#8011 = ORIENTED_EDGE ( 'NONE', *, *, #4107, .F. ) ;
#8012 = DIRECTION ( 'NONE',  ( 1.000000000000000000, -0.0000000000000000000, -0.0000000000000000000 ) ) ;
#8013 = CARTESIAN_POINT ( 'NONE',  ( -0.4350000000000013900, -0.8946558305423296700, -2.965119263301910100 ) ) ;
#8014 = PLANE ( 'NONE',  #6085 ) ;
#8015 = LINE ( 'NONE', #3141, #692 ) ;
#8016 = EDGE_CURVE ( 'NONE', #1321, #3211, #8301, .T. ) ;
#8017 = ORIENTED_EDGE ( 'NONE', *, *, #3930, .T. ) ;
#8018 = FACE_OUTER_BOUND ( 'NONE', #3893, .T. ) ;
#8019 = DIRECTION ( 'NONE',  ( -1.000000000000000000, 0.0000000000000000000, 0.0000000000000000000 ) ) ;
#8020 = ADVANCED_FACE ( 'NONE', ( #6509 ), #4962, .T. ) ;
#8021 = DIRECTION ( 'NONE',  ( 8.673617379884039400E-016, 0.0000000000000000000, -1.000000000000000000 ) ) ;
#8022 = CARTESIAN_POINT ( 'NONE',  ( -4.645000000000001400, -0.9293854660757160400, -2.768157712699471000 ) ) ;
#8023 = EDGE_CURVE ( 'NONE', #821, #3716, #6104, .T. ) ;
#8024 = EDGE_CURVE ( 'NONE', #1489, #8118, #4754, .T. ) ;
#8025 = DIRECTION ( 'NONE',  ( 1.000000000000000000, 0.0000000000000000000, -0.0000000000000000000 ) ) ;
#8026 = VECTOR ( 'NONE', #3170, 1000.000000000000200 ) ;
#8027 = CARTESIAN_POINT ( 'NONE',  ( -2.975000000000001000, -0.1349999999999994500, -2.592546190531647400 ) ) ;
#8028 = PLANE ( 'NONE',  #8607 ) ;
#8029 = DIRECTION ( 'NONE',  ( -1.000000000000000000, 0.0000000000000000000, 0.0000000000000000000 ) ) ;
#8030 = ORIENTED_EDGE ( 'NONE', *, *, #1012, .F. ) ;
#8031 = DIRECTION ( 'NONE',  ( 2.710505431213754200E-016, -1.000000000000000000, -1.608122649676636600E-016 ) ) ;
#8032 = CIRCLE ( 'NONE', #4956, 0.03500000000000030900 ) ;
#8033 = CARTESIAN_POINT ( 'NONE',  ( -0.8350000000000015200, 0.1000000000000007500, 2.592546190531647400 ) ) ;
#8034 = CARTESIAN_POINT ( 'NONE',  ( -4.645000000000001400, -0.8885781443239866300, 2.999587534657338800 ) ) ;
#8035 = CARTESIAN_POINT ( 'NONE',  ( -5.509999999999999800, 0.0000000000000000000, 2.300000000000000700 ) ) ;
#8036 = DIRECTION ( 'NONE',  ( 1.000000000000000000, 0.0000000000000000000, 0.0000000000000000000 ) ) ;
#8037 = AXIS2_PLACEMENT_3D ( 'NONE', #2662, #5364, #6583 ) ;
#8038 = ADVANCED_FACE ( 'NONE', ( #880 ), #7022, .T. ) ;
#8039 = EDGE_LOOP ( 'NONE', ( #5741, #4145, #1821, #4014 ) ) ;
#8040 = ORIENTED_EDGE ( 'NONE', *, *, #1686, .F. ) ;
#8041 = SURFACE_STYLE_USAGE ( .BOTH. , #1943 ) ;
#8042 = VECTOR ( 'NONE', #7710, 1000.000000000000000 ) ;
#8043 = CARTESIAN_POINT ( 'NONE',  ( 1.704999999999999000, -0.09419267824827008700, -2.823976012489515200 ) ) ;
#8044 = VERTEX_POINT ( 'NONE', #3084 ) ;
#8045 = EDGE_CURVE ( 'NONE', #3896, #5013, #6185, .T. ) ;
#8046 = EDGE_CURVE ( 'NONE', #1927, #3568, #7892, .T. ) ;
#8047 = VERTEX_POINT ( 'NONE', #1707 ) ;
#8048 = LINE ( 'NONE', #6032, #4284 ) ;
#8049 = LINE ( 'NONE', #5347, #7623 ) ;
#8050 = DIRECTION ( 'NONE',  ( 0.0000000000000000000, 0.0000000000000000000, -1.000000000000000000 ) ) ;
#8051 = AXIS2_PLACEMENT_3D ( 'NONE', #7718, #1704, #7696 ) ;
#8052 = DIRECTION ( 'NONE',  ( -0.0000000000000000000, -0.9848077530122073500, 0.1736481776669340500 ) ) ;
#8053 = DIRECTION ( 'NONE',  ( -1.000000000000000000, 0.0000000000000000000, 0.0000000000000000000 ) ) ;
#8054 = EDGE_LOOP ( 'NONE', ( #4748, #2024, #1289, #3989 ) ) ;
#8055 = CARTESIAN_POINT ( 'NONE',  ( -1.705000000000000300, -0.06527036446661303700, 2.818876228225294200 ) ) ;
#8056 = ORIENTED_EDGE ( 'NONE', *, *, #6426, .F. ) ;
#8057 = DIRECTION ( 'NONE',  ( 0.0000000000000000000, 0.0000000000000000000, -1.000000000000000000 ) ) ;
#8058 = CARTESIAN_POINT ( 'NONE',  ( -4.645000000000001400, -0.09419267824826987900, -2.823976012489516600 ) ) ;
#8059 = VECTOR ( 'NONE', #3157, 1000.000000000000000 ) ;
#8060 = VECTOR ( 'NONE', #8308, 1000.000000000000000 ) ;
#8061 = CARTESIAN_POINT ( 'NONE',  ( 2.974999999999998300, -0.1349999999999994500, 2.592546190531647400 ) ) ;
#8062 = LINE ( 'NONE', #7297, #7414 ) ;
#8063 = VECTOR ( 'NONE', #8151, 1000.000000000000000 ) ;
#8064 = ADVANCED_FACE ( 'NONE', ( #2913 ), #6440, .T. ) ;
#8065 = EDGE_CURVE ( 'NONE', #209, #5770, #8406, .T. ) ;
#8066 = DIRECTION ( 'NONE',  ( -0.0000000000000000000, 0.9848077530122073500, -0.1736481776669340500 ) ) ;
#8067 = CARTESIAN_POINT ( 'NONE',  ( 0.4349999999999987800, 0.1000000000000007500, 2.592546190531647400 ) ) ;
#8068 = CARTESIAN_POINT ( 'NONE',  ( 2.104999999999999100, -0.9235781443239867700, -2.999587534657339700 ) ) ;
#8069 = FACE_OUTER_BOUND ( 'NONE', #3960, .T. ) ;
#8070 = DIRECTION ( 'NONE',  ( 0.0000000000000000000, 0.0000000000000000000, -1.000000000000000000 ) ) ;
#8071 = ORIENTED_EDGE ( 'NONE', *, *, #5801, .T. ) ;
#8072 = EDGE_CURVE ( 'NONE', #2381, #1095, #7457, .T. ) ;
#8073 = APPLICATION_CONTEXT ( 'automotive_design' ) ;
#8074 = CARTESIAN_POINT ( 'NONE',  ( 0.0000000000000000000, -0.1000000000000000100, 0.0000000000000000000 ) ) ;
#8075 = LINE ( 'NONE', #2597, #6482 ) ;
#8076 = CARTESIAN_POINT ( 'NONE',  ( 1.704999999999999000, -0.8885781443239865200, 2.999587534657339700 ) ) ;
#8077 = EDGE_CURVE ( 'NONE', #5956, #2791, #7673, .T. ) ;
#8078 = DIRECTION ( 'NONE',  ( 1.000000000000000000, 0.0000000000000000000, 0.0000000000000000000 ) ) ;
#8079 = CARTESIAN_POINT ( 'NONE',  ( -2.105000000000002600, -1.123578144323986300, 0.005099784264223251400 ) ) ;
#8080 = ORIENTED_EDGE ( 'NONE', *, *, #6815, .F. ) ;
#8081 = ORIENTED_EDGE ( 'NONE', *, *, #4078, .T. ) ;
#8082 = DIRECTION ( 'NONE',  ( -1.000000000000000000, 0.0000000000000000000, 0.0000000000000000000 ) ) ;
#8083 = LINE ( 'NONE', #5076, #4946 ) ;
#8084 = DIRECTION ( 'NONE',  ( 0.0000000000000000000, 0.1736481776669340500, 0.9848077530122073500 ) ) ;
#8085 = CYLINDRICAL_SURFACE ( 'NONE', #242, 0.03500000000000030900 ) ;
#8086 = ORIENTED_EDGE ( 'NONE', *, *, #6574, .T. ) ;
#8087 = ORIENTED_EDGE ( 'NONE', *, *, #8497, .F. ) ;
#8088 = ORIENTED_EDGE ( 'NONE', *, *, #5270, .T. ) ;
#8089 = ORIENTED_EDGE ( 'NONE', *, *, #461, .F. ) ;
#8090 = DIRECTION ( 'NONE',  ( 0.0000000000000000000, -0.1736481776669339900, 0.9848077530122073500 ) ) ;
#8091 = PRODUCT_DEFINITION ( 'UNKNOWN', '', #3585, #7837 ) ;
#8092 = CARTESIAN_POINT ( 'NONE',  ( 0.8349999999999998500, -0.1349999999999994500, 2.592546190531647400 ) ) ;
#8093 = ORIENTED_EDGE ( 'NONE', *, *, #5390, .F. ) ;
#8094 = CARTESIAN_POINT ( 'NONE',  ( 3.374999999999999600, -0.09419267824827012900, 2.823976012489515200 ) ) ;
#8095 = ORIENTED_EDGE ( 'NONE', *, *, #601, .F. ) ;
#8096 = FACE_OUTER_BOUND ( 'NONE', #2390, .T. ) ;
#8097 = CARTESIAN_POINT ( 'NONE',  ( -0.4350000000000013900, -0.1349999999999994500, -2.592546190531647400 ) ) ;
#8098 = ORIENTED_EDGE ( 'NONE', *, *, #2462, .T. ) ;
#8099 = ORIENTED_EDGE ( 'NONE', *, *, #3904, .F. ) ;
#8100 = DIRECTION ( 'NONE',  ( 1.000000000000000000, -0.0000000000000000000, -0.0000000000000000000 ) ) ;
#8101 = ORIENTED_EDGE ( 'NONE', *, *, #7744, .F. ) ;
#8102 = VECTOR ( 'NONE', #5168, 1000.000000000000200 ) ;
#8103 = LINE ( 'NONE', #1916, #7248 ) ;
#8104 = ORIENTED_EDGE ( 'NONE', *, *, #586, .T. ) ;
#8105 = CARTESIAN_POINT ( 'NONE',  ( 0.4349999999999987800, -0.8885781443239865200, 2.999587534657339700 ) ) ;
#8106 = EDGE_CURVE ( 'NONE', #7463, #369, #25, .T. ) ;
#8107 = MECHANICAL_DESIGN_GEOMETRIC_PRESENTATION_REPRESENTATION (  '', ( #4793 ), #2198 ) ;
#8108 = LINE ( 'NONE', #3222, #7460 ) ;
#8109 = VERTEX_POINT ( 'NONE', #6474 ) ;
#8110 = ORIENTED_EDGE ( 'NONE', *, *, #2131, .T. ) ;
#8111 = AXIS2_PLACEMENT_3D ( 'NONE', #6552, #5835, #4614 ) ;
#8112 = PRESENTATION_STYLE_ASSIGNMENT (( #7207 ) ) ;
#8113 = VECTOR ( 'NONE', #2322, 1000.000000000000000 ) ;
#8114 = CARTESIAN_POINT ( 'NONE',  ( 0.8349999999999989700, -0.1349999999999994500, -2.592546190531647400 ) ) ;
#8115 = ADVANCED_FACE ( 'NONE', ( #7553 ), #5275, .F. ) ;
#8116 = CARTESIAN_POINT ( 'NONE',  ( -2.975000000000001000, -0.09999999999999925600, -2.592546190531647400 ) ) ;
#8117 = VERTEX_POINT ( 'NONE', #1801 ) ;
#8118 = VERTEX_POINT ( 'NONE', #1773 ) ;
#8119 = ORIENTED_EDGE ( 'NONE', *, *, #8520, .F. ) ;
#8120 = LINE ( 'NONE', #2468, #4560 ) ;
#8121 = DIRECTION ( 'NONE',  ( 0.0000000000000000000, 0.0000000000000000000, -1.000000000000000000 ) ) ;
#8122 = CARTESIAN_POINT ( 'NONE',  ( 0.4349999999999986700, -0.9235781443239868800, -3.555000000000000200 ) ) ;
#8123 = EDGE_CURVE ( 'NONE', #7030, #669, #4851, .T. ) ;
#8124 = DIRECTION ( 'NONE',  ( 0.0000000000000000000, 0.0000000000000000000, -1.000000000000000000 ) ) ;
#8125 = CARTESIAN_POINT ( 'NONE',  ( 0.0000000000000000000, 0.4800880834868125900, -2.519629497316660900 ) ) ;
#8126 = FACE_OUTER_BOUND ( 'NONE', #5844, .T. ) ;
#8127 = EDGE_CURVE ( 'NONE', #611, #7889, #4130, .T. ) ;
#8128 = CARTESIAN_POINT ( 'NONE',  ( 2.104999999999999100, -0.09999999999999925600, -2.592546190531647400 ) ) ;
#8129 = DIRECTION ( 'NONE',  ( 0.0000000000000000000, 9.227252531791510400E-016, -1.000000000000000000 ) ) ;
#8130 = ADVANCED_FACE ( 'NONE', ( #6720 ), #3882, .F. ) ;
#8131 = EDGE_CURVE ( 'NONE', #8726, #5576, #2486, .T. ) ;
#8132 = VECTOR ( 'NONE', #4350, 1000.000000000000200 ) ;
#8133 = CARTESIAN_POINT ( 'NONE',  ( 0.0000000000000000000, -0.9293854660757164800, 2.768157712699470100 ) ) ;
#8134 = CARTESIAN_POINT ( 'NONE',  ( -4.645000000000001400, -0.09999999999999925600, 2.592546190531647400 ) ) ;
#8135 = ORIENTED_EDGE ( 'NONE', *, *, #740, .F. ) ;
#8136 = CARTESIAN_POINT ( 'NONE',  ( 4.245000000000000100, -0.1000000000000000100, -1.599999999999999900 ) ) ;
#8137 = EDGE_CURVE ( 'NONE', #4125, #7603, #7772, .T. ) ;
#8138 = EDGE_CURVE ( 'NONE', #5370, #3842, #5688, .T. ) ;
#8139 = CARTESIAN_POINT ( 'NONE',  ( 0.0000000000000000000, -1.000000000000000000, 0.0000000000000000000 ) ) ;
#8140 = ORIENTED_EDGE ( 'NONE', *, *, #4892, .F. ) ;
#8141 = VERTEX_POINT ( 'NONE', #5954 ) ;
#8142 = VECTOR ( 'NONE', #104, 1000.000000000000000 ) ;
#8143 = ORIENTED_EDGE ( 'NONE', *, *, #6519, .F. ) ;
#8144 = EDGE_LOOP ( 'NONE', ( #4945, #3862, #661, #2039 ) ) ;
#8145 = AXIS2_PLACEMENT_3D ( 'NONE', #5664, #5724, #2277 ) ;
#8146 = VECTOR ( 'NONE', #1881, 1000.000000000000000 ) ;
#8147 = VECTOR ( 'NONE', #4874, 1000.000000000000000 ) ;
#8148 = DIRECTION ( 'NONE',  ( -1.000000000000000000, 0.0000000000000000000, 0.0000000000000000000 ) ) ;
#8149 = DIRECTION ( 'NONE',  ( 0.0000000000000000000, -0.0000000000000000000, 1.000000000000000000 ) ) ;
#8150 = AXIS2_PLACEMENT_3D ( 'NONE', #2244, #5617, #6936 ) ;
#8151 = DIRECTION ( 'NONE',  ( -1.000000000000000000, 0.0000000000000000000, 0.0000000000000000000 ) ) ;
#8152 = ORIENTED_EDGE ( 'NONE', *, *, #2098, .T. ) ;
#8153 = ORIENTED_EDGE ( 'NONE', *, *, #6248, .F. ) ;
#8154 = CARTESIAN_POINT ( 'NONE',  ( 1.704999999999998300, -1.123578144323986300, 0.005099784264221968500 ) ) ;
#8155 = FACE_OUTER_BOUND ( 'NONE', #876, .T. ) ;
#8156 = LINE ( 'NONE', #3302, #2861 ) ;
#8157 = VECTOR ( 'NONE', #4056, 1000.000000000000000 ) ;
#8158 = ORIENTED_EDGE ( 'NONE', *, *, #3012, .T. ) ;
#8159 = EDGE_CURVE ( 'NONE', #2789, #369, #1307, .T. ) ;
#8160 = CARTESIAN_POINT ( 'NONE',  ( -4.245000000000001000, -0.1289223137816567200, -2.627014461887075200 ) ) ;
#8161 = CARTESIAN_POINT ( 'NONE',  ( -4.245000000000000100, 0.1000000000000000100, 2.825000000000000200 ) ) ;
#8162 = EDGE_CURVE ( 'NONE', #7234, #3451, #667, .T. ) ;
#8163 = CARTESIAN_POINT ( 'NONE',  ( 0.4349999999999987800, -0.9235781443239867700, 2.970219047566134300 ) ) ;
#8164 = ORIENTED_EDGE ( 'NONE', *, *, #1766, .F. ) ;
#8165 = CARTESIAN_POINT ( 'NONE',  ( -2.105000000000001300, 0.1000000000000000100, 1.599999999999999900 ) ) ;
#8166 = EDGE_LOOP ( 'NONE', ( #8056, #7242, #7887, #18 ) ) ;
#8167 = ADVANCED_FACE ( 'NONE', ( #8194 ), #3224, .T. ) ;
#8168 = VERTEX_POINT ( 'NONE', #5360 ) ;
#8169 = CARTESIAN_POINT ( 'NONE',  ( 4.245000000000000100, -0.1349999999999994500, -2.592546190531647400 ) ) ;
#8170 = CARTESIAN_POINT ( 'NONE',  ( -2.105000000000001300, 0.1000000000000000200, -2.592546190531647400 ) ) ;
#8171 = CARTESIAN_POINT ( 'NONE',  ( 2.104999999999999100, -0.8946558305423294400, -2.965119263301911400 ) ) ;
#8172 = ORIENTED_EDGE ( 'NONE', *, *, #1029, .T. ) ;
#8173 = DIRECTION ( 'NONE',  ( 0.0000000000000000000, 0.0000000000000000000, -1.000000000000000000 ) ) ;
#8174 = VECTOR ( 'NONE', #5027, 1000.000000000000000 ) ;
#8175 = ORIENTED_EDGE ( 'NONE', *, *, #8255, .T. ) ;
#8176 = EDGE_CURVE ( 'NONE', #5759, #3267, #8103, .T. ) ;
#8177 = CARTESIAN_POINT ( 'NONE',  ( -2.105000000000001300, -0.8946558305423294400, 2.965119263301911400 ) ) ;
#8178 = PLANE ( 'NONE',  #7960 ) ;
#8179 = DIRECTION ( 'NONE',  ( 1.000000000000000000, -0.0000000000000000000, -0.0000000000000000000 ) ) ;
#8180 = CARTESIAN_POINT ( 'NONE',  ( 0.4349999999999987800, -0.8946558305423294400, 2.965119263301911400 ) ) ;
#8181 = DIRECTION ( 'NONE',  ( 0.0000000000000000000, 0.0000000000000000000, 1.000000000000000000 ) ) ;
#8182 = FACE_OUTER_BOUND ( 'NONE', #4774, .T. ) ;
#8183 = ORIENTED_EDGE ( 'NONE', *, *, #6312, .F. ) ;
#8184 = ORIENTED_EDGE ( 'NONE', *, *, #2216, .T. ) ;
#8185 = FACE_OUTER_BOUND ( 'NONE', #7014, .T. ) ;
#8186 = FILL_AREA_STYLE_COLOUR ( '', #1188 ) ;
#8187 = ORIENTED_EDGE ( 'NONE', *, *, #2677, .T. ) ;
#8188 = EDGE_CURVE ( 'NONE', #5298, #398, #2374, .T. ) ;
#8189 = CARTESIAN_POINT ( 'NONE',  ( 0.0000000000000000000, 0.4800880834868125900, 2.519629497316660900 ) ) ;
#8190 = LINE ( 'NONE', #2910, #6386 ) ;
#8191 = ORIENTED_EDGE ( 'NONE', *, *, #6533, .F. ) ;
#8192 = ORIENTED_EDGE ( 'NONE', *, *, #737, .T. ) ;
#8193 = LINE ( 'NONE', #4635, #562 ) ;
#8194 = FACE_OUTER_BOUND ( 'NONE', #8004, .T. ) ;
#8195 = ORIENTED_EDGE ( 'NONE', *, *, #7714, .F. ) ;
#8196 = ADVANCED_FACE ( 'NONE', ( #980 ), #3968, .F. ) ;
#8197 = EDGE_LOOP ( 'NONE', ( #99, #5635, #6442, #1709 ) ) ;
#8198 = VECTOR ( 'NONE', #5431, 1000.000000000000200 ) ;
#8199 = DIRECTION ( 'NONE',  ( 0.0000000000000000000, 0.0000000000000000000, -1.000000000000000000 ) ) ;
#8200 = ORIENTED_EDGE ( 'NONE', *, *, #6640, .T. ) ;
#8201 = ORIENTED_EDGE ( 'NONE', *, *, #3536, .T. ) ;
#8202 = DIRECTION ( 'NONE',  ( 0.0000000000000000000, 0.1736481776669342400, -0.9848077530122073500 ) ) ;
#8203 = DIRECTION ( 'NONE',  ( 0.0000000000000000000, 0.9848077530122073500, 0.1736481776669340500 ) ) ;
#8204 = PLANE ( 'NONE',  #898 ) ;
#8205 = CYLINDRICAL_SURFACE ( 'NONE', #7070, 0.03500000000000019100 ) ;
#8206 = LINE ( 'NONE', #8646, #36 ) ;
#8207 = EDGE_LOOP ( 'NONE', ( #3729, #8526, #1025, #5693 ) ) ;
#8208 = AXIS2_PLACEMENT_3D ( 'NONE', #6840, #6861, #2087 ) ;
#8209 = ORIENTED_EDGE ( 'NONE', *, *, #2206, .T. ) ;
#8210 = ORIENTED_EDGE ( 'NONE', *, *, #5058, .F. ) ;
#8211 = CARTESIAN_POINT ( 'NONE',  ( -0.4350000000000005000, 0.1000000000000000100, 1.599999999999999900 ) ) ;
#8212 = ORIENTED_EDGE ( 'NONE', *, *, #2986, .F. ) ;
#8213 = DIRECTION ( 'NONE',  ( 1.000000000000000000, 0.0000000000000000000, 0.0000000000000000000 ) ) ;
#8214 = ORIENTED_EDGE ( 'NONE', *, *, #579, .F. ) ;
#8215 = ORIENTED_EDGE ( 'NONE', *, *, #1936, .F. ) ;
#8216 = CARTESIAN_POINT ( 'NONE',  ( 0.0000000000000000000, 0.4800880834868125900, 2.519629497316660900 ) ) ;
#8217 = FACE_OUTER_BOUND ( 'NONE', #377, .T. ) ;
#8218 = CARTESIAN_POINT ( 'NONE',  ( -2.975000000000001000, -0.8946558305423294400, -2.965119263301911400 ) ) ;
#8219 = PLANE ( 'NONE',  #5304 ) ;
#8220 = EDGE_CURVE ( 'NONE', #6110, #3185, #3223, .T. ) ;
#8221 = AXIS2_PLACEMENT_3D ( 'NONE', #4809, #7489, #3469 ) ;
#8222 = ORIENTED_EDGE ( 'NONE', *, *, #5546, .T. ) ;
#8223 = CARTESIAN_POINT ( 'NONE',  ( 2.105000000000000000, -0.1289223137816567200, 2.627014461887075200 ) ) ;
#8224 = LINE ( 'NONE', #8601, #490 ) ;
#8225 = PLANE ( 'NONE',  #1629 ) ;
#8226 = CARTESIAN_POINT ( 'NONE',  ( -0.8350000000000015200, -0.8885781443239865200, -2.999587534657339700 ) ) ;
#8227 = CARTESIAN_POINT ( 'NONE',  ( -2.105000000000001300, -0.9235781443239869900, -3.970219047566133900 ) ) ;
#8228 = DIRECTION ( 'NONE',  ( -1.000000000000000000, 0.0000000000000000000, 0.0000000000000000000 ) ) ;
#8229 = DIRECTION ( 'NONE',  ( -1.000000000000000000, 0.0000000000000000000, 0.0000000000000000000 ) ) ;
#8230 = ORIENTED_EDGE ( 'NONE', *, *, #6875, .F. ) ;
#8231 = EDGE_CURVE ( 'NONE', #6087, #2857, #1843, .T. ) ;
#8232 = CARTESIAN_POINT ( 'NONE',  ( 0.0000000000000000000, 0.4800880834868125900, 2.519629497316660900 ) ) ;
#8233 = ADVANCED_FACE ( 'NONE', ( #6602 ), #4595, .T. ) ;
#8234 = EDGE_CURVE ( 'NONE', #6033, #7059, #3679, .T. ) ;
#8235 = LINE ( 'NONE', #961, #4992 ) ;
#8236 = CARTESIAN_POINT ( 'NONE',  ( -2.105000000000000900, -1.123578144323986900, 2.999587534657339700 ) ) ;
#8237 = EDGE_CURVE ( 'NONE', #6087, #5442, #3019, .T. ) ;
#8238 = ORIENTED_EDGE ( 'NONE', *, *, #1057, .T. ) ;
#8239 = LINE ( 'NONE', #8180, #3175 ) ;
#8240 = DIRECTION ( 'NONE',  ( -2.168404344971009900E-016, 0.0000000000000000000, -1.000000000000000000 ) ) ;
#8241 = ORIENTED_EDGE ( 'NONE', *, *, #440, .F. ) ;
#8242 = VECTOR ( 'NONE', #8643, 1000.000000000000000 ) ;
#8243 = EDGE_CURVE ( 'NONE', #2544, #2811, #6393, .T. ) ;
#8244 = ORIENTED_EDGE ( 'NONE', *, *, #6057, .F. ) ;
#8245 = DIRECTION ( 'NONE',  ( 0.0000000000000000000, 1.000000000000000000, -2.168404344971009900E-016 ) ) ;
#8246 = CARTESIAN_POINT ( 'NONE',  ( 3.374999999999998700, -1.123578144323986900, -2.970219047566134300 ) ) ;
#8247 = CARTESIAN_POINT ( 'NONE',  ( 0.0000000000000000000, -0.9293854660757164800, 2.768157712699470100 ) ) ;
#8248 = VECTOR ( 'NONE', #8755, 1000.000000000000000 ) ;
#8249 = LINE ( 'NONE', #8781, #3522 ) ;
#8250 = EDGE_LOOP ( 'NONE', ( #3563, #580, #1858, #1128 ) ) ;
#8251 = ORIENTED_EDGE ( 'NONE', *, *, #767, .T. ) ;
#8252 = DIRECTION ( 'NONE',  ( 0.0000000000000000000, 0.0000000000000000000, -1.000000000000000000 ) ) ;
#8253 = ORIENTED_EDGE ( 'NONE', *, *, #2619, .T. ) ;
#8254 = ADVANCED_FACE ( 'NONE', ( #5485 ), #1367, .F. ) ;
#8255 = EDGE_CURVE ( 'NONE', #805, #7157, #2796, .T. ) ;
#8256 = CARTESIAN_POINT ( 'NONE',  ( 1.704999999999999000, -0.09999999999999925600, -2.592546190531647400 ) ) ;
#8257 = ADVANCED_FACE ( 'NONE', ( #1082 ), #711, .F. ) ;
#8258 = AXIS2_PLACEMENT_3D ( 'NONE', #1472, #6169, #4816 ) ;
#8259 = VERTEX_POINT ( 'NONE', #6797 ) ;
#8260 = CARTESIAN_POINT ( 'NONE',  ( 3.045464662583233000E-016, -1.123578144323985400, 0.005099784264222435200 ) ) ;
#8261 = LINE ( 'NONE', #236, #7205 ) ;
#8262 = LINE ( 'NONE', #4830, #6465 ) ;
#8263 = DIRECTION ( 'NONE',  ( -1.000000000000000000, -0.0000000000000000000, -0.0000000000000000000 ) ) ;
#8264 = AXIS2_PLACEMENT_3D ( 'NONE', #1763, #8476, #6492 ) ;
#8265 = ORIENTED_EDGE ( 'NONE', *, *, #6140, .T. ) ;
#8266 = LINE ( 'NONE', #4035, #7105 ) ;
#8267 = LINE ( 'NONE', #7584, #1814 ) ;
#8268 = EDGE_CURVE ( 'NONE', #5907, #5249, #1727, .T. ) ;
#8269 = DIRECTION ( 'NONE',  ( -7.080503983578801900E-016, -0.0000000000000000000, -1.000000000000000000 ) ) ;
#8270 = ORIENTED_EDGE ( 'NONE', *, *, #8159, .T. ) ;
#8271 = ORIENTED_EDGE ( 'NONE', *, *, #5801, .F. ) ;
#8272 = DIRECTION ( 'NONE',  ( 0.0000000000000000000, 1.000000000000000000, 0.0000000000000000000 ) ) ;
#8273 = LINE ( 'NONE', #373, #1491 ) ;
#8274 = CARTESIAN_POINT ( 'NONE',  ( 2.105000000000000000, 0.1000000000000000100, 1.599999999999999900 ) ) ;
#8275 = CARTESIAN_POINT ( 'NONE',  ( -4.245000000000000100, -0.8885781443239866300, 2.999587534657338800 ) ) ;
#8276 = ORIENTED_EDGE ( 'NONE', *, *, #8243, .T. ) ;
#8277 = EDGE_CURVE ( 'NONE', #3241, #3119, #5877, .T. ) ;
#8278 = VECTOR ( 'NONE', #2010, 1000.000000000000000 ) ;
#8279 = CARTESIAN_POINT ( 'NONE',  ( -1.705000000000000300, -0.1000000000000000100, 2.825000000000000200 ) ) ;
#8280 = DIRECTION ( 'NONE',  ( -1.000000000000000000, 4.212971753347078400E-032, 2.168404344971009900E-016 ) ) ;
#8281 = LINE ( 'NONE', #7089, #653 ) ;
#8282 = ORIENTED_EDGE ( 'NONE', *, *, #7031, .T. ) ;
#8283 = EDGE_CURVE ( 'NONE', #1366, #5675, #3449, .T. ) ;
#8284 = CARTESIAN_POINT ( 'NONE',  ( 0.8349999999999998500, -0.06527036446661323200, 2.818876228225292800 ) ) ;
#8285 = EDGE_LOOP ( 'NONE', ( #2208, #514, #5425, #1694 ) ) ;
#8286 = FACE_OUTER_BOUND ( 'NONE', #6095, .T. ) ;
#8287 = FACE_OUTER_BOUND ( 'NONE', #6249, .T. ) ;
#8288 = DIRECTION ( 'NONE',  ( -1.000000000000000000, 0.0000000000000000000, 0.0000000000000000000 ) ) ;
#8289 = ORIENTED_EDGE ( 'NONE', *, *, #5000, .F. ) ;
#8290 = DIRECTION ( 'NONE',  ( -1.000000000000000000, 0.0000000000000000000, 0.0000000000000000000 ) ) ;
#8291 = DIRECTION ( 'NONE',  ( 2.168404344971009900E-016, -2.168404344971009900E-016, 1.000000000000000000 ) ) ;
#8292 = CARTESIAN_POINT ( 'NONE',  ( -1.705000000000000300, -0.1000000000000000100, 1.599999999999999900 ) ) ;
#8293 = FACE_OUTER_BOUND ( 'NONE', #8197, .T. ) ;
#8294 = ORIENTED_EDGE ( 'NONE', *, *, #2406, .F. ) ;
#8295 = EDGE_LOOP ( 'NONE', ( #7475, #3999, #3770, #5578 ) ) ;
#8296 = CIRCLE ( 'NONE', #5775, 0.03500000000000030900 ) ;
#8297 = ORIENTED_EDGE ( 'NONE', *, *, #8688, .F. ) ;
#8298 = EDGE_CURVE ( 'NONE', #8117, #7829, #5780, .T. ) ;
#8299 = MECHANICAL_DESIGN_GEOMETRIC_PRESENTATION_REPRESENTATION (  '', ( #6933 ), #7856 ) ;
#8300 = LINE ( 'NONE', #3804, #2700 ) ;
#8301 = LINE ( 'NONE', #8397, #7984 ) ;
#8302 = ORIENTED_EDGE ( 'NONE', *, *, #6362, .F. ) ;
#8303 = VERTEX_POINT ( 'NONE', #7478 ) ;
#8304 = ADVANCED_FACE ( 'NONE', ( #7128 ), #130, .F. ) ;
#8305 = EDGE_CURVE ( 'NONE', #3798, #7603, #5672, .T. ) ;
#8306 = CARTESIAN_POINT ( 'NONE',  ( 4.645000000000001400, -0.8885781443239865200, 2.999587534657339700 ) ) ;
#8307 = CARTESIAN_POINT ( 'NONE',  ( -2.105000000000001300, -0.8885781443239865200, -2.999587534657339700 ) ) ;
#8308 = DIRECTION ( 'NONE',  ( -1.000000000000000000, 0.0000000000000000000, 0.0000000000000000000 ) ) ;
#8309 = EDGE_LOOP ( 'NONE', ( #3227, #1355, #1087, #3036 ) ) ;
#8310 = ADVANCED_FACE ( 'NONE', ( #1291 ), #2746, .T. ) ;
#8311 = ORIENTED_EDGE ( 'NONE', *, *, #4466, .T. ) ;
#8312 = ORIENTED_EDGE ( 'NONE', *, *, #6494, .F. ) ;
#8313 = EDGE_LOOP ( 'NONE', ( #3226, #888, #4586, #3549 ) ) ;
#8314 = FACE_OUTER_BOUND ( 'NONE', #6725, .T. ) ;
#8315 = VECTOR ( 'NONE', #5545, 1000.000000000000000 ) ;
#8316 = DIRECTION ( 'NONE',  ( 7.259116125419664700E-033, -1.000000000000000000, -1.608122649676636600E-016 ) ) ;
#8317 = DIRECTION ( 'NONE',  ( 0.0000000000000000000, -0.9848077530122073500, -0.1736481776669340500 ) ) ;
#8318 = AXIS2_PLACEMENT_3D ( 'NONE', #8748, #5334, #6083 ) ;
#8319 = DIRECTION ( 'NONE',  ( 0.0000000000000000000, 0.1736481776669342400, -0.9848077530122073500 ) ) ;
#8320 = EDGE_LOOP ( 'NONE', ( #2402, #7801, #2210, #6833 ) ) ;
#8321 = CARTESIAN_POINT ( 'NONE',  ( -0.8350000000000015200, -0.09419267824826987900, -2.823976012489516600 ) ) ;
#8322 = AXIS2_PLACEMENT_3D ( 'NONE', #4006, #4686, #8078 ) ;
#8323 = VECTOR ( 'NONE', #277, 1000.000000000000000 ) ;
#8324 = CARTESIAN_POINT ( 'NONE',  ( 1.704999999999999000, -0.09419267824826987900, -2.823976012489516600 ) ) ;
#8325 = DIRECTION ( 'NONE',  ( 0.0000000000000000000, -1.000000000000000000, 0.0000000000000000000 ) ) ;
#8326 = EDGE_CURVE ( 'NONE', #2758, #4555, #4001, .T. ) ;
#8327 = ADVANCED_FACE ( 'NONE', ( #6909 ), #7532, .F. ) ;
#8328 = ORIENTED_EDGE ( 'NONE', *, *, #4944, .F. ) ;
#8329 = DIRECTION ( 'NONE',  ( 1.451823225083932900E-032, -1.000000000000000000, -1.608122649676636600E-016 ) ) ;
#8330 = LINE ( 'NONE', #5211, #4565 ) ;
#8331 = EDGE_CURVE ( 'NONE', #1489, #1219, #7443, .T. ) ;
#8332 = DIRECTION ( 'NONE',  ( 1.000000000000000000, 0.0000000000000000000, 0.0000000000000000000 ) ) ;
#8333 = PLANE ( 'NONE',  #6221 ) ;
#8334 = DIRECTION ( 'NONE',  ( -1.000000000000000000, 0.0000000000000000000, 0.0000000000000000000 ) ) ;
#8335 = CARTESIAN_POINT ( 'NONE',  ( -1.705000000000000300, -0.09419267824827012900, 2.823976012489515200 ) ) ;
#8336 = VECTOR ( 'NONE', #6423, 1000.000000000000000 ) ;
#8337 = CARTESIAN_POINT ( 'NONE',  ( -0.4350000000000014400, -1.123578144323986900, -3.555000000000000200 ) ) ;
#8338 = ORIENTED_EDGE ( 'NONE', *, *, #937, .T. ) ;
#8339 = DIRECTION ( 'NONE',  ( -0.0000000000000000000, -0.0000000000000000000, 1.000000000000000000 ) ) ;
#8340 = EDGE_CURVE ( 'NONE', #3616, #4332, #5580, .T. ) ;
#8341 = LINE ( 'NONE', #2170, #6545 ) ;
#8342 = CARTESIAN_POINT ( 'NONE',  ( -2.975000000000001000, 0.1000000000000000100, -2.825000000000000200 ) ) ;
#8343 = DIRECTION ( 'NONE',  ( -1.000000000000000000, 0.0000000000000000000, 0.0000000000000000000 ) ) ;
#8344 = CARTESIAN_POINT ( 'NONE',  ( 2.974999999999998300, -0.09999999999999925600, 2.592546190531647400 ) ) ;
#8345 = CARTESIAN_POINT ( 'NONE',  ( -7.733763339029309200, -2.049999999999999800, 3.555000000000000200 ) ) ;
#8346 = ADVANCED_FACE ( 'NONE', ( #5374 ), #6483, .F. ) ;
#8347 = EDGE_LOOP ( 'NONE', ( #8251, #3737, #3560, #3647 ) ) ;
#8348 = ORIENTED_EDGE ( 'NONE', *, *, #4430, .T. ) ;
#8349 = CARTESIAN_POINT ( 'NONE',  ( -2.975000000000000100, -0.1349999999999994500, 2.592546190531647400 ) ) ;
#8350 = ADVANCED_FACE ( 'NONE', ( #2161 ), #5255, .T. ) ;
#8351 = ORIENTED_EDGE ( 'NONE', *, *, #690, .F. ) ;
#8352 = DIRECTION ( 'NONE',  ( -1.000000000000000000, 0.0000000000000000000, 0.0000000000000000000 ) ) ;
#8353 = DIRECTION ( 'NONE',  ( 0.0000000000000000000, 9.227252531791510400E-016, -1.000000000000000000 ) ) ;
#8354 = CARTESIAN_POINT ( 'NONE',  ( -1.705000000000001200, -0.1349999999999994500, -2.592546190531647400 ) ) ;
#8355 = EDGE_CURVE ( 'NONE', #3319, #3471, #2262, .T. ) ;
#8356 = ORIENTED_EDGE ( 'NONE', *, *, #4142, .T. ) ;
#8357 = LINE ( 'NONE', #8133, #6445 ) ;
#8358 = VECTOR ( 'NONE', #7589, 1000.000000000000000 ) ;
#8359 = DIRECTION ( 'NONE',  ( 0.0000000000000000000, 7.744301232039248600E-016, 1.000000000000000000 ) ) ;
#8360 = CARTESIAN_POINT ( 'NONE',  ( 2.974999999999998300, -0.8885781443239865200, 2.999587534657339700 ) ) ;
#8361 = CARTESIAN_POINT ( 'NONE',  ( -0.4350000000000013900, -0.09999999999999925600, -2.592546190531647400 ) ) ;
#8362 = CARTESIAN_POINT ( 'NONE',  ( 2.974999999999998300, -0.9293854660757164800, 2.768157712699470100 ) ) ;
#8363 = EDGE_LOOP ( 'NONE', ( #6380, #7895, #5625, #8369 ) ) ;
#8364 = ORIENTED_EDGE ( 'NONE', *, *, #1424, .F. ) ;
#8365 = CYLINDRICAL_SURFACE ( 'NONE', #6017, 0.2350000000000004000 ) ;
#8366 = LINE ( 'NONE', #8754, #7092 ) ;
#8367 = DIRECTION ( 'NONE',  ( 1.000000000000000000, 0.0000000000000000000, 0.0000000000000000000 ) ) ;
#8368 = AXIS2_PLACEMENT_3D ( 'NONE', #8638, #7836, #8549 ) ;
#8369 = ORIENTED_EDGE ( 'NONE', *, *, #6679, .F. ) ;
#8370 = LINE ( 'NONE', #2332, #2023 ) ;
#8371 = ORIENTED_EDGE ( 'NONE', *, *, #5215, .F. ) ;
#8372 = ADVANCED_FACE ( 'NONE', ( #5161 ), #1024, .F. ) ;
#8373 = AXIS2_PLACEMENT_3D ( 'NONE', #6256, #1565, #6321 ) ;
#8374 = UNCERTAINTY_MEASURE_WITH_UNIT (LENGTH_MEASURE( 1.000000000000000100E-005 ), #5413, 'distance_accuracy_value', 'NONE');
#8375 = CARTESIAN_POINT ( 'NONE',  ( -4.245000000000000100, -0.9235781443239867700, 3.970219047566133900 ) ) ;
#8376 = EDGE_LOOP ( 'NONE', ( #1613, #7163, #4236, #8294 ) ) ;
#8377 = VECTOR ( 'NONE', #3092, 1000.000000000000000 ) ;
#8378 = CARTESIAN_POINT ( 'NONE',  ( 4.245000000000000100, -0.1289223137816567200, 2.627014461887075200 ) ) ;
#8379 = EDGE_LOOP ( 'NONE', ( #5433, #1527, #2229, #7410 ) ) ;
#8380 = AXIS2_PLACEMENT_3D ( 'NONE', #5314, #8025, #4669 ) ;
#8381 = DIRECTION ( 'NONE',  ( 4.212971753347078400E-032, -1.000000000000000000, 0.0000000000000000000 ) ) ;
#8382 = ADVANCED_FACE ( 'NONE', ( #4740 ), #3176, .T. ) ;
#8383 = DIRECTION ( 'NONE',  ( 1.000000000000000000, -0.0000000000000000000, -0.0000000000000000000 ) ) ;
#8384 = CARTESIAN_POINT ( 'NONE',  ( 0.4349999999999987800, -0.09999999999999925600, -2.592546190531647400 ) ) ;
#8385 = LINE ( 'NONE', #3601, #2460 ) ;
#8386 = DIRECTION ( 'NONE',  ( 0.0000000000000000000, 0.0000000000000000000, 1.000000000000000000 ) ) ;
#8387 = EDGE_LOOP ( 'NONE', ( #6721, #8187, #6186, #7032 ) ) ;
#8388 = PLANE ( 'NONE',  #2091 ) ;
#8389 = DIRECTION ( 'NONE',  ( 1.000000000000000000, 0.0000000000000000000, 0.0000000000000000000 ) ) ;
#8390 = CARTESIAN_POINT ( 'NONE',  ( 4.245000000000000100, -0.09999999999999925600, -2.592546190531647400 ) ) ;
#8391 = FACE_OUTER_BOUND ( 'NONE', #3204, .T. ) ;
#8392 = DIRECTION ( 'NONE',  ( 0.0000000000000000000, 0.0000000000000000000, 1.000000000000000000 ) ) ;
#8393 = ADVANCED_FACE ( 'NONE', ( #2687 ), #3151, .F. ) ;
#8394 = VECTOR ( 'NONE', #2939, 1000.000000000000000 ) ;
#8395 = EDGE_CURVE ( 'NONE', #7770, #1321, #8610, .T. ) ;
#8396 = LINE ( 'NONE', #6624, #2899 ) ;
#8397 = CARTESIAN_POINT ( 'NONE',  ( 1.704999999999999000, 0.1000000000000000100, -1.599999999999999900 ) ) ;
#8398 = ORIENTED_EDGE ( 'NONE', *, *, #6750, .T. ) ;
#8399 = LINE ( 'NONE', #1127, #3569 ) ;
#8400 = DIRECTION ( 'NONE',  ( -1.000000000000000000, 0.0000000000000000000, 0.0000000000000000000 ) ) ;
#8401 = EDGE_LOOP ( 'NONE', ( #8556, #7973, #2008, #5905 ) ) ;
#8402 = EDGE_CURVE ( 'NONE', #318, #8259, #8719, .T. ) ;
#8403 = LINE ( 'NONE', #1238, #6596 ) ;
#8404 = CARTESIAN_POINT ( 'NONE',  ( -0.4350000000000013900, -0.1349999999999994500, -2.592546190531647400 ) ) ;
#8405 = LINE ( 'NONE', #6058, #666 ) ;
#8406 = LINE ( 'NONE', #7810, #8624 ) ;
#8407 = ORIENTED_EDGE ( 'NONE', *, *, #3966, .T. ) ;
#8408 = EDGE_LOOP ( 'NONE', ( #3688, #48, #3362, #2272 ) ) ;
#8409 = PLANE ( 'NONE',  #7187 ) ;
#8410 = VERTEX_POINT ( 'NONE', #8555 ) ;
#8411 = EDGE_CURVE ( 'NONE', #2152, #665, #1398, .T. ) ;
#8412 = ORIENTED_EDGE ( 'NONE', *, *, #7855, .F. ) ;
#8413 = FACE_OUTER_BOUND ( 'NONE', #5421, .T. ) ;
#8414 = EDGE_LOOP ( 'NONE', ( #4529, #3940, #1786, #8631 ) ) ;
#8415 = DIRECTION ( 'NONE',  ( 0.0000000000000000000, 0.0000000000000000000, 1.000000000000000000 ) ) ;
#8416 = CYLINDRICAL_SURFACE ( 'NONE', #4567, 0.2350000000000002400 ) ;
#8417 = LINE ( 'NONE', #3369, #4017 ) ;
#8418 = DIRECTION ( 'NONE',  ( 0.0000000000000000000, -0.1736481776669340800, -0.9848077530122074700 ) ) ;
#8419 = DIRECTION ( 'NONE',  ( -0.0000000000000000000, 0.1736481776669340500, 0.9848077530122073500 ) ) ;
#8420 = ORIENTED_EDGE ( 'NONE', *, *, #2887, .T. ) ;
#8421 = EDGE_CURVE ( 'NONE', #3185, #4426, #1945, .T. ) ;
#8422 = AXIS2_PLACEMENT_3D ( 'NONE', #2200, #4970, #4210 ) ;
#8423 = ORIENTED_EDGE ( 'NONE', *, *, #2862, .T. ) ;
#8424 = DIRECTION ( 'NONE',  ( 0.0000000000000000000, 0.0000000000000000000, -1.000000000000000000 ) ) ;
#8425 = ORIENTED_EDGE ( 'NONE', *, *, #1785, .T. ) ;
#8426 = AXIS2_PLACEMENT_3D ( 'NONE', #2655, #2772, #3360 ) ;
#8427 = LINE ( 'NONE', #6977, #3039 ) ;
#8428 = CARTESIAN_POINT ( 'NONE',  ( -2.975000000000000100, -0.8885781443239865200, 2.999587534657339700 ) ) ;
#8429 = EDGE_LOOP ( 'NONE', ( #2563, #506, #3767, #2368 ) ) ;
#8430 = PLANE ( 'NONE',  #1495 ) ;
#8431 = PLANE ( 'NONE',  #2359 ) ;
#8432 = FACE_OUTER_BOUND ( 'NONE', #3164, .T. ) ;
#8433 = EDGE_CURVE ( 'NONE', #6359, #2685, #7012, .T. ) ;
#8434 = CARTESIAN_POINT ( 'NONE',  ( -0.8350000000000015200, -0.1349999999999994500, -2.592546190531647400 ) ) ;
#8435 = AXIS2_PLACEMENT_3D ( 'NONE', #2660, #2036, #2726 ) ;
#8436 = DIRECTION ( 'NONE',  ( 0.0000000000000000000, 0.9848077530122073500, 0.1736481776669340500 ) ) ;
#8437 = PLANE ( 'NONE',  #5614 ) ;
#8438 = AXIS2_PLACEMENT_3D ( 'NONE', #5237, #3781, #2510 ) ;
#8439 = AXIS2_PLACEMENT_3D ( 'NONE', #4700, #4029, #1990 ) ;
#8440 = CARTESIAN_POINT ( 'NONE',  ( 1.704999999999999000, 0.1000000000000000100, 1.599999999999999900 ) ) ;
#8441 = AXIS2_PLACEMENT_3D ( 'NONE', #6209, #7380, #1908 ) ;
#8442 = LINE ( 'NONE', #3701, #1220 ) ;
#8443 = CARTESIAN_POINT ( 'NONE',  ( -4.245000000000001000, -1.123578144323986300, -0.005099784264222338000 ) ) ;
#8444 = ADVANCED_FACE ( 'NONE', ( #451 ), #7797, .F. ) ;
#8445 = CARTESIAN_POINT ( 'NONE',  ( -3.375000000000001300, -1.123578144323986900, 2.999587534657339700 ) ) ;
#8446 = DIRECTION ( 'NONE',  ( 0.0000000000000000000, -0.9848077530122073500, -0.1736481776669340500 ) ) ;
#8447 = DIRECTION ( 'NONE',  ( 0.0000000000000000000, -1.000000000000000000, 0.0000000000000000000 ) ) ;
#8448 = EDGE_CURVE ( 'NONE', #7680, #7778, #3557, .T. ) ;
#8449 = VERTEX_POINT ( 'NONE', #6688 ) ;
#8450 = LINE ( 'NONE', #5082, #1988 ) ;
#8451 = CARTESIAN_POINT ( 'NONE',  ( -3.375000000000001300, -0.1000000000000000100, 1.599999999999999900 ) ) ;
#8452 = DIRECTION ( 'NONE',  ( 0.0000000000000000000, -0.1736481776669339900, -0.9848077530122073500 ) ) ;
#8453 = CARTESIAN_POINT ( 'NONE',  ( -1.705000000000001200, -0.8885781443239865200, -2.999587534657339700 ) ) ;
#8454 = DIRECTION ( 'NONE',  ( -1.000000000000000000, 0.0000000000000000000, 0.0000000000000000000 ) ) ;
#8455 = ORIENTED_EDGE ( 'NONE', *, *, #6001, .T. ) ;
#8456 = EDGE_CURVE ( 'NONE', #7725, #2562, #6707, .T. ) ;
#8457 = DIRECTION ( 'NONE',  ( 1.000000000000000000, 0.0000000000000000000, -0.0000000000000000000 ) ) ;
#8458 = ORIENTED_EDGE ( 'NONE', *, *, #2225, .F. ) ;
#8459 = CARTESIAN_POINT ( 'NONE',  ( 0.0000000000000000000, 0.5148177190201993500, -2.716591047919102200 ) ) ;
#8460 = FACE_OUTER_BOUND ( 'NONE', #1312, .T. ) ;
#8461 = ADVANCED_FACE ( 'NONE', ( #1615 ), #3926, .F. ) ;
#8462 = DIRECTION ( 'NONE',  ( 0.0000000000000000000, 0.0000000000000000000, -1.000000000000000000 ) ) ;
#8463 = ORIENTED_EDGE ( 'NONE', *, *, #6759, .T. ) ;
#8464 = EDGE_LOOP ( 'NONE', ( #7338, #8017, #6990, #3069 ) ) ;
#8465 = DIRECTION ( 'NONE',  ( 0.0000000000000000000, -0.9848077530122073500, -0.1736481776669340500 ) ) ;
#8466 = DIRECTION ( 'NONE',  ( 0.0000000000000000000, 2.168404344971009900E-016, 1.000000000000000000 ) ) ;
#8467 = ORIENTED_EDGE ( 'NONE', *, *, #8131, .F. ) ;
#8468 = CARTESIAN_POINT ( 'NONE',  ( 0.4349999999999988300, -0.8885781443239865200, -2.999587534657339700 ) ) ;
#8469 = LINE ( 'NONE', #8361, #1042 ) ;
#8470 = VECTOR ( 'NONE', #5401, 1000.000000000000000 ) ;
#8471 = EDGE_CURVE ( 'NONE', #5989, #6274, #7879, .T. ) ;
#8472 = AXIS2_PLACEMENT_3D ( 'NONE', #3784, #3102, #6436 ) ;
#8473 = VERTEX_POINT ( 'NONE', #7336 ) ;
#8474 = FACE_OUTER_BOUND ( 'NONE', #5299, .T. ) ;
#8475 = PLANE ( 'NONE',  #6889 ) ;
#8476 = DIRECTION ( 'NONE',  ( 1.000000000000000000, -0.0000000000000000000, -0.0000000000000000000 ) ) ;
#8477 = EDGE_CURVE ( 'NONE', #1411, #2174, #4951, .T. ) ;
#8478 = EDGE_LOOP ( 'NONE', ( #2044, #3554, #6354, #6415 ) ) ;
#8479 = VECTOR ( 'NONE', #8291, 1000.000000000000000 ) ;
#8480 = CIRCLE ( 'NONE', #6941, 0.2350000000000004000 ) ;
#8481 = DIRECTION ( 'NONE',  ( -1.000000000000000000, 0.0000000000000000000, -0.0000000000000000000 ) ) ;
#8482 = ADVANCED_FACE ( 'NONE', ( #1507 ), #499, .T. ) ;
#8483 = PLANE ( 'NONE',  #8591 ) ;
#8484 = CIRCLE ( 'NONE', #7702, 0.03500000000000030900 ) ;
#8485 = EDGE_LOOP ( 'NONE', ( #720, #5472, #5193, #4548 ) ) ;
#8486 = CARTESIAN_POINT ( 'NONE',  ( -4.645000000000000500, -0.9235781443239869900, -3.970219047566133900 ) ) ;
#8487 = CIRCLE ( 'NONE', #1550, 0.03500000000000030900 ) ;
#8488 = MECHANICAL_DESIGN_GEOMETRIC_PRESENTATION_REPRESENTATION (  '', ( #3481 ), #3356 ) ;
#8489 = PLANE ( 'NONE',  #6613 ) ;
#8490 = ORIENTED_EDGE ( 'NONE', *, *, #1884, .F. ) ;
#8491 = DIRECTION ( 'NONE',  ( 0.0000000000000000000, -2.168404344971009900E-016, 1.000000000000000000 ) ) ;
#8492 = PLANE ( 'NONE',  #5176 ) ;
#8493 = PLANE ( 'NONE',  #7366 ) ;
#8494 = LINE ( 'NONE', #732, #2780 ) ;
#8495 = CARTESIAN_POINT ( 'NONE',  ( 0.4349999999999987800, -0.1000000000000000100, -1.599999999999999900 ) ) ;
#8496 = EDGE_CURVE ( 'NONE', #5661, #1407, #6587, .T. ) ;
#8497 = EDGE_CURVE ( 'NONE', #2174, #6110, #8396, .T. ) ;
#8498 = CARTESIAN_POINT ( 'NONE',  ( -0.4350000000000013900, 0.4800880834868125900, -2.519629497316660900 ) ) ;
#8499 = EDGE_LOOP ( 'NONE', ( #2218, #3049, #5521, #7492 ) ) ;
#8500 = EDGE_LOOP ( 'NONE', ( #3871, #6588, #4693, #6761 ) ) ;
#8501 = FACE_OUTER_BOUND ( 'NONE', #847, .T. ) ;
#8502 = CARTESIAN_POINT ( 'NONE',  ( 4.645000000000001400, -0.8946558305423292200, -2.965119263301912300 ) ) ;
#8503 = DIRECTION ( 'NONE',  ( -0.0000000000000000000, -0.9848077530122073500, -0.1736481776669340500 ) ) ;
#8504 = DIRECTION ( 'NONE',  ( -1.000000000000000000, 0.0000000000000000000, 0.0000000000000000000 ) ) ;
#8505 = CARTESIAN_POINT ( 'NONE',  ( 0.8349999999999998500, 0.1000000000000000100, 2.825000000000000200 ) ) ;
#8506 = VECTOR ( 'NONE', #4367, 1000.000000000000000 ) ;
#8507 = ORIENTED_EDGE ( 'NONE', *, *, #7164, .F. ) ;
#8508 = ORIENTED_EDGE ( 'NONE', *, *, #6228, .T. ) ;
#8509 = DIRECTION ( 'NONE',  ( -0.1710878697460323200, -0.9702875252478150300, -0.1710878697460323200 ) ) ;
#8510 = VECTOR ( 'NONE', #8587, 1000.000000000000200 ) ;
#8511 = ORIENTED_EDGE ( 'NONE', *, *, #7379, .F. ) ;
#8512 = ORIENTED_EDGE ( 'NONE', *, *, #4916, .F. ) ;
#8513 = DIRECTION ( 'NONE',  ( 3.859235655567988700E-032, -1.000000000000000000, 2.832769448823989800E-016 ) ) ;
#8514 = DIRECTION ( 'NONE',  ( 1.451823225083932900E-032, -1.000000000000000000, -1.608122649676636600E-016 ) ) ;
#8515 =( NAMED_UNIT ( * ) SI_UNIT ( $, .STERADIAN. ) SOLID_ANGLE_UNIT ( ) );
#8516 = VERTEX_POINT ( 'NONE', #6649 ) ;
#8517 = ORIENTED_EDGE ( 'NONE', *, *, #7500, .T. ) ;
#8518 = VECTOR ( 'NONE', #1374, 1000.000000000000000 ) ;
#8519 = EDGE_LOOP ( 'NONE', ( #3705, #3813, #8455, #2367 ) ) ;
#8520 = EDGE_CURVE ( 'NONE', #7833, #5770, #4317, .T. ) ;
#8521 = CIRCLE ( 'NONE', #8438, 0.03500000000000030900 ) ;
#8522 = CARTESIAN_POINT ( 'NONE',  ( 0.4349999999999987800, -0.1349999999999994500, -2.592546190531647400 ) ) ;
#8523 = CIRCLE ( 'NONE', #4405, 0.2350000000000004000 ) ;
#8524 = CIRCLE ( 'NONE', #7071, 0.03500000000000030900 ) ;
#8525 = CARTESIAN_POINT ( 'NONE',  ( -0.8350000000000015200, -0.1349999999999994500, 2.592546190531647400 ) ) ;
#8526 = ORIENTED_EDGE ( 'NONE', *, *, #517, .T. ) ;
#8527 = DIRECTION ( 'NONE',  ( 1.000000000000000000, 0.0000000000000000000, 0.0000000000000000000 ) ) ;
#8528 = PLANE ( 'NONE',  #2305 ) ;
#8529 = EDGE_LOOP ( 'NONE', ( #1517, #2363, #4981, #3368 ) ) ;
#8530 = DIRECTION ( 'NONE',  ( -1.000000000000000000, 0.0000000000000000000, -0.0000000000000000000 ) ) ;
#8531 = ORIENTED_EDGE ( 'NONE', *, *, #5526, .T. ) ;
#8532 = ORIENTED_EDGE ( 'NONE', *, *, #7130, .F. ) ;
#8533 = ADVANCED_FACE ( 'NONE', ( #8287 ), #7436, .T. ) ;
#8534 = LINE ( 'NONE', #615, #7901 ) ;
#8535 = ORIENTED_EDGE ( 'NONE', *, *, #4036, .T. ) ;
#8536 = EDGE_CURVE ( 'NONE', #7564, #7685, #2476, .T. ) ;
#8537 = DIRECTION ( 'NONE',  ( -0.0000000000000000000, 0.0000000000000000000, -1.000000000000000000 ) ) ;
#8538 = ORIENTED_EDGE ( 'NONE', *, *, #3133, .F. ) ;
#8539 = UNCERTAINTY_MEASURE_WITH_UNIT (LENGTH_MEASURE( 1.000000000000000100E-005 ), #5332, 'distance_accuracy_value', 'NONE');
#8540 = VECTOR ( 'NONE', #5033, 1000.000000000000000 ) ;
#8541 = AXIS2_PLACEMENT_3D ( 'NONE', #8468, #2978, #6369 ) ;
#8542 = CARTESIAN_POINT ( 'NONE',  ( 3.374999999999999600, -0.09419267824826990700, 2.823976012489516600 ) ) ;
#8543 = PLANE ( 'NONE',  #264 ) ;
#8544 = PRODUCT_DEFINITION_CONTEXT ( 'detailed design', #8073, 'design' ) ;
#8545 = PRESENTATION_LAYER_ASSIGNMENT (  '', '', ( #3707 ) ) ;
#8546 = CARTESIAN_POINT ( 'NONE',  ( 4.245000000000000100, 0.1000000000000000200, -2.592546190531647400 ) ) ;
#8547 = AXIS2_PLACEMENT_3D ( 'NONE', #4151, #4878, #8173 ) ;
#8548 = VECTOR ( 'NONE', #4734, 1000.000000000000200 ) ;
#8549 = DIRECTION ( 'NONE',  ( 1.000000000000000000, 0.0000000000000000000, 0.0000000000000000000 ) ) ;
#8550 = EDGE_CURVE ( 'NONE', #7661, #4959, #4732, .T. ) ;
#8551 = VECTOR ( 'NONE', #7844, 1000.000000000000000 ) ;
#8552 = ADVANCED_FACE ( 'NONE', ( #8185 ), #2678, .F. ) ;
#8553 = AXIS2_PLACEMENT_3D ( 'NONE', #267, #3003, #7706 ) ;
#8554 = AXIS2_PLACEMENT_3D ( 'NONE', #1876, #7942, #4558 ) ;
#8555 = CARTESIAN_POINT ( 'NONE',  ( 0.8349999999999998500, -0.1000000000000000100, 1.599999999999999900 ) ) ;
#8556 = ORIENTED_EDGE ( 'NONE', *, *, #5089, .F. ) ;
#8557 = CARTESIAN_POINT ( 'NONE',  ( -3.375000000000001300, -0.06527036446661303700, -2.818876228225294200 ) ) ;
#8558 = CIRCLE ( 'NONE', #2257, 0.03500000000000030900 ) ;
#8559 = CARTESIAN_POINT ( 'NONE',  ( -2.105000000000000900, -1.123578144323987200, 3.555000000000000200 ) ) ;
#8560 = DIRECTION ( 'NONE',  ( -4.336808689942019700E-016, 2.168404344971009900E-016, -1.000000000000000000 ) ) ;
#8561 = ORIENTED_EDGE ( 'NONE', *, *, #1311, .F. ) ;
#8562 = EDGE_CURVE ( 'NONE', #3062, #7643, #1073, .T. ) ;
#8563 = EDGE_LOOP ( 'NONE', ( #6455, #1728, #7020, #2145 ) ) ;
#8564 = CIRCLE ( 'NONE', #8208, 0.03500000000000030900 ) ;
#8565 = CARTESIAN_POINT ( 'NONE',  ( -3.375000000000001300, -0.1349999999999994500, 2.592546190531647400 ) ) ;
#8566 = ADVANCED_FACE ( 'NONE', ( #4105 ), #7632, .F. ) ;
#8567 = ADVANCED_FACE ( 'NONE', ( #3009 ), #3392, .F. ) ;
#8568 = EDGE_CURVE ( 'NONE', #781, #7008, #2154, .T. ) ;
#8569 = EDGE_LOOP ( 'NONE', ( #2177, #5595, #4067, #5777 ) ) ;
#8570 = FACE_OUTER_BOUND ( 'NONE', #2339, .T. ) ;
#8571 = VECTOR ( 'NONE', #1866, 1000.000000000000200 ) ;
#8572 = DIRECTION ( 'NONE',  ( 4.336808689942019700E-016, -2.168404344971009900E-016, 1.000000000000000000 ) ) ;
#8573 = VECTOR ( 'NONE', #8503, 1000.000000000000200 ) ;
#8574 = CARTESIAN_POINT ( 'NONE',  ( 2.974999999999997900, -1.123578144323987200, -3.970219047566133900 ) ) ;
#8575 = DIRECTION ( 'NONE',  ( 1.000000000000000000, 0.0000000000000000000, -0.0000000000000000000 ) ) ;
#8576 = EDGE_CURVE ( 'NONE', #4060, #7093, #4629, .T. ) ;
#8577 = PLANE ( 'NONE',  #2545 ) ;
#8578 = PLANE ( 'NONE',  #7390 ) ;
#8579 = ORIENTED_EDGE ( 'NONE', *, *, #8072, .F. ) ;
#8580 = DIRECTION ( 'NONE',  ( 0.0000000000000000000, 0.0000000000000000000, 1.000000000000000000 ) ) ;
#8581 = VERTEX_POINT ( 'NONE', #96 ) ;
#8582 = VECTOR ( 'NONE', #175, 1000.000000000000000 ) ;
#8583 = VECTOR ( 'NONE', #5534, 1000.000000000000200 ) ;
#8584 = ORIENTED_EDGE ( 'NONE', *, *, #6935, .T. ) ;
#8585 = VECTOR ( 'NONE', #3075, 1000.000000000000000 ) ;
#8586 = ORIENTED_EDGE ( 'NONE', *, *, #8123, .F. ) ;
#8587 = DIRECTION ( 'NONE',  ( 0.0000000000000000000, -0.1736481776669339900, -0.9848077530122073500 ) ) ;
#8588 = DIRECTION ( 'NONE',  ( -1.000000000000000000, 0.0000000000000000000, 0.0000000000000000000 ) ) ;
#8589 = EDGE_CURVE ( 'NONE', #1519, #1808, #6699, .T. ) ;
#8590 = CARTESIAN_POINT ( 'NONE',  ( 5.333673019291534700, -1.000000000000000000, 0.0000000000000000000 ) ) ;
#8591 = AXIS2_PLACEMENT_3D ( 'NONE', #5836, #2512, #1733 ) ;
#8592 = CARTESIAN_POINT ( 'NONE',  ( 0.4349999999999987800, -0.1349999999999994500, -2.592546190531647400 ) ) ;
#8593 = VERTEX_POINT ( 'NONE', #1529 ) ;
#8594 = CARTESIAN_POINT ( 'NONE',  ( 3.374999999999999600, -0.8946558305423294400, 2.965119263301911400 ) ) ;
#8595 = VECTOR ( 'NONE', #5130, 1000.000000000000200 ) ;
#8596 = AXIS2_PLACEMENT_3D ( 'NONE', #670, #7458, #2730 ) ;
#8597 = EDGE_CURVE ( 'NONE', #8410, #5257, #969, .T. ) ;
#8598 = ADVANCED_FACE ( 'NONE', ( #4519 ), #783, .T. ) ;
#8599 = CARTESIAN_POINT ( 'NONE',  ( -3.375000000000001300, 0.1000000000000000100, 1.599999999999999900 ) ) ;
#8600 = DIRECTION ( 'NONE',  ( -0.0000000000000000000, 0.0000000000000000000, -1.000000000000000000 ) ) ;
#8601 = CARTESIAN_POINT ( 'NONE',  ( 2.974999999999998300, -0.1000000000000000100, 1.599999999999999900 ) ) ;
#8602 = DIRECTION ( 'NONE',  ( -1.000000000000000000, 0.0000000000000000000, 0.0000000000000000000 ) ) ;
#8603 = LINE ( 'NONE', #4912, #6998 ) ;
#8604 = CARTESIAN_POINT ( 'NONE',  ( 4.645000000000000500, -0.9235781443239868800, 3.555000000000000200 ) ) ;
#8605 = ORIENTED_EDGE ( 'NONE', *, *, #5760, .F. ) ;
#8606 = CARTESIAN_POINT ( 'NONE',  ( -3.375000000000001300, 0.4800880834868125900, -2.519629497316660900 ) ) ;
#8607 = AXIS2_PLACEMENT_3D ( 'NONE', #8592, #1229, #5892 ) ;
#8608 = DIRECTION ( 'NONE',  ( 0.0000000000000000000, 0.0000000000000000000, -1.000000000000000000 ) ) ;
#8609 = ORIENTED_EDGE ( 'NONE', *, *, #8576, .T. ) ;
#8610 = LINE ( 'NONE', #2434, #3780 ) ;
#8611 = VERTEX_POINT ( 'NONE', #1437 ) ;
#8612 = EDGE_CURVE ( 'NONE', #6882, #6178, #7333, .T. ) ;
#8613 = ORIENTED_EDGE ( 'NONE', *, *, #832, .T. ) ;
#8614 = VERTEX_POINT ( 'NONE', #4897 ) ;
#8615 = EDGE_CURVE ( 'NONE', #7310, #2569, #5974, .T. ) ;
#8616 = FACE_OUTER_BOUND ( 'NONE', #5391, .T. ) ;
#8617 = DIRECTION ( 'NONE',  ( 1.000000000000000000, 0.0000000000000000000, 0.0000000000000000000 ) ) ;
#8618 = ADVANCED_FACE ( 'NONE', ( #859 ), #6084, .T. ) ;
#8619 = ORIENTED_EDGE ( 'NONE', *, *, #2238, .T. ) ;
#8620 = FACE_OUTER_BOUND ( 'NONE', #313, .T. ) ;
#8621 = ORIENTED_EDGE ( 'NONE', *, *, #2419, .T. ) ;
#8622 =( LENGTH_UNIT ( ) NAMED_UNIT ( * ) SI_UNIT ( .MILLI., .METRE. ) );
#8623 = VECTOR ( 'NONE', #4552, 1000.000000000000200 ) ;
#8624 = VECTOR ( 'NONE', #3821, 1000.000000000000000 ) ;
#8625 = DIRECTION ( 'NONE',  ( 0.0000000000000000000, 0.0000000000000000000, 1.000000000000000000 ) ) ;
#8626 = CARTESIAN_POINT ( 'NONE',  ( 0.4349999999999987800, -0.1000000000000000100, -1.599999999999999900 ) ) ;
#8627 = ORIENTED_EDGE ( 'NONE', *, *, #7904, .T. ) ;
#8628 = CYLINDRICAL_SURFACE ( 'NONE', #5250, 0.2350000000000004000 ) ;
#8629 = DIRECTION ( 'NONE',  ( -0.0000000000000000000, 0.9848077530122073500, -0.1736481776669340500 ) ) ;
#8630 = VERTEX_POINT ( 'NONE', #1490 ) ;
#8631 = ORIENTED_EDGE ( 'NONE', *, *, #1285, .F. ) ;
#8632 = CYLINDRICAL_SURFACE ( 'NONE', #3282, 0.03500000000000019100 ) ;
#8633 = FACE_OUTER_BOUND ( 'NONE', #1941, .T. ) ;
#8634 = CARTESIAN_POINT ( 'NONE',  ( 0.4349999999999987800, -0.9235781443239867700, -2.999587534657339700 ) ) ;
#8635 = CARTESIAN_POINT ( 'NONE',  ( -1.705000000000000300, 0.1000000000000000200, 2.592546190531647400 ) ) ;
#8636 = EDGE_CURVE ( 'NONE', #6245, #1206, #2571, .T. ) ;
#8637 = ORIENTED_EDGE ( 'NONE', *, *, #3831, .F. ) ;
#8638 = CARTESIAN_POINT ( 'NONE',  ( -7.733763339029309200, -2.049999999999999800, -3.555000000000000200 ) ) ;
#8639 = ORIENTED_EDGE ( 'NONE', *, *, #8647, .T. ) ;
#8640 = ORIENTED_EDGE ( 'NONE', *, *, #228, .F. ) ;
#8641 = LINE ( 'NONE', #7524, #5395 ) ;
#8642 = ORIENTED_EDGE ( 'NONE', *, *, #3750, .F. ) ;
#8643 = DIRECTION ( 'NONE',  ( 0.0000000000000000000, 1.000000000000000000, 0.0000000000000000000 ) ) ;
#8644 = ADVANCED_FACE ( 'NONE', ( #3324 ), #8431, .F. ) ;
#8645 = ORIENTED_EDGE ( 'NONE', *, *, #894, .F. ) ;
#8646 = CARTESIAN_POINT ( 'NONE',  ( 4.645000000000001400, -0.09999999999999925600, -2.592546190531647400 ) ) ;
#8647 = EDGE_CURVE ( 'NONE', #5298, #1064, #7871, .T. ) ;
#8648 = ORIENTED_EDGE ( 'NONE', *, *, #8568, .F. ) ;
#8649 = EDGE_CURVE ( 'NONE', #5013, #5832, #650, .T. ) ;
#8650 = FACE_OUTER_BOUND ( 'NONE', #4244, .T. ) ;
#8651 = CARTESIAN_POINT ( 'NONE',  ( 4.645000000000001400, -0.9235781443239867700, 2.999587534657339700 ) ) ;
#8652 = DIRECTION ( 'NONE',  ( 0.0000000000000000000, 1.000000000000000000, 0.0000000000000000000 ) ) ;
#8653 = CARTESIAN_POINT ( 'NONE',  ( -3.375000000000001300, -0.09419267824826987900, -2.823976012489516600 ) ) ;
#8654 = ORIENTED_EDGE ( 'NONE', *, *, #5047, .F. ) ;
#8655 = FACE_OUTER_BOUND ( 'NONE', #3878, .T. ) ;
#8656 = CARTESIAN_POINT ( 'NONE',  ( -4.245000000000000100, -0.1000000000000000100, 1.599999999999999900 ) ) ;
#8657 = ADVANCED_FACE ( 'NONE', ( #8501 ), #312, .T. ) ;
#8658 = CARTESIAN_POINT ( 'NONE',  ( 2.105000000000000000, -0.09419267824826987900, 2.823976012489516600 ) ) ;
#8659 = AXIS2_PLACEMENT_3D ( 'NONE', #503, #5290, #7228 ) ;
#8660 = ORIENTED_EDGE ( 'NONE', *, *, #7330, .F. ) ;
#8661 = VECTOR ( 'NONE', #380, 1000.000000000000000 ) ;
#8662 = APPLICATION_CONTEXT ( 'automotive_design' ) ;
#8663 = EDGE_CURVE ( 'NONE', #5268, #2825, #8083, .T. ) ;
#8664 = DIRECTION ( 'NONE',  ( 0.0000000000000000000, 2.168404344971009900E-016, 1.000000000000000000 ) ) ;
#8665 = SURFACE_STYLE_USAGE ( .BOTH. , #7989 ) ;
#8666 = ORIENTED_EDGE ( 'NONE', *, *, #6460, .T. ) ;
#8667 = CARTESIAN_POINT ( 'NONE',  ( 0.8349999999999989700, -0.1000000000000000100, -2.825000000000000200 ) ) ;
#8668 = CARTESIAN_POINT ( 'NONE',  ( 3.374999999999999600, -0.8885781443239865200, 2.999587534657339700 ) ) ;
#8669 = LINE ( 'NONE', #5544, #6967 ) ;
#8670 = CARTESIAN_POINT ( 'NONE',  ( 2.104999999999999100, 0.1000000000000000100, -2.825000000000000200 ) ) ;
#8671 = AXIS2_PLACEMENT_3D ( 'NONE', #3411, #2741, #7496 ) ;
#8672 = DIRECTION ( 'NONE',  ( 1.000000000000000000, 0.0000000000000000000, 0.0000000000000000000 ) ) ;
#8673 = ORIENTED_EDGE ( 'NONE', *, *, #4143, .F. ) ;
#8674 = LINE ( 'NONE', #261, #7300 ) ;
#8675 = VERTEX_POINT ( 'NONE', #1019 ) ;
#8676 = LINE ( 'NONE', #389, #8042 ) ;
#8677 = DIRECTION ( 'NONE',  ( -0.0000000000000000000, 0.0000000000000000000, -1.000000000000000000 ) ) ;
#8678 = SURFACE_STYLE_USAGE ( .BOTH. , #6451 ) ;
#8679 = ADVANCED_FACE ( 'NONE', ( #340 ), #3053, .T. ) ;
#8680 = CARTESIAN_POINT ( 'NONE',  ( 0.4349999999999987800, -0.8946558305423292200, 2.965119263301912300 ) ) ;
#8681 = EDGE_CURVE ( 'NONE', #6181, #6767, #6275, .T. ) ;
#8682 = VERTEX_POINT ( 'NONE', #7950 ) ;
#8683 = FACE_OUTER_BOUND ( 'NONE', #520, .T. ) ;
#8684 = VECTOR ( 'NONE', #954, 1000.000000000000000 ) ;
#8685 = DIRECTION ( 'NONE',  ( 1.000000000000000000, -0.0000000000000000000, 0.0000000000000000000 ) ) ;
#8686 = COLOUR_RGB ( '',0.7921568627450980000, 0.8196078431372548800, 0.9333333333333333500 ) ;
#8687 = CARTESIAN_POINT ( 'NONE',  ( -2.105000000000001300, -0.8946558305423296700, 2.965119263301910100 ) ) ;
#8688 = EDGE_CURVE ( 'NONE', #1349, #5745, #4218, .T. ) ;
#8689 = VERTEX_POINT ( 'NONE', #3108 ) ;
#8690 = VECTOR ( 'NONE', #2814, 1000.000000000000000 ) ;
#8691 = ORIENTED_EDGE ( 'NONE', *, *, #4003, .T. ) ;
#8692 = DIRECTION ( 'NONE',  ( 8.425943506694156900E-032, 1.000000000000000000, 0.0000000000000000000 ) ) ;
#8693 = EDGE_CURVE ( 'NONE', #7355, #7413, #2890, .T. ) ;
#8694 = FILL_AREA_STYLE_COLOUR ( '', #6503 ) ;
#8695 = DIRECTION ( 'NONE',  ( 0.0000000000000000000, 7.744301232039248600E-016, 1.000000000000000000 ) ) ;
#8696 = DIRECTION ( 'NONE',  ( 0.0000000000000000000, -0.1736481776669339900, -0.9848077530122073500 ) ) ;
#8697 = CYLINDRICAL_SURFACE ( 'NONE', #8541, 0.2350000000000004000 ) ;
#8698 = VERTEX_POINT ( 'NONE', #1106 ) ;
#8699 = VERTEX_POINT ( 'NONE', #5840 ) ;
#8700 = EDGE_CURVE ( 'NONE', #5102, #225, #443, .T. ) ;
#8701 = DIRECTION ( 'NONE',  ( 1.000000000000000000, 0.0000000000000000000, 0.0000000000000000000 ) ) ;
#8702 = DIRECTION ( 'NONE',  ( -1.000000000000000000, -0.0000000000000000000, -0.0000000000000000000 ) ) ;
#8703 = DIRECTION ( 'NONE',  ( 0.0000000000000000000, -0.9848077530122073500, 0.1736481776669340500 ) ) ;
#8704 = PLANE ( 'NONE',  #3582 ) ;
#8705 = DIRECTION ( 'NONE',  ( 0.0000000000000000000, 1.000000000000000000, 0.0000000000000000000 ) ) ;
#8706 = VERTEX_POINT ( 'NONE', #3145 ) ;
#8707 = AXIS2_PLACEMENT_3D ( 'NONE', #3657, #917, #5695 ) ;
#8708 = EDGE_LOOP ( 'NONE', ( #5119, #889, #6438, #5220 ) ) ;
#8709 = DIRECTION ( 'NONE',  ( -0.1710878697460323200, 0.9702875252478150300, -0.1710878697460323200 ) ) ;
#8710 = VERTEX_POINT ( 'NONE', #4592 ) ;
#8711 = DIRECTION ( 'NONE',  ( 1.000000000000000000, 0.0000000000000000000, 0.0000000000000000000 ) ) ;
#8712 = DIRECTION ( 'NONE',  ( 0.0000000000000000000, -1.000000000000000000, 0.0000000000000000000 ) ) ;
#8713 = DIRECTION ( 'NONE',  ( -1.000000000000000000, 0.0000000000000000000, -0.0000000000000000000 ) ) ;
#8714 = LINE ( 'NONE', #986, #6086 ) ;
#8715 = EDGE_CURVE ( 'NONE', #2931, #3993, #6179, .T. ) ;
#8716 = APPLICATION_CONTEXT ( 'automotive_design' ) ;
#8717 = AXIS2_PLACEMENT_3D ( 'NONE', #7471, #7350, #1266 ) ;
#8718 = LINE ( 'NONE', #2250, #1614 ) ;
#8719 = LINE ( 'NONE', #3802, #5474 ) ;
#8720 = ORIENTED_EDGE ( 'NONE', *, *, #5988, .T. ) ;
#8721 = CARTESIAN_POINT ( 'NONE',  ( -4.245000000000001000, -0.1000000000000000100, -2.825000000000000200 ) ) ;
#8722 = VECTOR ( 'NONE', #5846, 1000.000000000000000 ) ;
#8723 = DIRECTION ( 'NONE',  ( -1.000000000000000000, -0.0000000000000000000, -0.0000000000000000000 ) ) ;
#8724 = ORIENTED_EDGE ( 'NONE', *, *, #589, .F. ) ;
#8725 = ORIENTED_EDGE ( 'NONE', *, *, #1162, .T. ) ;
#8726 = VERTEX_POINT ( 'NONE', #432 ) ;
#8727 = ORIENTED_EDGE ( 'NONE', *, *, #2065, .F. ) ;
#8728 = VECTOR ( 'NONE', #1389, 1000.000000000000000 ) ;
#8729 = LINE ( 'NONE', #931, #4543 ) ;
#8730 = EDGE_CURVE ( 'NONE', #3800, #8168, #5871, .T. ) ;
#8731 = DIRECTION ( 'NONE',  ( 0.0000000000000000000, 1.000000000000000000, 0.0000000000000000000 ) ) ;
#8732 = PLANE ( 'NONE',  #5354 ) ;
#8733 = ORIENTED_EDGE ( 'NONE', *, *, #166, .F. ) ;
#8734 = CARTESIAN_POINT ( 'NONE',  ( -4.245000000000000100, -1.123578144323986900, 2.999587534657338800 ) ) ;
#8735 = VECTOR ( 'NONE', #2672, 1000.000000000000100 ) ;
#8736 = DIRECTION ( 'NONE',  ( -1.000000000000000000, -0.0000000000000000000, -0.0000000000000000000 ) ) ;
#8737 = EDGE_CURVE ( 'NONE', #3702, #4426, #117, .T. ) ;
#8738 = PLANE ( 'NONE',  #7813 ) ;
#8739 = ORIENTED_EDGE ( 'NONE', *, *, #3976, .T. ) ;
#8740 = CARTESIAN_POINT ( 'NONE',  ( -3.375000000000001300, -0.8946558305423294400, 2.965119263301911400 ) ) ;
#8741 = ORIENTED_EDGE ( 'NONE', *, *, #1162, .F. ) ;
#8742 = CARTESIAN_POINT ( 'NONE',  ( -0.4350000000000005000, 0.1000000000000000100, -1.599999999999999900 ) ) ;
#8743 = VECTOR ( 'NONE', #6571, 1000.000000000000000 ) ;
#8744 = ADVANCED_FACE ( 'NONE', ( #6381 ), #7873, .F. ) ;
#8745 = EDGE_CURVE ( 'NONE', #8005, #4438, #753, .T. ) ;
#8746 = FACE_OUTER_BOUND ( 'NONE', #4627, .T. ) ;
#8747 = DIRECTION ( 'NONE',  ( 0.0000000000000000000, 0.1736481776669342400, -0.9848077530122073500 ) ) ;
#8748 = CARTESIAN_POINT ( 'NONE',  ( -2.105000000000001300, -0.1349999999999994500, -2.592546190531647400 ) ) ;
#8749 = CARTESIAN_POINT ( 'NONE',  ( 0.4349999999999987800, -0.8885781443239865200, -2.999587534657339700 ) ) ;
#8750 = EDGE_CURVE ( 'NONE', #4464, #5807, #4423, .T. ) ;
#8751 = AXIS2_PLACEMENT_3D ( 'NONE', #3578, #7749, #5038 ) ;
#8752 = EDGE_CURVE ( 'NONE', #8630, #3581, #2366, .T. ) ;
#8753 = EDGE_LOOP ( 'NONE', ( #535, #33, #8398, #7645 ) ) ;
#8754 = CARTESIAN_POINT ( 'NONE',  ( 0.0000000000000000000, -0.09419267824826993400, 2.823976012489516600 ) ) ;
#8755 = DIRECTION ( 'NONE',  ( -7.080503983578801900E-016, -0.0000000000000000000, -1.000000000000000000 ) ) ;
#8756 = DIRECTION ( 'NONE',  ( 0.0000000000000000000, 9.227252531791510400E-016, 1.000000000000000000 ) ) ;
#8757 = CARTESIAN_POINT ( 'NONE',  ( -0.8350000000000015200, -0.9235781443239868800, 3.555000000000000200 ) ) ;
#8758 = ORIENTED_EDGE ( 'NONE', *, *, #7832, .F. ) ;
#8759 = ADVANCED_FACE ( 'NONE', ( #1718 ), #6556, .F. ) ;
#8760 = AXIS2_PLACEMENT_3D ( 'NONE', #7599, #3579, #2246 ) ;
#8761 = CARTESIAN_POINT ( 'NONE',  ( -2.105000000000001300, 0.1000000000000000100, 1.599999999999999900 ) ) ;
#8762 = VECTOR ( 'NONE', #5941, 1000.000000000000000 ) ;
#8763 = DIRECTION ( 'NONE',  ( -1.000000000000000000, 0.0000000000000000000, 0.0000000000000000000 ) ) ;
#8764 = DIRECTION ( 'NONE',  ( 0.0000000000000000000, 0.0000000000000000000, 1.000000000000000000 ) ) ;
#8765 = AXIS2_PLACEMENT_3D ( 'NONE', #6682, #3454, #4798 ) ;
#8766 = CARTESIAN_POINT ( 'NONE',  ( 0.0000000000000000000, -0.9293854660757164800, 2.768157712699470100 ) ) ;
#8767 = EDGE_LOOP ( 'NONE', ( #8328, #4549, #4654, #5849 ) ) ;
#8768 = ORIENTED_EDGE ( 'NONE', *, *, #5709, .T. ) ;
#8769 = FACE_OUTER_BOUND ( 'NONE', #6590, .T. ) ;
#8770 = DIRECTION ( 'NONE',  ( -1.000000000000000000, 0.0000000000000000000, 0.0000000000000000000 ) ) ;
#8771 = EDGE_LOOP ( 'NONE', ( #271, #2788, #6307, #3604 ) ) ;
#8772 = EDGE_CURVE ( 'NONE', #5807, #4319, #7762, .T. ) ;
#8773 = PLANE ( 'NONE',  #1047 ) ;
#8774 = EDGE_CURVE ( 'NONE', #2857, #3027, #3991, .T. ) ;
#8775 = CARTESIAN_POINT ( 'NONE',  ( -3.375000000000001300, -0.1000000000000000100, -1.599999999999999900 ) ) ;
#8776 = LINE ( 'NONE', #1294, #1253 ) ;
#8777 = LINE ( 'NONE', #6361, #411 ) ;
#8778 = AXIS2_PLACEMENT_3D ( 'NONE', #3955, #1967, #7347 ) ;
#8779 = DIRECTION ( 'NONE',  ( 1.000000000000000000, -0.0000000000000000000, -0.0000000000000000000 ) ) ;
#8780 = DIRECTION ( 'NONE',  ( -7.080503983578801900E-016, -0.0000000000000000000, -1.000000000000000000 ) ) ;
#8781 = CARTESIAN_POINT ( 'NONE',  ( 0.8349999999999998500, -0.1000000000000000100, 2.825000000000000200 ) ) ;
#8782 = CARTESIAN_POINT ( 'NONE',  ( 1.704999999999999000, -0.8885781443239865200, -2.999587534657339700 ) ) ;
#8783 = ORIENTED_EDGE ( 'NONE', *, *, #8220, .F. ) ;
#8784 = DIRECTION ( 'NONE',  ( -1.000000000000000000, 0.0000000000000000000, 0.0000000000000000000 ) ) ;
#8785 = FACE_OUTER_BOUND ( 'NONE', #3741, .T. ) ;
#8786 = VECTOR ( 'NONE', #1251, 1000.000000000000000 ) ;
#8787 = CARTESIAN_POINT ( 'NONE',  ( 0.0000000000000000000, 0.5148177190201993500, 2.716591047919102200 ) ) ;
#8788 = CYLINDRICAL_SURFACE ( 'NONE', #5961, 0.03500000000000030900 ) ;
#8789 = CARTESIAN_POINT ( 'NONE',  ( 4.245000000000000100, -0.1349999999999994500, 2.592546190531647400 ) ) ;
#8790 = EDGE_CURVE ( 'NONE', #6726, #6463, #3771, .T. ) ;
#8791 = CARTESIAN_POINT ( 'NONE',  ( 4.645000000000000500, -0.9235781443239869900, 3.970219047566133900 ) ) ;
#8792 = EDGE_LOOP ( 'NONE', ( #1478, #8172, #5858, #4660 ) ) ;
#8793 = VECTOR ( 'NONE', #7774, 1000.000000000000000 ) ;
#8794 = CARTESIAN_POINT ( 'NONE',  ( -2.105000000000001300, -0.1289223137816569700, 2.627014461887073900 ) ) ;
#8795 = CARTESIAN_POINT ( 'NONE',  ( 0.4349999999999988900, -1.123578144323987200, 3.555000000000000200 ) ) ;
#8796 = DIRECTION ( 'NONE',  ( 0.0000000000000000000, -0.9848077530122073500, -0.1736481776669340500 ) ) ;
ENDSEC;
END-ISO-10303-21;
