ISO-10303-21;
HEADER;
FILE_DESCRIPTION (( 'STEP AP214' ),
    '1' );
FILE_NAME ('CONBNC001.STEP',
    '2024-07-04T09:34:38',
    ( '' ),
    ( '' ),
    'SwSTEP 2.0',
    'SolidWorks 2024',
    '' );
FILE_SCHEMA (( 'AUTOMOTIVE_DESIGN' ));
ENDSEC;

DATA;
#1 = FILL_AREA_STYLE_COLOUR ( '', #695 ) ;
#2 = CARTESIAN_POINT ( 'NONE',  ( 0.000000000000000000, 0.000000000000000000, -3.499999999974079401 ) ) ;
#3 =( GEOMETRIC_REPRESENTATION_CONTEXT ( 3 ) GLOBAL_UNCERTAINTY_ASSIGNED_CONTEXT ( ( #702 ) ) GLOBAL_UNIT_ASSIGNED_CONTEXT ( ( #1282, #458, #2643 ) ) REPRESENTATION_CONTEXT ( 'NONE', 'WORKASPACE' ) );
#4 = FACE_OUTER_BOUND ( 'NONE', #858, .T. ) ;
#5 = STYLED_ITEM ( 'NONE', ( #2356 ), #448 ) ;
#6 = DIRECTION ( 'NONE',  ( -1.000000000000000000, 0.000000000000000000, 0.000000000000000000 ) ) ;
#7 = ORIENTED_EDGE ( 'NONE', *, *, #1677, .F. ) ;
#8 = EDGE_CURVE ( 'NONE', #783, #1039, #1466, .T. ) ;
#9 = DIRECTION ( 'NONE',  ( 0.000000000000000000, 0.000000000000000000, -1.000000000000000000 ) ) ;
#10 = ORIENTED_EDGE ( 'NONE', *, *, #451, .F. ) ;
#11 = DIRECTION ( 'NONE',  ( 1.000000000000000000, 0.000000000000000000, 0.000000000000000000 ) ) ;
#12 = CARTESIAN_POINT ( 'NONE',  ( -0.1000000000000000056, -0.6928203230275754576, -4.500000000000000888 ) ) ;
#13 = EDGE_CURVE ( 'NONE', #1183, #166, #2559, .T. ) ;
#14 = CARTESIAN_POINT ( 'NONE',  ( 6.000769315822032219E-17, 0.4900000000000001021, -18.30000000000000071 ) ) ;
#15 = MANIFOLD_SOLID_BREP ( 'Imported1', #1286 ) ;
#16 = PRESENTATION_LAYER_ASSIGNMENT (  '', '', ( #1474 ) ) ;
#17 = EDGE_LOOP ( 'NONE', ( #1750, #2440, #616, #1192, #10, #722, #1278, #44 ) ) ;
#18 = CARTESIAN_POINT ( 'NONE',  ( 0.1000000000000000056, 0.8944271910455366958, -3.499999999987039700 ) ) ;
#19 = LINE ( 'NONE', #1350, #106 ) ;
#20 = CIRCLE ( 'NONE', #2475, 0.6999999999948158802 ) ;
#21 = FACE_OUTER_BOUND ( 'NONE', #1839, .T. ) ;
#22 = VECTOR ( 'NONE', #1773, 1000.000000000000000 ) ;
#23 = ORIENTED_EDGE ( 'NONE', *, *, #764, .T. ) ;
#24 = CIRCLE ( 'NONE', #2578, 0.4899999999999999911 ) ;
#25 = ORIENTED_EDGE ( 'NONE', *, *, #905, .F. ) ;
#26 = CARTESIAN_POINT ( 'NONE',  ( 4.261446455272123401, 0.6399963861433215495, -3.480833504257645483 ) ) ;
#27 = CARTESIAN_POINT ( 'NONE',  ( 0.000000000000000000, 0.000000000000000000, -13.90000000000000036 ) ) ;
#28 = VERTEX_POINT ( 'NONE', #836 ) ;
#29 = SURFACE_STYLE_USAGE ( .BOTH. , #1138 ) ;
#30 = CARTESIAN_POINT ( 'NONE',  ( 0.1000000000000000056, -0.8272846263220637875, -3.566726817259370463 ) ) ;
#31 = CARTESIAN_POINT ( 'NONE',  ( -1.051236812388087933E-15, 4.291999999999999815, -4.970999880054582931 ) ) ;
#32 = CARTESIAN_POINT ( 'NONE',  ( -0.1000000000000000056, 0.8944271910415488858, -3.499999999991002753 ) ) ;
#33 = DIRECTION ( 'NONE',  ( -0.7071067811871356579, 0.7071067811859594876, 0.000000000000000000 ) ) ;
#34 = EDGE_LOOP ( 'NONE', ( #1977, #1551, #2109, #172 ) ) ;
#35 = ORIENTED_EDGE ( 'NONE', *, *, #8, .F. ) ;
#36 = DIRECTION ( 'NONE',  ( 0.000000000000000000, 0.000000000000000000, -1.000000000000000000 ) ) ;
#37 = ORIENTED_EDGE ( 'NONE', *, *, #1796, .F. ) ;
#38 = DIRECTION ( 'NONE',  ( -1.000000000000000000, 0.000000000000000000, 0.000000000000000000 ) ) ;
#39 = DIRECTION ( 'NONE',  ( -0.7071067811865975328, 0.7071067811864976127, 0.000000000000000000 ) ) ;
#40 = EDGE_CURVE ( 'NONE', #1843, #508, #1568, .T. ) ;
#41 = DIRECTION ( 'NONE',  ( -1.000000000000000000, 1.224646799147353207E-16, 0.000000000000000000 ) ) ;
#42 = CARTESIAN_POINT ( 'NONE',  ( 5.500000000000000000, 0.000000000000000000, -4.241799999999999571 ) ) ;
#43 = EDGE_CURVE ( 'NONE', #69, #2772, #129, .T. ) ;
#44 = ORIENTED_EDGE ( 'NONE', *, *, #993, .F. ) ;
#45 = AXIS2_PLACEMENT_3D ( 'NONE', #1036, #2585, #2329 ) ;
#46 = VERTEX_POINT ( 'NONE', #2323 ) ;
#47 = DIRECTION ( 'NONE',  ( -0.7071067811859594876, 0.7071067811871356579, 0.000000000000000000 ) ) ;
#48 = VERTEX_POINT ( 'NONE', #1422 ) ;
#49 = DIRECTION ( 'NONE',  ( 0.000000000000000000, 0.000000000000000000, 1.000000000000000000 ) ) ;
#50 = CARTESIAN_POINT ( 'NONE',  ( 0.7600994779570058313, -0.1000000000000000056, -3.633410905921263367 ) ) ;
#51 = LINE ( 'NONE', #1191, #1800 ) ;
#52 = CIRCLE ( 'NONE', #1939, 5.500000000000000000 ) ;
#53 = CARTESIAN_POINT ( 'NONE',  ( 4.205389129438561469, 0.8578847649888519111, -3.746499999999976183 ) ) ;
#54 = EDGE_CURVE ( 'NONE', #2772, #1534, #1928, .T. ) ;
#55 = DIRECTION ( 'NONE',  ( 0.000000000000000000, 0.000000000000000000, 1.000000000000000000 ) ) ;
#56 = AXIS2_PLACEMENT_3D ( 'NONE', #1227, #1890, #1204 ) ;
#57 = CARTESIAN_POINT ( 'NONE',  ( 3.181980515339000171, 3.783021279348000032, -13.90000000000000213 ) ) ;
#58 = VECTOR ( 'NONE', #2500, 1000.000000000000114 ) ;
#59 = VERTEX_POINT ( 'NONE', #2512 ) ;
#60 = EDGE_CURVE ( 'NONE', #48, #1035, #359, .T. ) ;
#61 = VECTOR ( 'NONE', #1266, 1000.000000000000114 ) ;
#62 = AXIS2_PLACEMENT_3D ( 'NONE', #2405, #2218, #2376 ) ;
#63 = ORIENTED_EDGE ( 'NONE', *, *, #1784, .F. ) ;
#64 = DIRECTION ( 'NONE',  ( 0.000000000000000000, 0.000000000000000000, -1.000000000000000000 ) ) ;
#65 = STYLED_ITEM ( 'NONE', ( #1666 ), #2487 ) ;
#66 = ORIENTED_EDGE ( 'NONE', *, *, #266, .F. ) ;
#67 = DIRECTION ( 'NONE',  ( 0.000000000000000000, 0.000000000000000000, 1.000000000000000000 ) ) ;
#68 = CARTESIAN_POINT ( 'NONE',  ( 4.205389129438561469, -0.8578847649888509119, -4.737100000000023847 ) ) ;
#69 = VERTEX_POINT ( 'NONE', #2104 ) ;
#70 = CARTESIAN_POINT ( 'NONE',  ( 4.176118331498458680, 0.9906057143773355778, -4.416286405680173388 ) ) ;
#71 = CARTESIAN_POINT ( 'NONE',  ( -8.825229516889342207, -4.412614758444672880, -3.062459713303359532 ) ) ;
#72 = CARTESIAN_POINT ( 'NONE',  ( -4.150000000000000355, 5.082284216461515156E-16, -8.500000000000000000 ) ) ;
#73 = ORIENTED_EDGE ( 'NONE', *, *, #1447, .T. ) ;
#74 = LINE ( 'NONE', #2688, #201 ) ;
#75 = ORIENTED_EDGE ( 'NONE', *, *, #1362, .F. ) ;
#76 = CARTESIAN_POINT ( 'NONE',  ( 0.000000000000000000, 0.000000000000000000, -1.998127509500000176 ) ) ;
#77 = EDGE_CURVE ( 'NONE', #1539, #260, #2293, .T. ) ;
#78 = EDGE_LOOP ( 'NONE', ( #973, #2562 ) ) ;
#79 = CARTESIAN_POINT ( 'NONE',  ( -2.580939751330885379, -3.181980515339114302, -18.39999999999999858 ) ) ;
#80 = CARTESIAN_POINT ( 'NONE',  ( 0.000000000000000000, 0.000000000000000000, -18.30000000000000071 ) ) ;
#81 = DIRECTION ( 'NONE',  ( 0.000000000000000000, 0.000000000000000000, 1.000000000000000000 ) ) ;
#82 = ADVANCED_BREP_SHAPE_REPRESENTATION ( 'CONBNC001', ( #15, #2174 ), #1995 ) ;
#83 = CYLINDRICAL_SURFACE ( 'NONE', #2127, 0.9906000000000003691 ) ;
#84 = CARTESIAN_POINT ( 'NONE',  ( 0.000000000000000000, 0.000000000000000000, -5.421140286650980578 ) ) ;
#85 = LINE ( 'NONE', #1420, #1532 ) ;
#86 = EDGE_LOOP ( 'NONE', ( #549, #2623 ) ) ;
#87 = FILL_AREA_STYLE_COLOUR ( '', #1759 ) ;
#88 = COLOUR_RGB ( '',0.6470588235294117974, 0.5176470588235293491, 0.000000000000000000 ) ;
#89 = VERTEX_POINT ( 'NONE', #140 ) ;
#90 = EDGE_CURVE ( 'NONE', #2588, #195, #1027, .T. ) ;
#91 = CARTESIAN_POINT ( 'NONE',  ( 0.1000000000000000056, -0.8944271910415488858, -3.499999999991002753 ) ) ;
#92 = ORIENTED_EDGE ( 'NONE', *, *, #835, .T. ) ;
#93 =( NAMED_UNIT ( * ) PLANE_ANGLE_UNIT ( ) SI_UNIT ( $, .RADIAN. ) );
#94 = EDGE_CURVE ( 'NONE', #1467, #2271, #2544, .T. ) ;
#95 = DIRECTION ( 'NONE',  ( 0.000000000000000000, 0.000000000000000000, 1.000000000000000000 ) ) ;
#96 = CARTESIAN_POINT ( 'NONE',  ( -0.9949874371066099732, 0.1000000000000000056, -3.499999999999999556 ) ) ;
#97 = EDGE_LOOP ( 'NONE', ( #2456, #825, #210, #1863 ) ) ;
#98 = DIRECTION ( 'NONE',  ( 0.000000000000000000, 0.000000000000000000, -1.000000000000000000 ) ) ;
#99 = CARTESIAN_POINT ( 'NONE',  ( -1.051236812388088130E-15, 4.291999999999999815, -3.746499999999999719 ) ) ;
#100 = CARTESIAN_POINT ( 'NONE',  ( 4.412614758428053285, 5.641099587852523375E-16, -5.421140286650980578 ) ) ;
#101 = VECTOR ( 'NONE', #784, 1000.000000000000114 ) ;
#102 = VECTOR ( 'NONE', #1724, 1000.000000000000000 ) ;
#103 = ORIENTED_EDGE ( 'NONE', *, *, #2581, .F. ) ;
#104 = AXIS2_PLACEMENT_3D ( 'NONE', #1168, #2728, #1182 ) ;
#105 = ORIENTED_EDGE ( 'NONE', *, *, #872, .F. ) ;
#106 = VECTOR ( 'NONE', #416, 1000.000000000000000 ) ;
#107 = SURFACE_SIDE_STYLE ('',( #779 ) ) ;
#108 = ORIENTED_EDGE ( 'NONE', *, *, #2631, .F. ) ;
#109 = FILL_AREA_STYLE ('',( #947 ) ) ;
#110 = CIRCLE ( 'NONE', #1899, 4.412614758428053285 ) ;
#111 = DIRECTION ( 'NONE',  ( -1.000000000000000000, 0.000000000000000000, 0.000000000000000000 ) ) ;
#112 = ADVANCED_FACE ( 'NONE', ( #585, #372 ), #345, .T. ) ;
#113 = MECHANICAL_DESIGN_GEOMETRIC_PRESENTATION_REPRESENTATION (  '', ( #65 ), #1438 ) ;
#114 = VERTEX_POINT ( 'NONE', #1222 ) ;
#115 = CARTESIAN_POINT ( 'NONE',  ( 3.181980515339011273, -3.783021279348011134, -13.90000000000000213 ) ) ;
#116 = CARTESIAN_POINT ( 'NONE',  ( 0.9949874371066099732, -0.1000000000000000056, -3.499999999999999556 ) ) ;
#117 = FACE_BOUND ( 'NONE', #86, .T. ) ;
#118 = VECTOR ( 'NONE', #1098, 1000.000000000000114 ) ;
#119 = CARTESIAN_POINT ( 'NONE',  ( -4.150000000000000355, 5.082284216461515156E-16, -21.23797256770000175 ) ) ;
#120 = DIRECTION ( 'NONE',  ( 1.000000000000000000, 0.000000000000000000, 0.000000000000000000 ) ) ;
#121 = ORIENTED_EDGE ( 'NONE', *, *, #2450, .T. ) ;
#122 = ORIENTED_EDGE ( 'NONE', *, *, #1583, .F. ) ;
#123 = DIRECTION ( 'NONE',  ( -0.000000000000000000, 0.000000000000000000, 1.000000000000000000 ) ) ;
#124 = VERTEX_POINT ( 'NONE', #1914 ) ;
#125 = FILL_AREA_STYLE ('',( #1910 ) ) ;
#126 = ADVANCED_FACE ( 'NONE', ( #2776 ), #998, .F. ) ;
#127 = CARTESIAN_POINT ( 'NONE',  ( -9.552245033349356051E-17, -0.3900000000000000688, -18.39999999999999858 ) ) ;
#129 = LINE ( 'NONE', #1464, #1151 ) ;
#128 = DIRECTION ( 'NONE',  ( 1.000000000000000000, 0.000000000000000000, 0.000000000000000000 ) ) ;
#130 = EDGE_CURVE ( 'NONE', #2571, #1834, #543, .T. ) ;
#131 = ORIENTED_EDGE ( 'NONE', *, *, #2461, .T. ) ;
#132 = DIRECTION ( 'NONE',  ( -1.000000000000000000, 0.000000000000000000, 0.000000000000000000 ) ) ;
#133 = EDGE_LOOP ( 'NONE', ( #2377, #832, #2037, #1240 ) ) ;
#134 = CARTESIAN_POINT ( 'NONE',  ( 0.4899999999999999911, 0.000000000000000000, -18.30000000000000071 ) ) ;
#135 = VECTOR ( 'NONE', #1621, 1000.000000000000000 ) ;
#136 = CARTESIAN_POINT ( 'NONE',  ( -0.6928203230275999935, -0.1000000000000000056, -8.500000000000000000 ) ) ;
#137 = ORIENTED_EDGE ( 'NONE', *, *, #1358, .F. ) ;
#138 = CARTESIAN_POINT ( 'NONE',  ( -3.783021279348000032, -3.181980515339000171, -18.39999999999999858 ) ) ;
#140 = CARTESIAN_POINT ( 'NONE',  ( -3.783021279348000032, 3.181980515339000171, -13.90000000000000213 ) ) ;
#139 = CARTESIAN_POINT ( 'NONE',  ( 0.000000000000000000, 4.412614758447275243, -3.062459713305543119 ) ) ;
#141 = CARTESIAN_POINT ( 'NONE',  ( 3.783021279348000032, 3.181980515339000171, -18.39999999999999858 ) ) ;
#142 = VECTOR ( 'NONE', #1925, 1000.000000000000000 ) ;
#143 = ADVANCED_FACE ( 'NONE', ( #1160 ), #2150, .F. ) ;
#144 = ORIENTED_EDGE ( 'NONE', *, *, #2611, .F. ) ;
#145 = AXIS2_PLACEMENT_3D ( 'NONE', #1690, #323, #151 ) ;
#146 = DIRECTION ( 'NONE',  ( 0.7071067811865975328, -0.7071067811864976127, 0.000000000000000000 ) ) ;
#147 = UNCERTAINTY_MEASURE_WITH_UNIT (LENGTH_MEASURE( 1.000000000000000082E-05 ), #1962, 'distance_accuracy_value', 'NONE');
#148 = AXIS2_PLACEMENT_3D ( 'NONE', #2513, #984, #1838 ) ;
#149 = ORIENTED_EDGE ( 'NONE', *, *, #1447, .F. ) ;
#150 = CARTESIAN_POINT ( 'NONE',  ( 0.000000000000000000, 0.000000000000000000, -3.746499999999999719 ) ) ;
#151 = DIRECTION ( 'NONE',  ( -0.7071067811864976127, -0.7071067811865975328, 0.000000000000000000 ) ) ;
#152 = CARTESIAN_POINT ( 'NONE',  ( 3.783021279348000032, 3.181980515339000171, -18.39999999999999858 ) ) ;
#153 = VECTOR ( 'NONE', #564, 1000.000000000000000 ) ;
#154 = ORIENTED_EDGE ( 'NONE', *, *, #94, .T. ) ;
#155 = CARTESIAN_POINT ( 'NONE',  ( 0.000000000000000000, 0.1000000000000000056, -3.500000000000000000 ) ) ;
#156 = CARTESIAN_POINT ( 'NONE',  ( 4.176121042717841902, -0.9905942845604022162, -4.067248716646133744 ) ) ;
#157 = CIRCLE ( 'NONE', #2439, 1.000000000000000000 ) ;
#158 = UNCERTAINTY_MEASURE_WITH_UNIT (LENGTH_MEASURE( 1.000000000000000082E-05 ), #1384, 'distance_accuracy_value', 'NONE');
#160 = DIRECTION ( 'NONE',  ( -0.000000000000000000, 0.000000000000000000, 1.000000000000000000 ) ) ;
#159 = DIRECTION ( 'NONE',  ( -0.000000000000000000, -0.000000000000000000, -1.000000000000000000 ) ) ;
#161 = PRESENTATION_LAYER_ASSIGNMENT (  '', '', ( #2224 ) ) ;
#162 = PLANE ( 'NONE',  #380 ) ;
#163 = EDGE_LOOP ( 'NONE', ( #766, #2822, #2601, #363 ) ) ;
#164 = EDGE_CURVE ( 'NONE', #1035, #2767, #2653, .T. ) ;
#165 = DIRECTION ( 'NONE',  ( 0.000000000000000000, 0.000000000000000000, -1.000000000000000000 ) ) ;
#166 = VERTEX_POINT ( 'NONE', #1372 ) ;
#168 = DIRECTION ( 'NONE',  ( 0.000000000000000000, 1.000000000000000000, 0.000000000000000000 ) ) ;
#167 = FILL_AREA_STYLE ('',( #1288 ) ) ;
#169 = FACE_OUTER_BOUND ( 'NONE', #2082, .T. ) ;
#170 = EDGE_CURVE ( 'NONE', #534, #1786, #2604, .T. ) ;
#171 = SURFACE_SIDE_STYLE ('',( #2507 ) ) ;
#172 = ORIENTED_EDGE ( 'NONE', *, *, #2354, .T. ) ;
#173 = DIRECTION ( 'NONE',  ( 0.7071067811865975328, -0.7071067811864976127, 0.000000000000000000 ) ) ;
#174 = DIRECTION ( 'NONE',  ( 0.000000000000000000, 1.000000000000000000, 0.000000000000000000 ) ) ;
#176 =( NAMED_UNIT ( * ) PLANE_ANGLE_UNIT ( ) SI_UNIT ( $, .RADIAN. ) );
#175 = DIRECTION ( 'NONE',  ( 0.000000000000000000, 1.000000000000000000, 1.807003620802685758E-16 ) ) ;
#177 = CARTESIAN_POINT ( 'NONE',  ( 8.583999999999997854, 4.291999999999999815, -3.512600119928971587 ) ) ;
#178 = ORIENTED_EDGE ( 'NONE', *, *, #463, .T. ) ;
#179 = DIRECTION ( 'NONE',  ( -0.000000000000000000, -0.000000000000000000, -1.000000000000000000 ) ) ;
#180 = PRODUCT_DEFINITION ( 'UNKNOWN', '', #1495, #2093 ) ;
#181 = ORIENTED_EDGE ( 'NONE', *, *, #2636, .T. ) ;
#183 = CARTESIAN_POINT ( 'NONE',  ( -4.799999999931969796, 0.000000000000000000, -6.485472490339816432 ) ) ;
#182 = DIRECTION ( 'NONE',  ( 1.000000000000000000, 0.000000000000000000, 4.818676321845661878E-16 ) ) ;
#184 = DIRECTION ( 'NONE',  ( -0.7071067811865975328, 0.7071067811864976127, 0.000000000000000000 ) ) ;
#185 = PLANE ( 'NONE',  #609 ) ;
#186 = EDGE_CURVE ( 'NONE', #2034, #441, #2151, .T. ) ;
#187 = ORIENTED_EDGE ( 'NONE', *, *, #1538, .F. ) ;
#188 = CARTESIAN_POINT ( 'NONE',  ( 0.000000000000000000, 0.1000000000000000056, -3.500000000000000000 ) ) ;
#189 = DIRECTION ( 'NONE',  ( 0.000000000000000000, 0.000000000000000000, -1.000000000000000000 ) ) ;
#190 = PRESENTATION_STYLE_ASSIGNMENT (( #450 ) ) ;
#191 = DIRECTION ( 'NONE',  ( 0.000000000000000000, 0.000000000000000000, -1.000000000000000000 ) ) ;
#192 = ORIENTED_EDGE ( 'NONE', *, *, #1868, .F. ) ;
#193 = DIRECTION ( 'NONE',  ( 0.000000000000000000, 0.000000000000000000, 1.000000000000000000 ) ) ;
#194 = AXIS2_PLACEMENT_3D ( 'NONE', #851, #241, #2617 ) ;
#195 = VERTEX_POINT ( 'NONE', #1575 ) ;
#197 = FACE_OUTER_BOUND ( 'NONE', #2458, .T. ) ;
#196 = DIRECTION ( 'NONE',  ( -0.7071067811864976127, -0.7071067811865975328, 0.000000000000000000 ) ) ;
#198 = VECTOR ( 'NONE', #2538, 1000.000000000000114 ) ;
#199 = CARTESIAN_POINT ( 'NONE',  ( 4.205389129438561469, 0.8578847649888519111, -3.746499999999976183 ) ) ;
#200 = DIRECTION ( 'NONE',  ( 0.7071067811864976127, 0.7071067811865975328, -0.000000000000000000 ) ) ;
#201 = VECTOR ( 'NONE', #315, 1000.000000000000114 ) ;
#202 = VERTEX_POINT ( 'NONE', #2243 ) ;
#203 = DIRECTION ( 'NONE',  ( -0.3420201433343645347, 4.188538737783484289E-17, 0.9396926207827434041 ) ) ;
#204 = CIRCLE ( 'NONE', #1762, 4.412614758450672525 ) ;
#205 = CARTESIAN_POINT ( 'NONE',  ( 0.9949874371065999812, -0.1000000000000000056, -8.500000000000000000 ) ) ;
#206 = ADVANCED_FACE ( 'NONE', ( #1500 ), #1770, .T. ) ;
#207 = DIRECTION ( 'NONE',  ( -0.7071067811864976127, -0.7071067811865975328, 0.000000000000000000 ) ) ;
#208 = MECHANICAL_DESIGN_GEOMETRIC_PRESENTATION_REPRESENTATION (  '', ( #1721 ), #1395 ) ;
#209 = AXIS2_PLACEMENT_3D ( 'NONE', #2444, #2235, #1620 ) ;
#210 = ORIENTED_EDGE ( 'NONE', *, *, #2047, .T. ) ;
#211 = DIRECTION ( 'NONE',  ( -1.000000000000000000, 0.000000000000000000, 0.000000000000000000 ) ) ;
#212 = ORIENTED_EDGE ( 'NONE', *, *, #373, .F. ) ;
#213 = CARTESIAN_POINT ( 'NONE',  ( -2.580939751330999954, -3.181980515339000171, -38.50000000000000000 ) ) ;
#214 = PLANE ( 'NONE',  #1025 ) ;
#215 = FACE_OUTER_BOUND ( 'NONE', #1103, .T. ) ;
#216 = ORIENTED_EDGE ( 'NONE', *, *, #407, .T. ) ;
#217 = FILL_AREA_STYLE ('',( #2179 ) ) ;
#218 = CARTESIAN_POINT ( 'NONE',  ( -0.8944271910455368069, 0.1000000000000000056, -3.499999999987039700 ) ) ;
#219 = EDGE_CURVE ( 'NONE', #529, #2650, #1105, .T. ) ;
#220 = FACE_OUTER_BOUND ( 'NONE', #2019, .T. ) ;
#221 = VERTEX_POINT ( 'NONE', #1860 ) ;
#222 = ADVANCED_FACE ( 'NONE', ( #960 ), #2314, .F. ) ;
#223 = DIRECTION ( 'NONE',  ( 0.7071067811865975328, -0.7071067811864976127, -0.000000000000000000 ) ) ;
#224 = ORIENTED_EDGE ( 'NONE', *, *, #60, .T. ) ;
#225 = CARTESIAN_POINT ( 'NONE',  ( -4.205389129438561469, -0.8578847649888502458, -4.737100000000023847 ) ) ;
#226 = CARTESIAN_POINT ( 'NONE',  ( 0.6928203230275999935, 0.1000000000000000056, -8.500000000000000000 ) ) ;
#227 = EDGE_LOOP ( 'NONE', ( #2279, #1718, #1485, #2172 ) ) ;
#228 = PRESENTATION_STYLE_ASSIGNMENT (( #1540 ) ) ;
#229 = DIRECTION ( 'NONE',  ( 0.000000000000000000, 0.000000000000000000, 1.000000000000000000 ) ) ;
#230 = STYLED_ITEM ( 'NONE', ( #2463 ), #222 ) ;
#231 = SURFACE_SIDE_STYLE ('',( #2193 ) ) ;
#232 =( GEOMETRIC_REPRESENTATION_CONTEXT ( 3 ) GLOBAL_UNCERTAINTY_ASSIGNED_CONTEXT ( ( #2761 ) ) GLOBAL_UNIT_ASSIGNED_CONTEXT ( ( #1579, #706, #2468 ) ) REPRESENTATION_CONTEXT ( 'NONE', 'WORKASPACE' ) );
#233 = CARTESIAN_POINT ( 'NONE',  ( 0.000000000000000000, 0.000000000000000000, -3.699999999980718712 ) ) ;
#234 = ORIENTED_EDGE ( 'NONE', *, *, #642, .T. ) ;
#235 = ORIENTED_EDGE ( 'NONE', *, *, #2807, .T. ) ;
#236 = DIRECTION ( 'NONE',  ( 0.000000000000000000, 0.000000000000000000, -1.000000000000000000 ) ) ;
#237 = CARTESIAN_POINT ( 'NONE',  ( 0.000000000000000000, -0.4900000000000001021, -18.30000000000000071 ) ) ;
#238 = AXIS2_PLACEMENT_3D ( 'NONE', #2568, #1458, #1921 ) ;
#239 = EDGE_LOOP ( 'NONE', ( #532, #2520, #750, #2786 ) ) ;
#240 = DIRECTION ( 'NONE',  ( -0.000000000000000000, -1.000000000000000000, 0.000000000000000000 ) ) ;
#241 = DIRECTION ( 'NONE',  ( -2.409338160922831432E-16, 0.000000000000000000, 1.000000000000000000 ) ) ;
#242 = CARTESIAN_POINT ( 'NONE',  ( 0.000000000000000000, 4.412614758428053285, -5.421140286650980578 ) ) ;
#243 = AXIS2_PLACEMENT_3D ( 'NONE', #2445, #488, #6 ) ;
#244 = AXIS2_PLACEMENT_3D ( 'NONE', #2638, #1129, #1981 ) ;
#245 = DIRECTION ( 'NONE',  ( 0.000000000000000000, -1.000000000000000000, 0.000000000000000000 ) ) ;
#246 = VECTOR ( 'NONE', #229, 1000.000000000000000 ) ;
#247 = ORIENTED_EDGE ( 'NONE', *, *, #1341, .T. ) ;
#248 = STYLED_ITEM ( 'NONE', ( #2706 ), #2182 ) ;
#249 = VERTEX_POINT ( 'NONE', #338 ) ;
#250 = EDGE_CURVE ( 'NONE', #2196, #2325, #1844, .T. ) ;
#251 = CARTESIAN_POINT ( 'NONE',  ( 2.580939751330999954, 3.181980515339000171, -38.50000000000000000 ) ) ;
#252 = ORIENTED_EDGE ( 'NONE', *, *, #2410, .T. ) ;
#253 = CARTESIAN_POINT ( 'NONE',  ( 0.000000000000000000, 0.000000000000000000, -3.500000000000000000 ) ) ;
#254 = EDGE_CURVE ( 'NONE', #395, #28, #2649, .T. ) ;
#255 = DIRECTION ( 'NONE',  ( -0.000000000000000000, -0.000000000000000000, 1.000000000000000000 ) ) ;
#256 = CARTESIAN_POINT ( 'NONE',  ( 3.181980515339000171, -3.783021279348000032, -38.50000000000000000 ) ) ;
#257 = DIRECTION ( 'NONE',  ( 1.000000000000000000, 0.000000000000000000, 0.000000000000000000 ) ) ;
#258 = CARTESIAN_POINT ( 'NONE',  ( 8.825229516856104794, 4.412614758428053285, -5.421140286650980578 ) ) ;
#259 = ORIENTED_EDGE ( 'NONE', *, *, #435, .F. ) ;
#260 = VERTEX_POINT ( 'NONE', #1644 ) ;
#261 = CARTESIAN_POINT ( 'NONE',  ( -3.181980515339000171, -3.783021279348000032, -13.90000000000000036 ) ) ;
#262 = ORIENTED_EDGE ( 'NONE', *, *, #761, .F. ) ;
#263 =( NAMED_UNIT ( * ) PLANE_ANGLE_UNIT ( ) SI_UNIT ( $, .RADIAN. ) );
#264 =( NAMED_UNIT ( * ) PLANE_ANGLE_UNIT ( ) SI_UNIT ( $, .RADIAN. ) );
#265 = DIRECTION ( 'NONE',  ( 0.000000000000000000, 0.000000000000000000, 1.000000000000000000 ) ) ;
#266 = EDGE_CURVE ( 'NONE', #1394, #2300, #2053, .T. ) ;
#267 = DIRECTION ( 'NONE',  ( 1.224646799147352714E-16, 1.000000000000000000, 0.000000000000000000 ) ) ;
#268 = DIRECTION ( 'NONE',  ( 1.000000000000000000, 0.000000000000000000, 0.000000000000000000 ) ) ;
#269 = LINE ( 'NONE', #939, #2023 ) ;
#270 = VERTEX_POINT ( 'NONE', #79 ) ;
#271 = ORIENTED_EDGE ( 'NONE', *, *, #336, .F. ) ;
#272 = DIRECTION ( 'NONE',  ( 1.000000000000000000, 0.000000000000000000, 0.000000000000000000 ) ) ;
#273 = PRODUCT_DEFINITION_SHAPE ( 'NONE', 'NONE',  #180 ) ;
#274 = ORIENTED_EDGE ( 'NONE', *, *, #2217, .T. ) ;
#275 = CARTESIAN_POINT ( 'NONE',  ( 0.000000000000000000, 0.000000000000000000, -8.500000000000000000 ) ) ;
#276 = CARTESIAN_POINT ( 'NONE',  ( 3.783021279348000032, -3.181980515339000171, -18.39999999999999858 ) ) ;
#277 = CARTESIAN_POINT ( 'NONE',  ( 4.279789577806753620, -0.5710670083825132304, -5.055734180908155295 ) ) ;
#278 = AXIS2_PLACEMENT_3D ( 'NONE', #1527, #1148, #1374 ) ;
#279 = DIRECTION ( 'NONE',  ( -0.000000000000000000, -0.000000000000000000, 1.000000000000000000 ) ) ;
#280 = CARTESIAN_POINT ( 'NONE',  ( 0.000000000000000000, 0.000000000000000000, -3.746499999999999719 ) ) ;
#281 = AXIS2_PLACEMENT_3D ( 'NONE', #961, #1363, #1190 ) ;
#282 = ADVANCED_FACE ( 'NONE', ( #1445 ), #2508, .F. ) ;
#283 = DIRECTION ( 'NONE',  ( 1.000000000000000000, 0.000000000000000000, 0.000000000000000000 ) ) ;
#284 = AXIS2_PLACEMENT_3D ( 'NONE', #2087, #1663, #2307 ) ;
#285 = ORIENTED_EDGE ( 'NONE', *, *, #2317, .F. ) ;
#286 = EDGE_CURVE ( 'NONE', #2687, #1083, #2690, .T. ) ;
#287 = CARTESIAN_POINT ( 'NONE',  ( 0.1000000000000000056, -0.6928203230275754576, -4.500000000000000888 ) ) ;
#288 = CIRCLE ( 'NONE', #1434, 0.4899999999999999911 ) ;
#289 = CIRCLE ( 'NONE', #2169, 4.799999999999999822 ) ;
#290 = ORIENTED_EDGE ( 'NONE', *, *, #1597, .F. ) ;
#291 = VECTOR ( 'NONE', #1897, 1000.000000000000114 ) ;
#292 = EDGE_LOOP ( 'NONE', ( #2682, #959, #470, #963 ) ) ;
#293 = DIRECTION ( 'NONE',  ( 0.000000000000000000, 0.000000000000000000, 1.000000000000000000 ) ) ;
#294 = CIRCLE ( 'NONE', #853, 0.9000000000582986104 ) ;
#295 = CYLINDRICAL_SURFACE ( 'NONE', #1530, 4.150000000000000355 ) ;
#296 = CARTESIAN_POINT ( 'NONE',  ( 7.705477660235146574E-16, -6.291999999999999815, -4.737099999999999866 ) ) ;
#297 = B_SPLINE_CURVE_WITH_KNOTS ( 'NONE', 3,
 ( #412, #1976, #888, #613 ),
 .UNSPECIFIED., .F., .F.,
 ( 4, 4 ),
 ( 4.068473215866434957E-15, 0.0002839812128152176414 ),
 .UNSPECIFIED. ) ;
#298 = ORIENTED_EDGE ( 'NONE', *, *, #1677, .T. ) ;
#299 = CARTESIAN_POINT ( 'NONE',  ( 0.000000000000000000, 0.000000000000000000, -4.500000000000000888 ) ) ;
#300 = LINE ( 'NONE', #57, #473 ) ;
#301 = ADVANCED_FACE ( 'NONE', ( #2363 ), #798, .T. ) ;
#302 = ORIENTED_EDGE ( 'NONE', *, *, #1782, .T. ) ;
#303 = CARTESIAN_POINT ( 'NONE',  ( -0.1000000000000000056, -0.6928203230275999935, -8.500000000000000000 ) ) ;
#304 = EDGE_CURVE ( 'NONE', #763, #202, #2768, .T. ) ;
#305 = ORIENTED_EDGE ( 'NONE', *, *, #40, .T. ) ;
#306 = LINE ( 'NONE', #533, #986 ) ;
#307 = VERTEX_POINT ( 'NONE', #1676 ) ;
#308 =( LENGTH_UNIT ( ) NAMED_UNIT ( * ) SI_UNIT ( .MILLI., .METRE. ) );
#309 = DIRECTION ( 'NONE',  ( 1.000000000000000000, 0.000000000000000000, 0.000000000000000000 ) ) ;
#310 = DIRECTION ( 'NONE',  ( 0.000000000000000000, 0.000000000000000000, 1.000000000000000000 ) ) ;
#311 = PLANE ( 'NONE',  #522 ) ;
#312 = CARTESIAN_POINT ( 'NONE',  ( -1.080778907959927583E-15, 4.412614758444671992, -3.062459713303359532 ) ) ;
#313 = CARTESIAN_POINT ( 'NONE',  ( 0.6928203230275754576, -0.1000000000000000056, -4.500000000000000888 ) ) ;
#314 = EDGE_LOOP ( 'NONE', ( #1520, #2719, #1546, #1157, #1595 ) ) ;
#315 = DIRECTION ( 'NONE',  ( -0.7071067811864976127, -0.7071067811865975328, 0.000000000000000000 ) ) ;
#316 = EDGE_CURVE ( 'NONE', #333, #1134, #2157, .T. ) ;
#317 = MECHANICAL_DESIGN_GEOMETRIC_PRESENTATION_REPRESENTATION (  '', ( #2457 ), #776 ) ;
#318 = ORIENTED_EDGE ( 'NONE', *, *, #1410, .T. ) ;
#319 = AXIS2_PLACEMENT_3D ( 'NONE', #1491, #1274, #1888 ) ;
#320 = CARTESIAN_POINT ( 'NONE',  ( 0.1000000000000009354, -0.9949874371066197432, -3.500000000000000000 ) ) ;
#321 = ORIENTED_EDGE ( 'NONE', *, *, #1694, .F. ) ;
#322 = CARTESIAN_POINT ( 'NONE',  ( 0.000000000000000000, 0.000000000000000000, -11.90000000000000036 ) ) ;
#323 = DIRECTION ( 'NONE',  ( -0.7071067811865975328, 0.7071067811864976127, 0.000000000000000000 ) ) ;
#324 = CARTESIAN_POINT ( 'NONE',  ( 4.214360403353824225, -0.8139071827538402193, -4.813271406825093912 ) ) ;
#325 = VERTEX_POINT ( 'NONE', #1723 ) ;
#326 = CARTESIAN_POINT ( 'NONE',  ( 0.000000000000000000, -0.3900000000000000688, -18.30000000000000071 ) ) ;
#327 = CARTESIAN_POINT ( 'NONE',  ( -8.583999999999999631, 4.291999999999998039, -3.746499999999999275 ) ) ;
#328 = CARTESIAN_POINT ( 'NONE',  ( -4.205389129438561469, -0.8578847649888504678, -3.746499999999976627 ) ) ;
#329 = AXIS2_PLACEMENT_3D ( 'NONE', #2506, #366, #1052 ) ;
#330 = CARTESIAN_POINT ( 'NONE',  ( -3.783021279348000032, 3.181980515339000171, -18.39999999999999858 ) ) ;
#331 = PLANE ( 'NONE',  #1944 ) ;
#332 = AXIS2_PLACEMENT_3D ( 'NONE', #2292, #1821, #2686 ) ;
#333 = VERTEX_POINT ( 'NONE', #1920 ) ;
#334 = CIRCLE ( 'NONE', #2167, 4.291999999999999815 ) ;
#335 =( NAMED_UNIT ( * ) PLANE_ANGLE_UNIT ( ) SI_UNIT ( $, .RADIAN. ) );
#336 = EDGE_CURVE ( 'NONE', #2704, #2282, #1290, .T. ) ;
#337 = EDGE_LOOP ( 'NONE', ( #2471, #2608, #1270, #1489 ) ) ;
#338 = CARTESIAN_POINT ( 'NONE',  ( -3.181980515339281723, -2.580939751330739718, -18.39999999999999858 ) ) ;
#339 = STYLED_ITEM ( 'NONE', ( #190 ), #2576 ) ;
#340 = DIRECTION ( 'NONE',  ( 1.000000000000000000, 0.000000000000000000, 0.000000000000000000 ) ) ;
#341 = PRESENTATION_LAYER_ASSIGNMENT (  '', '', ( #2717 ) ) ;
#342 = ORIENTED_EDGE ( 'NONE', *, *, #2141, .T. ) ;
#343 = CARTESIAN_POINT ( 'NONE',  ( 4.187683984775333101, -0.9446761686138455127, -3.896827120738674211 ) ) ;
#345 = PLANE ( 'NONE',  #2286 ) ;
#344 = CARTESIAN_POINT ( 'NONE',  ( 0.000000000000000000, 0.000000000000000000, -4.500000000000000888 ) ) ;
#346 = DIRECTION ( 'NONE',  ( -0.000000000000000000, 0.000000000000000000, 1.000000000000000000 ) ) ;
#347 = ORIENTED_EDGE ( 'NONE', *, *, #1155, .T. ) ;
#348 = UNCERTAINTY_MEASURE_WITH_UNIT (LENGTH_MEASURE( 1.000000000000000082E-05 ), #2208, 'distance_accuracy_value', 'NONE');
#349 = ORIENTED_EDGE ( 'NONE', *, *, #2552, .F. ) ;
#350 = DIRECTION ( 'NONE',  ( 1.000000000000000000, 0.000000000000000000, 4.818676321845661878E-16 ) ) ;
#351 = PLANE ( 'NONE',  #56 ) ;
#352 = CARTESIAN_POINT ( 'NONE',  ( 3.181980515339281723, 2.580939751330739718, -18.39999999999999858 ) ) ;
#353 = ADVANCED_FACE ( 'NONE', ( #197 ), #1050, .F. ) ;
#354 = EDGE_LOOP ( 'NONE', ( #262, #1332, #2331, #2362 ) ) ;
#355 = CARTESIAN_POINT ( 'NONE',  ( 3.181980515339000171, -2.580939751330999954, -13.90000000000000213 ) ) ;
#356 = EDGE_CURVE ( 'NONE', #500, #1035, #2422, .T. ) ;
#357 = UNCERTAINTY_MEASURE_WITH_UNIT (LENGTH_MEASURE( 1.000000000000000082E-05 ), #646, 'distance_accuracy_value', 'NONE');
#359 = LINE ( 'NONE', #2793, #2554 ) ;
#358 = DIRECTION ( 'NONE',  ( 0.000000000000000000, 0.000000000000000000, 1.000000000000000000 ) ) ;
#360 = CARTESIAN_POINT ( 'NONE',  ( -4.354300872168230363, 2.428612866367525893E-13, -3.251200000000004309 ) ) ;
#361 = EDGE_LOOP ( 'NONE', ( #2328, #1671, #2798, #1399, #2272 ) ) ;
#362 =( NAMED_UNIT ( * ) SI_UNIT ( $, .STERADIAN. ) SOLID_ANGLE_UNIT ( ) );
#363 = ORIENTED_EDGE ( 'NONE', *, *, #495, .T. ) ;
#364 = LINE ( 'NONE', #183, #690 ) ;
#365 = AXIS2_PLACEMENT_3D ( 'NONE', #1905, #827, #811 ) ;
#366 = DIRECTION ( 'NONE',  ( 0.000000000000000000, 0.000000000000000000, -1.000000000000000000 ) ) ;
#367 = CARTESIAN_POINT ( 'NONE',  ( -0.1000000000000000056, 0.6928203230223497489, -3.699999999983298871 ) ) ;
#368 = B_SPLINE_CURVE_WITH_KNOTS ( 'NONE', 3,
 ( #535, #50, #2451, #523 ),
 .UNSPECIFIED., .F., .F.,
 ( 4, 4 ),
 ( 4.068550186905358800E-15, 0.0002839812128152176414 ),
 .UNSPECIFIED. ) ;
#369 = VERTEX_POINT ( 'NONE', #1507 ) ;
#370 = CARTESIAN_POINT ( 'NONE',  ( 0.000000000000000000, 0.1000000000000000056, -8.500000000000000000 ) ) ;
#372 = FACE_OUTER_BOUND ( 'NONE', #2817, .T. ) ;
#371 = DIRECTION ( 'NONE',  ( 1.000000000000000000, 0.000000000000000000, 0.000000000000000000 ) ) ;
#373 = EDGE_CURVE ( 'NONE', #490, #1999, #2606, .T. ) ;
#374 = DIRECTION ( 'NONE',  ( -1.000000000000000000, 0.000000000000000000, 0.000000000000000000 ) ) ;
#375 = PRESENTATION_LAYER_ASSIGNMENT (  '', '', ( #1383 ) ) ;
#376 = VERTEX_POINT ( 'NONE', #1241 ) ;
#377 = ADVANCED_FACE ( 'NONE', ( #1952 ), #575, .F. ) ;
#378 = VECTOR ( 'NONE', #1401, 1000.000000000000000 ) ;
#379 =( LENGTH_UNIT ( ) NAMED_UNIT ( * ) SI_UNIT ( .MILLI., .METRE. ) );
#380 = AXIS2_PLACEMENT_3D ( 'NONE', #1699, #191, #857 ) ;
#381 = ORIENTED_EDGE ( 'NONE', *, *, #1504, .T. ) ;
#383 = CARTESIAN_POINT ( 'NONE',  ( -0.1000000000000000056, 0.8944271910415488858, -3.499999999991002753 ) ) ;
#382 = LINE ( 'NONE', #2386, #1903 ) ;
#384 = DIRECTION ( 'NONE',  ( 1.000000000000000000, 0.000000000000000000, 0.000000000000000000 ) ) ;
#385 = FILL_AREA_STYLE ('',( #1922 ) ) ;
#386 = VECTOR ( 'NONE', #2465, 1000.000000000000000 ) ;
#387 = EDGE_LOOP ( 'NONE', ( #1425, #1074, #565, #2765, #1789, #1605, #2626, #882, #861, #2804, #1950, #2546, #1853, #1224, #1707, #1061, #1801 ) ) ;
#388 = DIRECTION ( 'NONE',  ( 0.000000000000000000, 1.000000000000000000, 0.000000000000000000 ) ) ;
#389 = CIRCLE ( 'NONE', #2028, 1.000000000000000000 ) ;
#391 = CARTESIAN_POINT ( 'NONE',  ( 0.8272846263177477955, 0.09999999999395624284, -3.566726817255829740 ) ) ;
#390 = FACE_OUTER_BOUND ( 'NONE', #2406, .T. ) ;
#392 = AXIS2_PLACEMENT_3D ( 'NONE', #538, #874, #590 ) ;
#393 = DIRECTION ( 'NONE',  ( 0.000000000000000000, 0.000000000000000000, 1.000000000000000000 ) ) ;
#394 = EDGE_CURVE ( 'NONE', #823, #1264, #1366, .T. ) ;
#395 = VERTEX_POINT ( 'NONE', #2110 ) ;
#396 = EDGE_CURVE ( 'NONE', #2200, #46, #778, .T. ) ;
#397 = ORIENTED_EDGE ( 'NONE', *, *, #1868, .T. ) ;
#398 = CARTESIAN_POINT ( 'NONE',  ( -4.329301249746997371, -0.3490790185549946800, -3.299088870088496606 ) ) ;
#399 = DIRECTION ( 'NONE',  ( -0.7071067811865975328, 0.7071067811864976127, 0.000000000000000000 ) ) ;
#400 = SURFACE_STYLE_USAGE ( .BOTH. , #171 ) ;
#401 = CARTESIAN_POINT ( 'NONE',  ( 2.375000000000000000, 2.908536147974963713E-16, -8.500000000000000000 ) ) ;
#402 = CARTESIAN_POINT ( 'NONE',  ( 4.187685032327868484, -0.9446710334648957819, -4.586781773600210776 ) ) ;
#404 = DIRECTION ( 'NONE',  ( 0.000000000000000000, 0.000000000000000000, -1.000000000000000000 ) ) ;
#403 = CARTESIAN_POINT ( 'NONE',  ( -3.181980515339011273, 3.783021279348011134, -13.90000000000000213 ) ) ;
#405 = CARTESIAN_POINT ( 'NONE',  ( 5.256184061940439666E-16, -4.291999999999999815, -3.512600119928970699 ) ) ;
#406 = ORIENTED_EDGE ( 'NONE', *, *, #1796, .T. ) ;
#407 = EDGE_CURVE ( 'NONE', #508, #2478, #735, .T. ) ;
#408 = CARTESIAN_POINT ( 'NONE',  ( 0.000000000000000000, 0.000000000000000000, -21.23797256770000175 ) ) ;
#409 = ORIENTED_EDGE ( 'NONE', *, *, #2375, .F. ) ;
#410 = CARTESIAN_POINT ( 'NONE',  ( 0.000000000000000000, 0.000000000000000000, -3.500000000000000000 ) ) ;
#411 = EDGE_CURVE ( 'NONE', #2593, #2008, #1744, .T. ) ;
#412 = CARTESIAN_POINT ( 'NONE',  ( -0.6928203230247083066, 0.1000000000000000056, -3.699999999978348164 ) ) ;
#413 = FACE_OUTER_BOUND ( 'NONE', #133, .T. ) ;
#414 = ORIENTED_EDGE ( 'NONE', *, *, #2636, .F. ) ;
#415 = DIRECTION ( 'NONE',  ( -0.000000000000000000, -0.000000000000000000, 1.000000000000000000 ) ) ;
#416 = DIRECTION ( 'NONE',  ( -0.000000000000000000, -0.000000000000000000, -1.000000000000000000 ) ) ;
#417 = AXIS2_PLACEMENT_3D ( 'NONE', #2145, #2347, #425 ) ;
#418 = FACE_OUTER_BOUND ( 'NONE', #337, .T. ) ;
#419 = CARTESIAN_POINT ( 'NONE',  ( 5.403894539799638902E-16, -4.412614758444671992, -3.062459713303359532 ) ) ;
#420 = VERTEX_POINT ( 'NONE', #134 ) ;
#421 = DIRECTION ( 'NONE',  ( 0.000000000000000000, 0.000000000000000000, 1.000000000000000000 ) ) ;
#422 =( GEOMETRIC_REPRESENTATION_CONTEXT ( 3 ) GLOBAL_UNCERTAINTY_ASSIGNED_CONTEXT ( ( #2558 ) ) GLOBAL_UNIT_ASSIGNED_CONTEXT ( ( #1161, #264, #1832 ) ) REPRESENTATION_CONTEXT ( 'NONE', 'WORKASPACE' ) );
#423 = EDGE_LOOP ( 'NONE', ( #726, #1244, #466, #1058, #1687 ) ) ;
#425 = DIRECTION ( 'NONE',  ( 0.000000000000000000, -1.000000000000000000, 0.000000000000000000 ) ) ;
#424 = DIRECTION ( 'NONE',  ( 0.7071067811865975328, -0.7071067811864976127, 0.000000000000000000 ) ) ;
#426 = VECTOR ( 'NONE', #812, 1000.000000000000000 ) ;
#427 = CARTESIAN_POINT ( 'NONE',  ( -1.000000000000000000, 0.000000000000000000, -3.500000000000000000 ) ) ;
#428 = DIRECTION ( 'NONE',  ( -1.000000000000000000, -1.224646799147353207E-16, 0.000000000000000000 ) ) ;
#429 = AXIS2_PLACEMENT_3D ( 'NONE', #1090, #912, #2397 ) ;
#430 = EDGE_CURVE ( 'NONE', #651, #2489, #2373, .T. ) ;
#431 = VERTEX_POINT ( 'NONE', #2753 ) ;
#432 = CARTESIAN_POINT ( 'NONE',  ( 0.1000000000000000056, 0.8272846263340676298, -3.566726817247456438 ) ) ;
#433 = AXIS2_PLACEMENT_3D ( 'NONE', #296, #2041, #2443 ) ;
#434 = CARTESIAN_POINT ( 'NONE',  ( 0.000000000000000000, 0.000000000000000000, -3.499999999974079401 ) ) ;
#435 = EDGE_CURVE ( 'NONE', #2571, #529, #364, .T. ) ;
#436 = CIRCLE ( 'NONE', #2527, 0.9906000000000003691 ) ;
#437 = DIRECTION ( 'NONE',  ( 0.000000000000000000, -1.000000000000000000, 0.000000000000000000 ) ) ;
#438 = CARTESIAN_POINT ( 'NONE',  ( 0.6928203230247081956, -0.1000000000000000056, -3.699999999978348164 ) ) ;
#439 = AXIS2_PLACEMENT_3D ( 'NONE', #1960, #2185, #2371 ) ;
#440 = AXIS2_PLACEMENT_3D ( 'NONE', #496, #2715, #526 ) ;
#441 = VERTEX_POINT ( 'NONE', #1063 ) ;
#442 = CARTESIAN_POINT ( 'NONE',  ( -4.799999999999999822, 0.000000000000000000, -13.90000000000000036 ) ) ;
#443 = ORIENTED_EDGE ( 'NONE', *, *, #316, .T. ) ;
#444 = DIRECTION ( 'NONE',  ( -0.000000000000000000, -0.000000000000000000, -1.000000000000000000 ) ) ;
#445 = PLANE ( 'NONE',  #896 ) ;
#446 = VERTEX_POINT ( 'NONE', #1079 ) ;
#447 = FILL_AREA_STYLE ('',( #1 ) ) ;
#448 = ADVANCED_FACE ( 'NONE', ( #926 ), #1419, .T. ) ;
#449 = CARTESIAN_POINT ( 'NONE',  ( 4.205389129438561469, 0.8578847649888519111, -3.746499999999976183 ) ) ;
#450 = SURFACE_STYLE_USAGE ( .BOTH. , #1281 ) ;
#451 = EDGE_CURVE ( 'NONE', #1318, #1525, #2198, .T. ) ;
#452 = EDGE_LOOP ( 'NONE', ( #946, #1238 ) ) ;
#453 = CARTESIAN_POINT ( 'NONE',  ( 4.223290117734528337, -0.7701333271986811058, -3.594510051310193521 ) ) ;
#454 = EDGE_LOOP ( 'NONE', ( #1455, #698, #1904, #234 ) ) ;
#455 = DIRECTION ( 'NONE',  ( 1.000000000000000000, 0.000000000000000000, 0.000000000000000000 ) ) ;
#456 = CARTESIAN_POINT ( 'NONE',  ( 0.8971572875253809309, -0.4485786437626905765, -18.39999999999999503 ) ) ;
#457 = ORIENTED_EDGE ( 'NONE', *, *, #940, .T. ) ;
#458 =( NAMED_UNIT ( * ) PLANE_ANGLE_UNIT ( ) SI_UNIT ( $, .RADIAN. ) );
#459 = LINE ( 'NONE', #2589, #1565 ) ;
#460 = DIRECTION ( 'NONE',  ( -0.000000000000000000, -0.000000000000000000, -1.000000000000000000 ) ) ;
#461 =( NAMED_UNIT ( * ) SI_UNIT ( $, .STERADIAN. ) SOLID_ANGLE_UNIT ( ) );
#462 = CARTESIAN_POINT ( 'NONE',  ( -3.181980515339114302, 2.580939751330885379, -13.90000000000000213 ) ) ;
#463 = EDGE_CURVE ( 'NONE', #114, #1594, #1167, .T. ) ;
#464 = ORIENTED_EDGE ( 'NONE', *, *, #2448, .T. ) ;
#465 = ADVANCED_FACE ( 'NONE', ( #2031 ), #596, .F. ) ;
#466 = ORIENTED_EDGE ( 'NONE', *, *, #2448, .F. ) ;
#467 = AXIS2_PLACEMENT_3D ( 'NONE', #1040, #2306, #2788 ) ;
#468 = DIRECTION ( 'NONE',  ( 1.000000000000000000, -0.000000000000000000, -0.000000000000000000 ) ) ;
#469 = AXIS2_PLACEMENT_3D ( 'NONE', #80, #974, #2233 ) ;
#470 = ORIENTED_EDGE ( 'NONE', *, *, #1569, .T. ) ;
#471 = SURFACE_STYLE_FILL_AREA ( #917 ) ;
#472 = CARTESIAN_POINT ( 'NONE',  ( 5.256184061940439666E-16, -4.291999999999999815, -4.970999880054582931 ) ) ;
#473 = VECTOR ( 'NONE', #965, 1000.000000000000114 ) ;
#474 = DIRECTION ( 'NONE',  ( 0.7071067811864976127, 0.7071067811865975328, 0.000000000000000000 ) ) ;
#475 = CARTESIAN_POINT ( 'NONE',  ( 8.665232575855936759, -4.332616287927968379, -5.201346295360965044 ) ) ;
#476 = VERTEX_POINT ( 'NONE', #116 ) ;
#477 = PRESENTATION_LAYER_ASSIGNMENT (  '', '', ( #1721 ) ) ;
#478 = EDGE_CURVE ( 'NONE', #1496, #59, #1333, .T. ) ;
#479 =( GEOMETRIC_REPRESENTATION_CONTEXT ( 3 ) GLOBAL_UNCERTAINTY_ASSIGNED_CONTEXT ( ( #147 ) ) GLOBAL_UNIT_ASSIGNED_CONTEXT ( ( #1962, #1521, #2144 ) ) REPRESENTATION_CONTEXT ( 'NONE', 'WORKASPACE' ) );
#480 = ORIENTED_EDGE ( 'NONE', *, *, #1694, .T. ) ;
#481 = MECHANICAL_DESIGN_GEOMETRIC_PRESENTATION_REPRESENTATION (  '', ( #2717 ), #479 ) ;
#482 = EDGE_CURVE ( 'NONE', #988, #1045, #837, .T. ) ;
#483 = DIRECTION ( 'NONE',  ( -0.7071067811865474617, -0.7071067811865474617, 0.000000000000000000 ) ) ;
#484 = VERTEX_POINT ( 'NONE', #2265 ) ;
#485 = FACE_OUTER_BOUND ( 'NONE', #2098, .T. ) ;
#486 = FACE_OUTER_BOUND ( 'NONE', #815, .T. ) ;
#487 = CARTESIAN_POINT ( 'NONE',  ( 0.000000000000000000, 6.291999999999999815, -4.737099999999999866 ) ) ;
#488 = DIRECTION ( 'NONE',  ( 0.000000000000000000, 0.000000000000000000, -1.000000000000000000 ) ) ;
#489 = ORIENTED_EDGE ( 'NONE', *, *, #1987, .T. ) ;
#490 = VERTEX_POINT ( 'NONE', #2658 ) ;
#491 = EDGE_CURVE ( 'NONE', #1113, #2242, #2470, .T. ) ;
#492 = EDGE_LOOP ( 'NONE', ( #1048, #2228, #2491, #347 ) ) ;
#493 = DIRECTION ( 'NONE',  ( -1.000000000000000000, 0.000000000000000000, 0.000000000000000000 ) ) ;
#494 = CARTESIAN_POINT ( 'NONE',  ( 3.181980515339042803, -3.783021279348042665, -38.50000000000000000 ) ) ;
#495 = EDGE_CURVE ( 'NONE', #260, #2815, #2697, .T. ) ;
#496 = CARTESIAN_POINT ( 'NONE',  ( -5.500000000000000000, 0.000000000000000000, -4.241799999999999571 ) ) ;
#497 = FILL_AREA_STYLE ('',( #1592 ) ) ;
#498 = CARTESIAN_POINT ( 'NONE',  ( 2.580939751330885379, 3.181980515339114302, -13.90000000000000213 ) ) ;
#499 =( GEOMETRIC_REPRESENTATION_CONTEXT ( 3 ) GLOBAL_UNCERTAINTY_ASSIGNED_CONTEXT ( ( #1683 ) ) GLOBAL_UNIT_ASSIGNED_CONTEXT ( ( #1147, #263, #1334 ) ) REPRESENTATION_CONTEXT ( 'NONE', 'WORKASPACE' ) );
#500 = VERTEX_POINT ( 'NONE', #527 ) ;
#501 = AXIS2_PLACEMENT_3D ( 'NONE', #84, #732, #1835 ) ;
#502 = ORIENTED_EDGE ( 'NONE', *, *, #2105, .T. ) ;
#503 = FACE_OUTER_BOUND ( 'NONE', #1303, .T. ) ;
#504 = ORIENTED_EDGE ( 'NONE', *, *, #478, .T. ) ;
#505 = FACE_OUTER_BOUND ( 'NONE', #227, .T. ) ;
#506 = CARTESIAN_POINT ( 'NONE',  ( 2.580939751330739718, -3.181980515339281723, -18.39999999999999858 ) ) ;
#507 = ADVANCED_FACE ( 'NONE', ( #938 ), #1807, .T. ) ;
#508 = VERTEX_POINT ( 'NONE', #1265 ) ;
#509 = DIRECTION ( 'NONE',  ( 0.000000000000000000, 1.000000000000000000, 0.000000000000000000 ) ) ;
#510 = DIRECTION ( 'NONE',  ( 0.000000000000000000, 0.000000000000000000, -1.000000000000000000 ) ) ;
#511 = STYLED_ITEM ( 'NONE', ( #531 ), #1085 ) ;
#512 = LINE ( 'NONE', #748, #2299 ) ;
#513 = EDGE_CURVE ( 'NONE', #1091, #1946, #1021, .T. ) ;
#514 = VECTOR ( 'NONE', #2280, 1000.000000000000000 ) ;
#515 = ORIENTED_EDGE ( 'NONE', *, *, #2695, .F. ) ;
#516 = VECTOR ( 'NONE', #1022, 1000.000000000000114 ) ;
#517 = MECHANICAL_DESIGN_GEOMETRIC_PRESENTATION_REPRESENTATION (  '', ( #248 ), #617 ) ;
#518 = ORIENTED_EDGE ( 'NONE', *, *, #2535, .F. ) ;
#519 = CYLINDRICAL_SURFACE ( 'NONE', #1804, 2.375000000000000000 ) ;
#520 = COLOUR_RGB ( '',0.6470588235294117974, 0.5176470588235293491, 0.000000000000000000 ) ;
#521 = ORIENTED_EDGE ( 'NONE', *, *, #2807, .F. ) ;
#522 = AXIS2_PLACEMENT_3D ( 'NONE', #1180, #921, #1578 ) ;
#523 = CARTESIAN_POINT ( 'NONE',  ( 0.8944271910455365848, -0.1000000000000000056, -3.499999999987039700 ) ) ;
#524 = LINE ( 'NONE', #934, #752 ) ;
#525 = ORIENTED_EDGE ( 'NONE', *, *, #2036, .F. ) ;
#526 = DIRECTION ( 'NONE',  ( 0.000000000000000000, 0.000000000000000000, -1.000000000000000000 ) ) ;
#527 = CARTESIAN_POINT ( 'NONE',  ( -0.1000000000000010048, 0.9949874371066197432, -3.500000000000000000 ) ) ;
#528 = CARTESIAN_POINT ( 'NONE',  ( -3.181980515339457583, 2.580939751330542542, -38.50000000000000000 ) ) ;
#529 = VERTEX_POINT ( 'NONE', #2135 ) ;
#530 = ADVANCED_FACE ( 'NONE', ( #2727 ), #597, .F. ) ;
#531 = PRESENTATION_STYLE_ASSIGNMENT (( #2079 ) ) ;
#532 = ORIENTED_EDGE ( 'NONE', *, *, #1030, .F. ) ;
#533 = CARTESIAN_POINT ( 'NONE',  ( -2.580939751330999954, 3.181980515339000171, -18.39999999999999858 ) ) ;
#534 = VERTEX_POINT ( 'NONE', #401 ) ;
#535 = CARTESIAN_POINT ( 'NONE',  ( 0.6928203230247081956, -0.1000000000000000056, -3.699999999978348164 ) ) ;
#536 = CARTESIAN_POINT ( 'NONE',  ( 4.261446455272123401, -0.6399963861433225487, -5.002766495742352326 ) ) ;
#537 = ORIENTED_EDGE ( 'NONE', *, *, #1866, .F. ) ;
#538 = CARTESIAN_POINT ( 'NONE',  ( 0.000000000000000000, 0.000000000000000000, -3.500000000000000000 ) ) ;
#539 = CARTESIAN_POINT ( 'NONE',  ( -8.825229516889343984, 4.412614758444670215, -3.062459713303359532 ) ) ;
#540 = CARTESIAN_POINT ( 'NONE',  ( 0.000000000000000000, 4.291999999999999815, -3.746499999999999719 ) ) ;
#541 = LINE ( 'NONE', #2488, #514 ) ;
#542 = EDGE_CURVE ( 'NONE', #1183, #651, #1497, .T. ) ;
#543 = CIRCLE ( 'NONE', #1373, 4.412614758428053285 ) ;
#544 = EDGE_LOOP ( 'NONE', ( #1002, #1515, #1760, #1439 ) ) ;
#545 =( NAMED_UNIT ( * ) PLANE_ANGLE_UNIT ( ) SI_UNIT ( $, .RADIAN. ) );
#546 = EDGE_CURVE ( 'NONE', #1843, #1054, #1681, .T. ) ;
#547 = DIRECTION ( 'NONE',  ( -1.000000000000000000, 0.000000000000000000, 0.000000000000000000 ) ) ;
#548 = CARTESIAN_POINT ( 'NONE',  ( -3.783021279348000032, -3.181980515339000171, -18.39999999999999858 ) ) ;
#549 = ORIENTED_EDGE ( 'NONE', *, *, #2745, .T. ) ;
#550 = DIRECTION ( 'NONE',  ( 0.7071067811864976127, 0.7071067811865975328, -0.000000000000000000 ) ) ;
#551 = COLOUR_RGB ( '',0.6470588235294117974, 0.5176470588235293491, 0.000000000000000000 ) ;
#552 = CIRCLE ( 'NONE', #1840, 1.000000000000000000 ) ;
#554 = CARTESIAN_POINT ( 'NONE',  ( -4.329571819421298429, -0.3477122947321405477, -5.185152481031062521 ) ) ;
#553 = CARTESIAN_POINT ( 'NONE',  ( 0.1000000000000000056, 0.6928203230241057886, -3.699999999978944132 ) ) ;
#555 = PLANE ( 'NONE',  #2519 ) ;
#556 = VECTOR ( 'NONE', #550, 1000.000000000000114 ) ;
#557 = VERTEX_POINT ( 'NONE', #2086 ) ;
#558 = ADVANCED_FACE ( 'NONE', ( #2773 ), #1612, .F. ) ;
#559 = PRESENTATION_STYLE_ASSIGNMENT (( #1858 ) ) ;
#560 = COLOUR_RGB ( '',0.6470588235294117974, 0.5176470588235293491, 0.000000000000000000 ) ;
#561 = ORIENTED_EDGE ( 'NONE', *, *, #1410, .F. ) ;
#562 = EDGE_CURVE ( 'NONE', #1329, #1587, #1219, .T. ) ;
#563 = FACE_OUTER_BOUND ( 'NONE', #2446, .T. ) ;
#564 = DIRECTION ( 'NONE',  ( 0.000000000000000000, 0.000000000000000000, 1.000000000000000000 ) ) ;
#565 = ORIENTED_EDGE ( 'NONE', *, *, #996, .T. ) ;
#566 = DIRECTION ( 'NONE',  ( 0.000000000000000000, -0.000000000000000000, -1.000000000000000000 ) ) ;
#567 = B_SPLINE_CURVE_WITH_KNOTS ( 'NONE', 3,
 ( #675, #893, #30, #1552 ),
 .UNSPECIFIED., .F., .F.,
 ( 4, 4 ),
 ( 4.697128301229454093E-15, 0.0002839812128145370877 ),
 .UNSPECIFIED. ) ;
#568 = CARTESIAN_POINT ( 'NONE',  ( -0.1000000000000000056, 0.000000000000000000, -4.500000000000000888 ) ) ;
#570 = CARTESIAN_POINT ( 'NONE',  ( 0.8944271910415486637, 0.1000000000000000056, -3.499999999991002753 ) ) ;
#569 = CARTESIAN_POINT ( 'NONE',  ( 4.354300872168229475, 2.428612866367525893E-13, -5.232399999999994833 ) ) ;
#571 = CARTESIAN_POINT ( 'NONE',  ( 5.305924668951599903E-16, -4.332616287933624299, -3.282253704606886036 ) ) ;
#572 = ORIENTED_EDGE ( 'NONE', *, *, #943, .F. ) ;
#573 = PLANE ( 'NONE',  #2436 ) ;
#574 = ORIENTED_EDGE ( 'NONE', *, *, #1358, .T. ) ;
#575 = PLANE ( 'NONE',  #365 ) ;
#576 = LINE ( 'NONE', #136, #976 ) ;
#577 = PLANE ( 'NONE',  #2666 ) ;
#578 = EDGE_CURVE ( 'NONE', #2478, #2767, #2685, .T. ) ;
#579 = VERTEX_POINT ( 'NONE', #1449 ) ;
#580 =( NAMED_UNIT ( * ) PLANE_ANGLE_UNIT ( ) SI_UNIT ( $, .RADIAN. ) );
#581 = DIRECTION ( 'NONE',  ( -0.000000000000000000, 1.000000000000000000, 0.000000000000000000 ) ) ;
#582 = EDGE_CURVE ( 'NONE', #2553, #2196, #567, .T. ) ;
#583 = UNCERTAINTY_MEASURE_WITH_UNIT (LENGTH_MEASURE( 1.000000000000000082E-05 ), #2095, 'distance_accuracy_value', 'NONE');
#585 = FACE_BOUND ( 'NONE', #78, .T. ) ;
#584 = CYLINDRICAL_SURFACE ( 'NONE', #1214, 5.500000000000000000 ) ;
#586 = CYLINDRICAL_SURFACE ( 'NONE', #703, 5.500000000000000000 ) ;
#587 = ORIENTED_EDGE ( 'NONE', *, *, #130, .F. ) ;
#588 = CARTESIAN_POINT ( 'NONE',  ( 0.000000000000000000, 0.000000000000000000, -3.500000000000000000 ) ) ;
#589 = ORIENTED_EDGE ( 'NONE', *, *, #1033, .T. ) ;
#591 = CARTESIAN_POINT ( 'NONE',  ( -0.1000000000000000056, 0.7600994779482358465, -3.633410905929952861 ) ) ;
#590 = DIRECTION ( 'NONE',  ( -1.000000000000000000, 0.000000000000000000, 0.000000000000000000 ) ) ;
#592 = AXIS2_PLACEMENT_3D ( 'NONE', #2684, #268, #510 ) ;
#593 = FILL_AREA_STYLE ('',( #1415 ) ) ;
#594 = DIRECTION ( 'NONE',  ( -0.7071067811865474617, 0.7071067811865474617, 0.000000000000000000 ) ) ;
#595 = ORIENTED_EDGE ( 'NONE', *, *, #1218, .T. ) ;
#596 =( BOUNDED_SURFACE ( )  B_SPLINE_SURFACE ( 3, 3, ( 
 ( #1405, #71, #539, #312 ),
 ( #2277, #1208, #2056, #2496 ),
 ( #2483, #1153, #951, #1607 ),
 ( #2291, #2073, #327, #99 ) ),
 .UNSPECIFIED., .F., .F., .F. ) 
 B_SPLINE_SURFACE_WITH_KNOTS ( ( 4, 4 ),
 ( 4, 4 ),
 ( 0.000000000000000000, 1.000000000000000000 ),
 ( 0.000000000000000000, 1.000000000000000000 ),
 .UNSPECIFIED. ) 
 GEOMETRIC_REPRESENTATION_ITEM ( )  RATIONAL_B_SPLINE_SURFACE ( (
 ( 1.000000000000000000, 0.3333333333333334259, 0.3333333333333334259, 1.000000000000000000),
 ( 0.9898718353400767223, 0.3299572784466923148, 0.3299572784466923148, 0.9898718353400767223),
 ( 0.9898718353400767223, 0.3299572784466923148, 0.3299572784466923148, 0.9898718353400767223),
 ( 1.000000000000000000, 0.3333333333333334259, 0.3333333333333334259, 1.000000000000000000) ) ) 
 REPRESENTATION_ITEM ( '' )  SURFACE ( )  );
#597 = PLANE ( 'NONE',  #653 ) ;
#598 = EDGE_CURVE ( 'NONE', #376, #1614, #1109, .T. ) ;
#599 = CARTESIAN_POINT ( 'NONE',  ( -4.329301249746994706, 0.3490790185549971780, -5.184511129911502536 ) ) ;
#601 = FILL_AREA_STYLE_COLOUR ( '', #1876 ) ;
#600 = CARTESIAN_POINT ( 'NONE',  ( 4.799999999999999822, 5.878304635907294211E-16, -13.90000000000000036 ) ) ;
#602 = SURFACE_SIDE_STYLE ('',( #2560 ) ) ;
#603 = AXIS2_PLACEMENT_3D ( 'NONE', #1391, #2454, #1367 ) ;
#604 = ADVANCED_FACE ( 'NONE', ( #878 ), #1115, .F. ) ;
#605 = MECHANICAL_DESIGN_GEOMETRIC_PRESENTATION_REPRESENTATION (  '', ( #930 ), #1298 ) ;
#606 = EDGE_LOOP ( 'NONE', ( #574, #2426, #1733, #2402, #105 ) ) ;
#607 = VECTOR ( 'NONE', #952, 1000.000000000000000 ) ;
#608 =( NAMED_UNIT ( * ) SI_UNIT ( $, .STERADIAN. ) SOLID_ANGLE_UNIT ( ) );
#609 = AXIS2_PLACEMENT_3D ( 'NONE', #2097, #123, #1020 ) ;
#610 = VERTEX_POINT ( 'NONE', #1941 ) ;
#612 = CARTESIAN_POINT ( 'NONE',  ( -4.354300872168230363, 2.428612866367525893E-13, -3.251200000000004309 ) ) ;
#611 = LINE ( 'NONE', #771, #1628 ) ;
#613 = CARTESIAN_POINT ( 'NONE',  ( -0.8944271910455368069, 0.1000000000000000056, -3.499999999987039700 ) ) ;
#614 = CARTESIAN_POINT ( 'NONE',  ( -4.187683984775333101, 0.9446761686138455127, -3.896827120738674211 ) ) ;
#615 = AXIS2_PLACEMENT_3D ( 'NONE', #1178, #1205, #111 ) ;
#616 = ORIENTED_EDGE ( 'NONE', *, *, #922, .F. ) ;
#617 =( GEOMETRIC_REPRESENTATION_CONTEXT ( 3 ) GLOBAL_UNCERTAINTY_ASSIGNED_CONTEXT ( ( #158 ) ) GLOBAL_UNIT_ASSIGNED_CONTEXT ( ( #1384, #754, #738 ) ) REPRESENTATION_CONTEXT ( 'NONE', 'WORKASPACE' ) );
#618 = DIRECTION ( 'NONE',  ( -0.7071067811864976127, -0.7071067811865975328, 0.000000000000000000 ) ) ;
#619 = FACE_OUTER_BOUND ( 'NONE', #97, .T. ) ;
#620 = CIRCLE ( 'NONE', #2221, 1.000000000000000000 ) ;
#621 = SURFACE_STYLE_USAGE ( .BOTH. , #2367 ) ;
#622 = COLOUR_RGB ( '',0.6470588235294117974, 0.5176470588235293491, 0.000000000000000000 ) ;
#623 = DIRECTION ( 'NONE',  ( -0.000000000000000000, 1.000000000000000000, 0.000000000000000000 ) ) ;
#624 = EDGE_CURVE ( 'NONE', #1083, #2687, #2344, .T. ) ;
#625 = VERTEX_POINT ( 'NONE', #1754 ) ;
#626 = DIRECTION ( 'NONE',  ( -1.000000000000000000, 0.000000000000000000, 0.000000000000000000 ) ) ;
#627 = ORIENTED_EDGE ( 'NONE', *, *, #2410, .F. ) ;
#628 = CARTESIAN_POINT ( 'NONE',  ( 3.783021279348000032, 3.181980515339000171, -38.50000000000000000 ) ) ;
#629 = PLANE ( 'NONE',  #2297 ) ;
#630 = CARTESIAN_POINT ( 'NONE',  ( 0.9799999999999998712, -0.4899999999999999356, -18.35857864376268722 ) ) ;
#631 = ORIENTED_EDGE ( 'NONE', *, *, #2785, .F. ) ;
#632 = DIRECTION ( 'NONE',  ( 0.000000000000000000, 0.000000000000000000, 1.000000000000000000 ) ) ;
#633 = FACE_OUTER_BOUND ( 'NONE', #2747, .T. ) ;
#634 = CARTESIAN_POINT ( 'NONE',  ( 0.7800000000000001377, -0.3900000000000001243, -18.39999999999999503 ) ) ;
#635 = ORIENTED_EDGE ( 'NONE', *, *, #562, .F. ) ;
#636 = ADVANCED_FACE ( 'NONE', ( #2407 ), #1966, .T. ) ;
#637 = CARTESIAN_POINT ( 'NONE',  ( 4.329571819421297540, -0.3477122947321462099, -3.298447518968938841 ) ) ;
#638 = EDGE_LOOP ( 'NONE', ( #1170, #572, #1342, #224 ) ) ;
#640 = CARTESIAN_POINT ( 'NONE',  ( -4.279789577806753620, -0.5710670083825112320, -3.427865819091842514 ) ) ;
#639 = FACE_OUTER_BOUND ( 'NONE', #638, .T. ) ;
#641 = PLANE ( 'NONE',  #697 ) ;
#642 = EDGE_CURVE ( 'NONE', #270, #249, #459, .T. ) ;
#643 = VECTOR ( 'NONE', #2729, 1000.000000000000000 ) ;
#644 = DIRECTION ( 'NONE',  ( 0.7071067811865975328, -0.7071067811864976127, 0.000000000000000000 ) ) ;
#645 = ORIENTED_EDGE ( 'NONE', *, *, #1623, .T. ) ;
#646 =( LENGTH_UNIT ( ) NAMED_UNIT ( * ) SI_UNIT ( .MILLI., .METRE. ) );
#647 = CARTESIAN_POINT ( 'NONE',  ( -8.665232575855936759, 4.332616287927967491, -5.201346295360965044 ) ) ;
#648 = APPLICATION_CONTEXT ( 'automotive_design' ) ;
#649 = DIRECTION ( 'NONE',  ( 1.000000000000000000, 0.000000000000000000, 0.000000000000000000 ) ) ;
#650 = CARTESIAN_POINT ( 'NONE',  ( 8.583999999999997854, -4.291999999999998927, -4.737099999999998978 ) ) ;
#651 = VERTEX_POINT ( 'NONE', #908 ) ;
#652 = CARTESIAN_POINT ( 'NONE',  ( 3.181980515339042803, 2.580939751331042586, -38.50000000000000000 ) ) ;
#653 = AXIS2_PLACEMENT_3D ( 'NONE', #1230, #618, #173 ) ;
#654 = ORIENTED_EDGE ( 'NONE', *, *, #1314, .T. ) ;
#655 = AXIS2_PLACEMENT_3D ( 'NONE', #1790, #255, #1139 ) ;
#656 = CARTESIAN_POINT ( 'NONE',  ( -0.1000000000000020040, 0.9949874371066197432, -3.500000000000000000 ) ) ;
#657 = DIRECTION ( 'NONE',  ( 0.000000000000000000, -0.000000000000000000, -1.000000000000000000 ) ) ;
#658 = VECTOR ( 'NONE', #682, 1000.000000000000000 ) ;
#659 = EDGE_CURVE ( 'NONE', #1887, #1769, #2191, .T. ) ;
#660 = ORIENTED_EDGE ( 'NONE', *, *, #1617, .F. ) ;
#661 = SURFACE_SIDE_STYLE ('',( #1322 ) ) ;
#662 = AXIS2_PLACEMENT_3D ( 'NONE', #758, #81, #2681 ) ;
#663 = CARTESIAN_POINT ( 'NONE',  ( -8.583999999999999631, 4.291999999999998039, -4.970999880054582043 ) ) ;
#664 = COLOUR_RGB ( '',0.6470588235294117974, 0.5176470588235293491, 0.000000000000000000 ) ;
#665 = CARTESIAN_POINT ( 'NONE',  ( -0.6928203230247083066, 0.1000000000000000056, -3.699999999978348164 ) ) ;
#666 = DIRECTION ( 'NONE',  ( 0.000000000000000000, -1.000000000000000000, 0.000000000000000000 ) ) ;
#667 = CIRCLE ( 'NONE', #2261, 4.800000000017234925 ) ;
#668 = AXIS2_PLACEMENT_3D ( 'NONE', #1049, #1418, #2346 ) ;
#669 = EDGE_LOOP ( 'NONE', ( #627, #2481, #1618, #1798 ) ) ;
#670 = CARTESIAN_POINT ( 'NONE',  ( 3.181980515339114302, -2.580939751330885379, -13.90000000000000213 ) ) ;
#671 = ORIENTED_EDGE ( 'NONE', *, *, #542, .F. ) ;
#672 = DIRECTION ( 'NONE',  ( 0.7071067811864976127, 0.7071067811865975328, -0.000000000000000000 ) ) ;
#673 = ORIENTED_EDGE ( 'NONE', *, *, #2718, .F. ) ;
#674 = CARTESIAN_POINT ( 'NONE',  ( 0.000000000000000000, 0.000000000000000000, -5.421140286650980578 ) ) ;
#675 = CARTESIAN_POINT ( 'NONE',  ( 0.1000000000000000056, -0.6928203230229520448, -3.699999999982702459 ) ) ;
#676 = CARTESIAN_POINT ( 'NONE',  ( 0.000000000000000000, 0.000000000000000000, -3.500000000000000000 ) ) ;
#677 = EDGE_CURVE ( 'NONE', #369, #734, #884, .T. ) ;
#678 = CARTESIAN_POINT ( 'NONE',  ( 4.150000000000000355, 0.000000000000000000, 1.734723475976807094E-14 ) ) ;
#679 = EDGE_CURVE ( 'NONE', #307, #767, #52, .T. ) ;
#680 = ORIENTED_EDGE ( 'NONE', *, *, #2020, .F. ) ;
#681 = ORIENTED_EDGE ( 'NONE', *, *, #2195, .F. ) ;
#682 = DIRECTION ( 'NONE',  ( -0.000000000000000000, -0.000000000000000000, 1.000000000000000000 ) ) ;
#683 = ORIENTED_EDGE ( 'NONE', *, *, #1185, .T. ) ;
#684 = DIRECTION ( 'NONE',  ( 0.000000000000000000, -0.000000000000000000, -1.000000000000000000 ) ) ;
#685 =( NAMED_UNIT ( * ) SI_UNIT ( $, .STERADIAN. ) SOLID_ANGLE_UNIT ( ) );
#686 = CARTESIAN_POINT ( 'NONE',  ( -1.080778907955857455E-15, 4.412614758428053285, -5.421140286650980578 ) ) ;
#687 = COLOUR_RGB ( '',0.6470588235294117974, 0.5176470588235293491, 0.000000000000000000 ) ;
#688 = CARTESIAN_POINT ( 'NONE',  ( 0.000000000000000000, 0.000000000000000000, -8.500000000000000000 ) ) ;
#689 = ADVANCED_FACE ( 'NONE', ( #2823 ), #2390, .F. ) ;
#690 = VECTOR ( 'NONE', #1471, 1000.000000000000000 ) ;
#691 = DIRECTION ( 'NONE',  ( 1.000000000000000000, 0.000000000000000000, 0.000000000000000000 ) ) ;
#692 = ORIENTED_EDGE ( 'NONE', *, *, #2540, .F. ) ;
#693 = EDGE_CURVE ( 'NONE', #1039, #395, #786, .T. ) ;
#694 = ORIENTED_EDGE ( 'NONE', *, *, #2391, .T. ) ;
#695 = COLOUR_RGB ( '',0.6470588235294117974, 0.5176470588235293491, 0.000000000000000000 ) ;
#696 = LINE ( 'NONE', #261, #1127 ) ;
#697 = AXIS2_PLACEMENT_3D ( 'NONE', #2628, #399, #1118 ) ;
#698 = ORIENTED_EDGE ( 'NONE', *, *, #77, .F. ) ;
#699 = DIRECTION ( 'NONE',  ( 0.000000000000000000, 0.000000000000000000, -1.000000000000000000 ) ) ;
#700 = DIRECTION ( 'NONE',  ( 1.000000000000000000, 0.000000000000000000, 0.000000000000000000 ) ) ;
#701 = DIRECTION ( 'NONE',  ( 0.000000000000000000, -0.000000000000000000, -1.000000000000000000 ) ) ;
#702 = UNCERTAINTY_MEASURE_WITH_UNIT (LENGTH_MEASURE( 1.000000000000000082E-05 ), #1282, 'distance_accuracy_value', 'NONE');
#703 = AXIS2_PLACEMENT_3D ( 'NONE', #1465, #2341, #374 ) ;
#704 = MECHANICAL_DESIGN_GEOMETRIC_PRESENTATION_REPRESENTATION (  '', ( #1985 ), #1164 ) ;
#705 = FACE_OUTER_BOUND ( 'NONE', #1505, .T. ) ;
#706 =( NAMED_UNIT ( * ) PLANE_ANGLE_UNIT ( ) SI_UNIT ( $, .RADIAN. ) );
#707 = B_SPLINE_CURVE_WITH_KNOTS ( 'NONE', 3,
 ( #1246, #402, #1476, #156, #343, #1878 ),
 .UNSPECIFIED., .F., .F.,
 ( 4, 2, 4 ),
 ( -0.0005159549304087151329, 3.196974035035802381E-08, 0.0005160188698894158489 ),
 .UNSPECIFIED. ) ;
#708 = CARTESIAN_POINT ( 'NONE',  ( -4.205389129438559692, 0.8578847649888583504, -3.746499999999987729 ) ) ;
#709 = AXIS2_PLACEMENT_3D ( 'NONE', #27, #1738, #1331 ) ;
#710 = ORIENTED_EDGE ( 'NONE', *, *, #1653, .F. ) ;
#711 = EDGE_CURVE ( 'NONE', #325, #420, #2659, .T. ) ;
#712 = CIRCLE ( 'NONE', #1674, 0.9000000000582986104 ) ;
#713 = ORIENTED_EDGE ( 'NONE', *, *, #1987, .F. ) ;
#714 = APPLICATION_PROTOCOL_DEFINITION ( 'draft international standard', 'automotive_design', 1998, #648 ) ;
#715 = CARTESIAN_POINT ( 'NONE',  ( 5.500000000000000000, 0.000000000000000000, -4.241799999999999571 ) ) ;
#716 = EDGE_LOOP ( 'NONE', ( #2220, #2615, #1093, #2664 ) ) ;
#717 = CARTESIAN_POINT ( 'NONE',  ( 0.000000000000000000, 0.000000000000000000, -3.500000000000000000 ) ) ;
#718 = DIRECTION ( 'NONE',  ( -1.000000000000000000, 0.000000000000000000, 0.000000000000000000 ) ) ;
#719 = CARTESIAN_POINT ( 'NONE',  ( -0.4899999999999999911, 6.000769315822030986E-17, -19.78592929112999954 ) ) ;
#720 = DIRECTION ( 'NONE',  ( 0.000000000000000000, -1.000000000000000000, 0.000000000000000000 ) ) ;
#721 = CARTESIAN_POINT ( 'NONE',  ( 4.354300872168229475, 2.428612866367525893E-13, -5.232399999999994833 ) ) ;
#722 = ORIENTED_EDGE ( 'NONE', *, *, #1848, .F. ) ;
#723 = ORIENTED_EDGE ( 'NONE', *, *, #679, .T. ) ;
#724 = EDGE_CURVE ( 'NONE', #431, #610, #741, .T. ) ;
#725 = CARTESIAN_POINT ( 'NONE',  ( 0.000000000000000000, -0.1000000000000000056, -8.500000000000000000 ) ) ;
#726 = ORIENTED_EDGE ( 'NONE', *, *, #250, .F. ) ;
#727 =( NAMED_UNIT ( * ) PLANE_ANGLE_UNIT ( ) SI_UNIT ( $, .RADIAN. ) );
#728 = ADVANCED_FACE ( 'NONE', ( #485 ), #2709, .T. ) ;
#729 = CARTESIAN_POINT ( 'NONE',  ( -3.181980515339000171, -3.783021279348000032, -18.39999999999999858 ) ) ;
#730 = CARTESIAN_POINT ( 'NONE',  ( 0.000000000000000000, 0.000000000000000000, -1.998127509500000176 ) ) ;
#731 = ORIENTED_EDGE ( 'NONE', *, *, #2419, .F. ) ;
#732 = DIRECTION ( 'NONE',  ( 0.000000000000000000, 0.000000000000000000, -1.000000000000000000 ) ) ;
#733 = CARTESIAN_POINT ( 'NONE',  ( -4.799999999999999822, 0.000000000000000000, -13.90000000000000036 ) ) ;
#734 = VERTEX_POINT ( 'NONE', #2492 ) ;
#735 = CIRCLE ( 'NONE', #417, 0.6999999999948158802 ) ;
#736 = CARTESIAN_POINT ( 'NONE',  ( -0.6928203230275754576, 0.1000000000000000056, -4.500000000000000888 ) ) ;
#737 = ORIENTED_EDGE ( 'NONE', *, *, #394, .T. ) ;
#738 =( NAMED_UNIT ( * ) SI_UNIT ( $, .STERADIAN. ) SOLID_ANGLE_UNIT ( ) );
#739 = EDGE_CURVE ( 'NONE', #2295, #325, #2473, .T. ) ;
#740 = FILL_AREA_STYLE_COLOUR ( '', #2737 ) ;
#741 = LINE ( 'NONE', #276, #1797 ) ;
#742 = DIRECTION ( 'NONE',  ( 0.3420201433242631150, 4.188538737659777957E-17, -0.9396926207864200187 ) ) ;
#743 = STYLED_ITEM ( 'NONE', ( #833 ), #558 ) ;
#744 = EDGE_CURVE ( 'NONE', #557, #2815, #1845, .T. ) ;
#745 = ORIENTED_EDGE ( 'NONE', *, *, #2317, .T. ) ;
#746 = DIRECTION ( 'NONE',  ( -1.000000000000000000, 0.000000000000000000, 0.000000000000000000 ) ) ;
#747 = CARTESIAN_POINT ( 'NONE',  ( -3.783021279348000032, -3.181980515339000171, -13.90000000000000213 ) ) ;
#748 = CARTESIAN_POINT ( 'NONE',  ( 0.1000000000000000056, 0.6928203230275999935, -8.500000000000000000 ) ) ;
#749 = AXIS2_PLACEMENT_3D ( 'NONE', #42, #1337, #1776 ) ;
#750 = ORIENTED_EDGE ( 'NONE', *, *, #1907, .F. ) ;
#751 = DIRECTION ( 'NONE',  ( 1.000000000000000000, 0.000000000000000000, 0.000000000000000000 ) ) ;
#752 = VECTOR ( 'NONE', #1805, 1000.000000000000000 ) ;
#753 = EDGE_LOOP ( 'NONE', ( #1156, #681, #2257, #710 ) ) ;
#754 =( NAMED_UNIT ( * ) PLANE_ANGLE_UNIT ( ) SI_UNIT ( $, .RADIAN. ) );
#755 = ORIENTED_EDGE ( 'NONE', *, *, #1188, .T. ) ;
#756 = COLOUR_RGB ( '',0.6470588235294117974, 0.5176470588235293491, 0.000000000000000000 ) ;
#757 = LINE ( 'NONE', #1633, #787 ) ;
#758 = CARTESIAN_POINT ( 'NONE',  ( 0.000000000000000000, 0.000000000000000000, -19.78592929112999954 ) ) ;
#759 = VERTEX_POINT ( 'NONE', #2012 ) ;
#760 = DIRECTION ( 'NONE',  ( 0.000000000000000000, 0.000000000000000000, 1.000000000000000000 ) ) ;
#761 = EDGE_CURVE ( 'NONE', #1329, #625, #368, .T. ) ;
#762 = CARTESIAN_POINT ( 'NONE',  ( 0.000000000000000000, -0.3900000000000000688, -18.39999999999999858 ) ) ;
#763 = VERTEX_POINT ( 'NONE', #729 ) ;
#764 = EDGE_CURVE ( 'NONE', #1467, #2423, #1385, .T. ) ;
#765 =( LENGTH_UNIT ( ) NAMED_UNIT ( * ) SI_UNIT ( .MILLI., .METRE. ) );
#766 = ORIENTED_EDGE ( 'NONE', *, *, #1231, .T. ) ;
#767 = VERTEX_POINT ( 'NONE', #1803 ) ;
#768 = SURFACE_STYLE_USAGE ( .BOTH. , #1599 ) ;
#769 =( NAMED_UNIT ( * ) SI_UNIT ( $, .STERADIAN. ) SOLID_ANGLE_UNIT ( ) );
#770 = ORIENTED_EDGE ( 'NONE', *, *, #1136, .T. ) ;
#771 = CARTESIAN_POINT ( 'NONE',  ( 3.783021279348000032, -3.181980515339000171, -38.50000000000000000 ) ) ;
#772 = DIRECTION ( 'NONE',  ( 1.000000000000000000, 0.000000000000000000, 0.000000000000000000 ) ) ;
#773 = FACE_OUTER_BOUND ( 'NONE', #949, .T. ) ;
#774 = SURFACE_SIDE_STYLE ('',( #2702 ) ) ;
#775 = EDGE_CURVE ( 'NONE', #2423, #1386, #757, .T. ) ;
#776 =( GEOMETRIC_REPRESENTATION_CONTEXT ( 3 ) GLOBAL_UNCERTAINTY_ASSIGNED_CONTEXT ( ( #1884 ) ) GLOBAL_UNIT_ASSIGNED_CONTEXT ( ( #2742, #176, #1009 ) ) REPRESENTATION_CONTEXT ( 'NONE', 'WORKASPACE' ) );
#777 = VERTEX_POINT ( 'NONE', #933 ) ;
#778 = CIRCLE ( 'NONE', #319, 0.6999999999948158802 ) ;
#779 = SURFACE_STYLE_FILL_AREA ( #2733 ) ;
#780 = UNCERTAINTY_MEASURE_WITH_UNIT (LENGTH_MEASURE( 1.000000000000000082E-05 ), #2766, 'distance_accuracy_value', 'NONE');
#781 = EDGE_LOOP ( 'NONE', ( #349, #285, #1444, #1701 ) ) ;
#782 = CARTESIAN_POINT ( 'NONE',  ( 0.000000000000000000, 0.000000000000000000, -3.062459713305543119 ) ) ;
#783 = VERTEX_POINT ( 'NONE', #2222 ) ;
#784 = DIRECTION ( 'NONE',  ( 0.7071067811864976127, 0.7071067811865975328, 0.000000000000000000 ) ) ;
#785 = CARTESIAN_POINT ( 'NONE',  ( -1.200153863164406444E-16, -0.4900000000000001021, -18.30000000000000071 ) ) ;
#786 = CIRCLE ( 'NONE', #1889, 4.291999999999999815 ) ;
#787 = VECTOR ( 'NONE', #67, 1000.000000000000000 ) ;
#789 = DIRECTION ( 'NONE',  ( 0.7071067811871356579, -0.7071067811859594876, 0.000000000000000000 ) ) ;
#788 = FILL_AREA_STYLE_COLOUR ( '', #1310 ) ;
#790 = FACE_BOUND ( 'NONE', #1357, .T. ) ;
#791 = AXIS2_PLACEMENT_3D ( 'NONE', #1640, #189, #388 ) ;
#792 = ORIENTED_EDGE ( 'NONE', *, *, #624, .T. ) ;
#793 = AXIS2_PLACEMENT_3D ( 'NONE', #730, #1388, #962 ) ;
#794 = EDGE_CURVE ( 'NONE', #767, #307, #1891, .T. ) ;
#795 = PRESENTATION_STYLE_ASSIGNMENT (( #1655 ) ) ;
#796 = PRESENTATION_LAYER_ASSIGNMENT (  '', '', ( #1213 ) ) ;
#797 = ORIENTED_EDGE ( 'NONE', *, *, #739, .F. ) ;
#798 = CYLINDRICAL_SURFACE ( 'NONE', #828, 4.799999999999999822 ) ;
#799 = LINE ( 'NONE', #1678, #2209 ) ;
#800 = ADVANCED_FACE ( 'NONE', ( #505 ), #295, .F. ) ;
#801 = ORIENTED_EDGE ( 'NONE', *, *, #2677, .T. ) ;
#802 = CARTESIAN_POINT ( 'NONE',  ( -3.783021279348000032, 3.181980515339000171, -18.39999999999999858 ) ) ;
#803 = CARTESIAN_POINT ( 'NONE',  ( -4.354300872168229475, -2.411265631607757822E-13, -5.232399999999994833 ) ) ;
#805 = DIRECTION ( 'NONE',  ( -1.000000000000000000, -0.000000000000000000, -0.000000000000000000 ) ) ;
#804 = CARTESIAN_POINT ( 'NONE',  ( 4.354300872168207270, 0.1755032737876446036, -5.232399999999939766 ) ) ;
#806 = FACE_BOUND ( 'NONE', #163, .T. ) ;
#807 = VERTEX_POINT ( 'NONE', #1177 ) ;
#808 = DIRECTION ( 'NONE',  ( -0.7071067811864976127, -0.7071067811865975328, 0.000000000000000000 ) ) ;
#809 = EDGE_CURVE ( 'NONE', #260, #249, #1576, .T. ) ;
#810 = ORIENTED_EDGE ( 'NONE', *, *, #186, .T. ) ;
#811 = DIRECTION ( 'NONE',  ( 0.7071067811864976127, 0.7071067811865975328, 0.000000000000000000 ) ) ;
#812 = DIRECTION ( 'NONE',  ( 0.000000000000000000, 0.000000000000000000, -1.000000000000000000 ) ) ;
#813 = CARTESIAN_POINT ( 'NONE',  ( -4.205389129438559692, 0.8578847649888583504, -3.746499999999987729 ) ) ;
#814 = EDGE_CURVE ( 'NONE', #1933, #1887, #552, .T. ) ;
#815 = EDGE_LOOP ( 'NONE', ( #1940, #274, #181, #2129, #2726 ) ) ;
#816 = SURFACE_SIDE_STYLE ('',( #1661 ) ) ;
#817 = CARTESIAN_POINT ( 'NONE',  ( -4.261446455272125178, 0.6399963861433253243, -5.002766495742353214 ) ) ;
#818 = UNCERTAINTY_MEASURE_WITH_UNIT (LENGTH_MEASURE( 1.000000000000000082E-05 ), #308, 'distance_accuracy_value', 'NONE');
#820 = DIRECTION ( 'NONE',  ( -0.000000000000000000, -0.000000000000000000, 1.000000000000000000 ) ) ;
#819 =( LENGTH_UNIT ( ) NAMED_UNIT ( * ) SI_UNIT ( .MILLI., .METRE. ) );
#821 = FILL_AREA_STYLE_COLOUR ( '', #2336 ) ;
#822 = CARTESIAN_POINT ( 'NONE',  ( 0.000000000000000000, 4.291999999999999815, -3.512600119928970699 ) ) ;
#823 = VERTEX_POINT ( 'NONE', #2084 ) ;
#824 =( GEOMETRIC_REPRESENTATION_CONTEXT ( 3 ) GLOBAL_UNCERTAINTY_ASSIGNED_CONTEXT ( ( #818 ) ) GLOBAL_UNIT_ASSIGNED_CONTEXT ( ( #308, #727, #1387 ) ) REPRESENTATION_CONTEXT ( 'NONE', 'WORKASPACE' ) );
#825 = ORIENTED_EDGE ( 'NONE', *, *, #2354, .F. ) ;
#827 = DIRECTION ( 'NONE',  ( 0.7071067811865975328, -0.7071067811864976127, 0.000000000000000000 ) ) ;
#826 = DIRECTION ( 'NONE',  ( -0.7071067811865474617, -0.7071067811865474617, 0.000000000000000000 ) ) ;
#828 = AXIS2_PLACEMENT_3D ( 'NONE', #1736, #2799, #1457 ) ;
#829 = CYLINDRICAL_SURFACE ( 'NONE', #329, 4.799999999999999822 ) ;
#830 = CARTESIAN_POINT ( 'NONE',  ( 4.800000000043906923, 0.000000000000000000, -1.998127509500000176 ) ) ;
#831 = EDGE_CURVE ( 'NONE', #2094, #610, #1873, .T. ) ;
#832 = ORIENTED_EDGE ( 'NONE', *, *, #1133, .F. ) ;
#833 = PRESENTATION_STYLE_ASSIGNMENT (( #1006 ) ) ;
#834 = DIRECTION ( 'NONE',  ( 0.000000000000000000, 0.000000000000000000, -1.000000000000000000 ) ) ;
#835 = EDGE_CURVE ( 'NONE', #1971, #988, #799, .T. ) ;
#836 = CARTESIAN_POINT ( 'NONE',  ( 4.205389129438561469, -0.8578847649888509119, -4.737100000000023847 ) ) ;
#837 = CIRCLE ( 'NONE', #603, 0.6999999999999999556 ) ;
#838 = DIRECTION ( 'NONE',  ( -0.000000000000000000, 0.000000000000000000, 1.000000000000000000 ) ) ;
#839 = PRESENTATION_LAYER_ASSIGNMENT (  '', '', ( #930 ) ) ;
#840 = EDGE_LOOP ( 'NONE', ( #414, #2009, #1688, #849, #2632 ) ) ;
#841 = CARTESIAN_POINT ( 'NONE',  ( 4.354300872168230363, -2.445960101127293964E-13, -3.251200000000004309 ) ) ;
#842 = CIRCLE ( 'NONE', #1254, 1.000000000000000000 ) ;
#843 = EDGE_LOOP ( 'NONE', ( #561, #1598, #967, #1144 ) ) ;
#845 = DIRECTION ( 'NONE',  ( -0.7071067811864976127, -0.7071067811865975328, 0.000000000000000000 ) ) ;
#844 = CARTESIAN_POINT ( 'NONE',  ( 0.000000000000000000, 0.000000000000000000, -3.499999999974079401 ) ) ;
#846 = CARTESIAN_POINT ( 'NONE',  ( 3.181980515339000171, -2.580939751330999954, -38.50000000000000000 ) ) ;
#847 = FACE_OUTER_BOUND ( 'NONE', #1417, .T. ) ;
#848 = CIRCLE ( 'NONE', #1767, 4.799999999999999822 ) ;
#849 = ORIENTED_EDGE ( 'NONE', *, *, #1992, .T. ) ;
#850 = VECTOR ( 'NONE', #2625, 1000.000000000000000 ) ;
#851 = CARTESIAN_POINT ( 'NONE',  ( 0.000000000000000000, 0.000000000000000000, -3.499999999974079401 ) ) ;
#852 = PLANE ( 'NONE',  #284 ) ;
#853 = AXIS2_PLACEMENT_3D ( 'NONE', #2276, #979, #2014 ) ;
#855 = DIRECTION ( 'NONE',  ( -1.000000000000000000, 0.000000000000000000, 0.000000000000000000 ) ) ;
#854 = SURFACE_SIDE_STYLE ('',( #1111 ) ) ;
#856 = EDGE_CURVE ( 'NONE', #988, #2200, #576, .T. ) ;
#857 = DIRECTION ( 'NONE',  ( -1.000000000000000000, 0.000000000000000000, -0.000000000000000000 ) ) ;
#858 = EDGE_LOOP ( 'NONE', ( #537, #1859, #2433, #406 ) ) ;
#859 = ADVANCED_FACE ( 'NONE', ( #1906 ), #2315, .F. ) ;
#860 = CARTESIAN_POINT ( 'NONE',  ( 4.354300872168208159, -0.1755032737876485449, -3.251200000000056711 ) ) ;
#861 = ORIENTED_EDGE ( 'NONE', *, *, #1763, .T. ) ;
#862 = DIRECTION ( 'NONE',  ( 0.000000000000000000, 0.000000000000000000, -1.000000000000000000 ) ) ;
#863 = CARTESIAN_POINT ( 'NONE',  ( 0.000000000000000000, 0.000000000000000000, -3.746499999999999719 ) ) ;
#864 = CARTESIAN_POINT ( 'NONE',  ( 0.9799999999999998712, 0.4899999999999999356, -18.35857864376268722 ) ) ;
#865 = ORIENTED_EDGE ( 'NONE', *, *, #2501, .T. ) ;
#866 = CARTESIAN_POINT ( 'NONE',  ( 0.1000000000000000056, 0.7600994779562040282, -3.633410905922059175 ) ) ;
#867 = CARTESIAN_POINT ( 'NONE',  ( 5.256184061940440652E-16, -4.291999999999999815, -4.737099999999998978 ) ) ;
#868 = FILL_AREA_STYLE ('',( #1775 ) ) ;
#869 = LINE ( 'NONE', #2007, #1842 ) ;
#870 = ORIENTED_EDGE ( 'NONE', *, *, #1623, .F. ) ;
#871 = DIRECTION ( 'NONE',  ( -1.000000000000000000, 0.000000000000000000, 0.000000000000000000 ) ) ;
#872 = EDGE_CURVE ( 'NONE', #2242, #2054, #2287, .T. ) ;
#873 = ORIENTED_EDGE ( 'NONE', *, *, #744, .F. ) ;
#874 = DIRECTION ( 'NONE',  ( 0.000000000000000000, 0.000000000000000000, -1.000000000000000000 ) ) ;
#875 = DIRECTION ( 'NONE',  ( 0.000000000000000000, 1.000000000000000000, -0.000000000000000000 ) ) ;
#876 = EDGE_LOOP ( 'NONE', ( #1309, #2515, #252, #235 ) ) ;
#877 = AXIS2_PLACEMENT_3D ( 'NONE', #2258, #1176, #1189 ) ;
#878 = FACE_OUTER_BOUND ( 'NONE', #354, .T. ) ;
#879 = CARTESIAN_POINT ( 'NONE',  ( -8.583999999999999631, 4.291999999999998039, -4.737099999999998978 ) ) ;
#880 = FILL_AREA_STYLE_COLOUR ( '', #622 ) ;
#881 = CARTESIAN_POINT ( 'NONE',  ( 0.000000000000000000, 4.332616287927968379, -5.201346295360965044 ) ) ;
#882 = ORIENTED_EDGE ( 'NONE', *, *, #659, .T. ) ;
#883 = CARTESIAN_POINT ( 'NONE',  ( -0.1000000000000000056, -0.8272846263344685314, -3.566726817247058534 ) ) ;
#884 = CIRCLE ( 'NONE', #1296, 0.4899999999999999911 ) ;
#885 = EDGE_LOOP ( 'NONE', ( #2262, #1574, #1346, #2216, #1107 ) ) ;
#886 = PRESENTATION_LAYER_ASSIGNMENT (  '', '', ( #511 ) ) ;
#887 = ADVANCED_FACE ( 'NONE', ( #169 ), #1429, .F. ) ;
#888 = CARTESIAN_POINT ( 'NONE',  ( -0.8272846263344686424, 0.1000000000000000056, -3.566726817247058534 ) ) ;
#889 = CYLINDRICAL_SURFACE ( 'NONE', #709, 4.291999999999999815 ) ;
#890 = AXIS2_PLACEMENT_3D ( 'NONE', #2764, #1044, #1686 ) ;
#891 = ORIENTED_EDGE ( 'NONE', *, *, #451, .T. ) ;
#892 = ADVANCED_FACE ( 'NONE', ( #2132 ), #829, .T. ) ;
#893 = CARTESIAN_POINT ( 'NONE',  ( 0.1000000000000000056, -0.7600994779490423126, -3.633410905929152168 ) ) ;
#894 = VECTOR ( 'NONE', #1679, 1000.000000000000000 ) ;
#895 = LINE ( 'NONE', #205, #22 ) ;
#896 = AXIS2_PLACEMENT_3D ( 'NONE', #715, #1135, #36 ) ;
#897 = PRESENTATION_STYLE_ASSIGNMENT (( #2380 ) ) ;
#898 = CYLINDRICAL_SURFACE ( 'NONE', #749, 0.9906000000000003691 ) ;
#899 = VECTOR ( 'NONE', #1479, 1000.000000000000000 ) ;
#900 = CIRCLE ( 'NONE', #2814, 0.1000000000000000472 ) ;
#901 = ORIENTED_EDGE ( 'NONE', *, *, #2769, .F. ) ;
#902 = ORIENTED_EDGE ( 'NONE', *, *, #254, .T. ) ;
#903 = CARTESIAN_POINT ( 'NONE',  ( 4.279789577806754508, 0.5710670083825122312, -3.427865819091842070 ) ) ;
#904 = DIRECTION ( 'NONE',  ( 0.000000000000000000, 0.000000000000000000, -1.000000000000000000 ) ) ;
#905 = EDGE_CURVE ( 'NONE', #2689, #1159, #2567, .T. ) ;
#906 = ORIENTED_EDGE ( 'NONE', *, *, #2230, .T. ) ;
#907 = PRESENTATION_STYLE_ASSIGNMENT (( #29 ) ) ;
#908 = CARTESIAN_POINT ( 'NONE',  ( -3.181980515339011273, 3.783021279348011134, -18.39999999999999858 ) ) ;
#909 = CARTESIAN_POINT ( 'NONE',  ( 0.9949874371066099732, -0.1000000000000000056, -4.500000000000000888 ) ) ;
#910 = EDGE_CURVE ( 'NONE', #557, #763, #2522, .T. ) ;
#911 = CARTESIAN_POINT ( 'NONE',  ( 0.000000000000000000, 0.1000000000000000056, -8.500000000000000000 ) ) ;
#912 = DIRECTION ( 'NONE',  ( -0.000000000000000000, -0.000000000000000000, 1.000000000000000000 ) ) ;
#913 = ORIENTED_EDGE ( 'NONE', *, *, #1218, .F. ) ;
#914 = EDGE_LOOP ( 'NONE', ( #2212, #1647, #1611, #2203, #2580 ) ) ;
#915 = APPLICATION_PROTOCOL_DEFINITION ( 'draft international standard', 'automotive_design', 1998, #1636 ) ;
#916 = ORIENTED_EDGE ( 'NONE', *, *, #1709, .F. ) ;
#917 = FILL_AREA_STYLE ('',( #2427 ) ) ;
#918 = DIRECTION ( 'NONE',  ( -0.000000000000000000, -0.000000000000000000, 1.000000000000000000 ) ) ;
#919 = ADVANCED_FACE ( 'NONE', ( #563 ), #351, .F. ) ;
#920 = FACE_OUTER_BOUND ( 'NONE', #983, .T. ) ;
#921 = DIRECTION ( 'NONE',  ( -0.7071067811865975328, 0.7071067811864976127, 0.000000000000000000 ) ) ;
#922 = EDGE_CURVE ( 'NONE', #2536, #376, #2748, .T. ) ;
#923 = VECTOR ( 'NONE', #1632, 1000.000000000000000 ) ;
#924 = DIRECTION ( 'NONE',  ( -1.000000000000000000, 0.000000000000000000, 0.000000000000000000 ) ) ;
#925 = EDGE_LOOP ( 'NONE', ( #645, #2025, #1380, #1371, #2411, #1584 ) ) ;
#926 = FACE_OUTER_BOUND ( 'NONE', #314, .T. ) ;
#927 = ORIENTED_EDGE ( 'NONE', *, *, #2616, .F. ) ;
#928 = AXIS2_PLACEMENT_3D ( 'NONE', #1348, #1124, #1729 ) ;
#929 = CARTESIAN_POINT ( 'NONE',  ( 3.783021279348000032, -3.181980515339000171, -13.90000000000000213 ) ) ;
#930 = STYLED_ITEM ( 'NONE', ( #2302 ), #919 ) ;
#931 = ORIENTED_EDGE ( 'NONE', *, *, #482, .T. ) ;
#932 = DIRECTION ( 'NONE',  ( -1.000000000000000000, 0.000000000000000000, 0.000000000000000000 ) ) ;
#933 = CARTESIAN_POINT ( 'NONE',  ( 6.000769315822032219E-17, 0.4899999999999999911, -18.30000000000000071 ) ) ;
#934 = CARTESIAN_POINT ( 'NONE',  ( 2.375000000000000000, 2.908536147974963713E-16, -3.500000000000000000 ) ) ;
#935 = VECTOR ( 'NONE', #33, 999.9999999999998863 ) ;
#936 = STYLED_ITEM ( 'NONE', ( #1053 ), #2070 ) ;
#937 = FACE_OUTER_BOUND ( 'NONE', #753, .T. ) ;
#938 = FACE_OUTER_BOUND ( 'NONE', #885, .T. ) ;
#939 = CARTESIAN_POINT ( 'NONE',  ( 0.000000000000000000, 0.1000000000000000056, -4.500000000000000888 ) ) ;
#940 = EDGE_CURVE ( 'NONE', #2650, #1083, #2112, .T. ) ;
#941 = ORIENTED_EDGE ( 'NONE', *, *, #1907, .T. ) ;
#942 = VECTOR ( 'NONE', #211, 1000.000000000000000 ) ;
#943 = EDGE_CURVE ( 'NONE', #579, #500, #2550, .T. ) ;
#944 = ORIENTED_EDGE ( 'NONE', *, *, #1200, .F. ) ;
#945 = DIRECTION ( 'NONE',  ( -1.000000000000000000, 0.000000000000000000, 0.000000000000000000 ) ) ;
#946 = ORIENTED_EDGE ( 'NONE', *, *, #286, .F. ) ;
#947 = FILL_AREA_STYLE_COLOUR ( '', #88 ) ;
#948 = CARTESIAN_POINT ( 'NONE',  ( 4.354300872168249015, -0.1758461275746607821, -5.232400000000027696 ) ) ;
#949 = EDGE_LOOP ( 'NONE', ( #342, #23 ) ) ;
#950 = CARTESIAN_POINT ( 'NONE',  ( 4.187683984775331325, 0.9446761686138468450, -3.896827120738675987 ) ) ;
#951 = CARTESIAN_POINT ( 'NONE',  ( -8.583999999999999631, 4.291999999999997151, -3.512600119928971587 ) ) ;
#952 = DIRECTION ( 'NONE',  ( 0.000000000000000000, 0.000000000000000000, -1.000000000000000000 ) ) ;
#953 = ORIENTED_EDGE ( 'NONE', *, *, #2450, .F. ) ;
#954 = CARTESIAN_POINT ( 'NONE',  ( 0.000000000000000000, 0.000000000000000000, -1.998127509807545721 ) ) ;
#955 = EDGE_CURVE ( 'NONE', #2046, #767, #2404, .T. ) ;
#956 = VERTEX_POINT ( 'NONE', #2599 ) ;
#957 = ADVANCED_FACE ( 'NONE', ( #2612 ), #641, .F. ) ;
#958 = SURFACE_SIDE_STYLE ('',( #2229 ) ) ;
#959 = ORIENTED_EDGE ( 'NONE', *, *, #2523, .F. ) ;
#960 = FACE_OUTER_BOUND ( 'NONE', #2670, .T. ) ;
#961 = CARTESIAN_POINT ( 'NONE',  ( 5.500000000000000000, 0.000000000000000000, -4.241799999999999571 ) ) ;
#962 = DIRECTION ( 'NONE',  ( -1.000000000000000000, 0.000000000000000000, 0.000000000000000000 ) ) ;
#963 = ORIENTED_EDGE ( 'NONE', *, *, #1155, .F. ) ;
#964 = CARTESIAN_POINT ( 'NONE',  ( 3.181980515339000171, 3.783021279348000032, -18.39999999999999858 ) ) ;
#965 = DIRECTION ( 'NONE',  ( -0.7071067811865975328, 0.7071067811864976127, -0.000000000000000000 ) ) ;
#966 = VECTOR ( 'NONE', #805, 1000.000000000000000 ) ;
#967 = ORIENTED_EDGE ( 'NONE', *, *, #794, .T. ) ;
#968 = AXIS2_PLACEMENT_3D ( 'NONE', #150, #2131, #168 ) ;
#969 =( NAMED_UNIT ( * ) SI_UNIT ( $, .STERADIAN. ) SOLID_ANGLE_UNIT ( ) );
#970 = ORIENTED_EDGE ( 'NONE', *, *, #411, .F. ) ;
#971 = CARTESIAN_POINT ( 'NONE',  ( -0.1000000000000015321, -0.9949874371066198542, -3.500000000000000000 ) ) ;
#972 = EDGE_CURVE ( 'NONE', #2271, #1386, #2350, .T. ) ;
#973 = ORIENTED_EDGE ( 'NONE', *, *, #1747, .T. ) ;
#974 = DIRECTION ( 'NONE',  ( 0.000000000000000000, 0.000000000000000000, 1.000000000000000000 ) ) ;
#975 = DIRECTION ( 'NONE',  ( 0.000000000000000000, -1.000000000000000000, 0.000000000000000000 ) ) ;
#976 = VECTOR ( 'NONE', #1260, 1000.000000000000000 ) ;
#977 = ADVANCED_FACE ( 'NONE', ( #1094 ), #629, .F. ) ;
#978 = ORIENTED_EDGE ( 'NONE', *, *, #775, .F. ) ;
#979 = DIRECTION ( 'NONE',  ( 2.409338160922831432E-16, -0.000000000000000000, -1.000000000000000000 ) ) ;
#980 = DIRECTION ( 'NONE',  ( -0.7071067811864976127, -0.7071067811865975328, -0.000000000000000000 ) ) ;
#981 = CARTESIAN_POINT ( 'NONE',  ( -0.7800000000000001377, 0.3900000000000002354, -18.39999999999999503 ) ) ;
#982 = VECTOR ( 'NONE', #701, 1000.000000000000000 ) ;
#983 = EDGE_LOOP ( 'NONE', ( #192, #2721, #35, #870, #66, #1017, #587, #290 ) ) ;
#984 = DIRECTION ( 'NONE',  ( 0.000000000000000000, 0.000000000000000000, -1.000000000000000000 ) ) ;
#985 = AXIS2_PLACEMENT_3D ( 'NONE', #1826, #1145, #272 ) ;
#986 = VECTOR ( 'NONE', #47, 999.9999999999998863 ) ;
#987 = ORIENTED_EDGE ( 'NONE', *, *, #2199, .F. ) ;
#988 = VERTEX_POINT ( 'NONE', #1291 ) ;
#989 = SURFACE_SIDE_STYLE ('',( #2050 ) ) ;
#990 = CIRCLE ( 'NONE', #1856, 0.6999999999999999556 ) ;
#991 =( NAMED_UNIT ( * ) PLANE_ANGLE_UNIT ( ) SI_UNIT ( $, .RADIAN. ) );
#992 = CARTESIAN_POINT ( 'NONE',  ( 4.228719372013817868, -0.7614195887754928727, -4.881257263425687221 ) ) ;
#993 = EDGE_CURVE ( 'NONE', #2282, #823, #1117, .T. ) ;
#994 = SURFACE_STYLE_FILL_AREA ( #167 ) ;
#995 = DIRECTION ( 'NONE',  ( -0.000000000000000000, -0.000000000000000000, 1.000000000000000000 ) ) ;
#996 = EDGE_CURVE ( 'NONE', #1785, #1456, #1508, .T. ) ;
#998 = PLANE ( 'NONE',  #2787 ) ;
#997 = CARTESIAN_POINT ( 'NONE',  ( 0.000000000000000000, 0.000000000000000000, -13.90000000000000036 ) ) ;
#999 = CARTESIAN_POINT ( 'NONE',  ( 0.000000000000000000, -0.1000000000000000056, -3.500000000000000000 ) ) ;
#1000 = ORIENTED_EDGE ( 'NONE', *, *, #1768, .F. ) ;
#1001 = DIRECTION ( 'NONE',  ( -1.000000000000000000, 0.000000000000000000, 0.000000000000000000 ) ) ;
#1002 = ORIENTED_EDGE ( 'NONE', *, *, #642, .F. ) ;
#1003 = DIRECTION ( 'NONE',  ( -1.000000000000000000, 0.000000000000000000, 0.000000000000000000 ) ) ;
#1004 = SURFACE_SIDE_STYLE ('',( #2067 ) ) ;
#1005 =( NAMED_UNIT ( * ) PLANE_ANGLE_UNIT ( ) SI_UNIT ( $, .RADIAN. ) );
#1006 = SURFACE_STYLE_USAGE ( .BOTH. , #816 ) ;
#1007 = LINE ( 'NONE', #568, #2395 ) ;
#1009 =( NAMED_UNIT ( * ) SI_UNIT ( $, .STERADIAN. ) SOLID_ANGLE_UNIT ( ) );
#1008 = FILL_AREA_STYLE ('',( #788 ) ) ;
#1010 = EDGE_CURVE ( 'NONE', #2094, #1909, #2374, .T. ) ;
#1011 = VECTOR ( 'NONE', #789, 999.9999999999998863 ) ;
#1012 = DIRECTION ( 'NONE',  ( 0.000000000000000000, 0.000000000000000000, 1.000000000000000000 ) ) ;
#1013 = MECHANICAL_DESIGN_GEOMETRIC_PRESENTATION_REPRESENTATION (  '', ( #1197 ), #1749 ) ;
#1014 = EDGE_LOOP ( 'NONE', ( #1986, #1641, #2140, #671 ) ) ;
#1015 = EDGE_CURVE ( 'NONE', #2564, #1769, #297, .T. ) ;
#1016 = FACE_OUTER_BOUND ( 'NONE', #1722, .T. ) ;
#1017 = ORIENTED_EDGE ( 'NONE', *, *, #2616, .T. ) ;
#1018 = DIRECTION ( 'NONE',  ( -0.000000000000000000, 0.000000000000000000, 1.000000000000000000 ) ) ;
#1019 =( LENGTH_UNIT ( ) NAMED_UNIT ( * ) SI_UNIT ( .MILLI., .METRE. ) );
#1020 = DIRECTION ( 'NONE',  ( 1.000000000000000000, 0.000000000000000000, 0.000000000000000000 ) ) ;
#1021 = LINE ( 'NONE', #2739, #1023 ) ;
#1022 = DIRECTION ( 'NONE',  ( 0.7071067811864976127, 0.7071067811865975328, 0.000000000000000000 ) ) ;
#1023 = VECTOR ( 'NONE', #772, 1000.000000000000000 ) ;
#1024 = UNCERTAINTY_MEASURE_WITH_UNIT (LENGTH_MEASURE( 1.000000000000000082E-05 ), #1446, 'distance_accuracy_value', 'NONE');
#1025 = AXIS2_PLACEMENT_3D ( 'NONE', #1751, #672, #184 ) ;
#1027 = LINE ( 'NONE', #2499, #966 ) ;
#1026 = CARTESIAN_POINT ( 'NONE',  ( -3.181980515339000171, 2.580939751330999954, -13.90000000000000213 ) ) ;
#1028 = DIRECTION ( 'NONE',  ( -0.000000000000000000, -0.000000000000000000, 1.000000000000000000 ) ) ;
#1029 = CIRCLE ( 'NONE', #1662, 0.4899999999999999911 ) ;
#1030 = EDGE_CURVE ( 'NONE', #1933, #2168, #2201, .T. ) ;
#1031 = ORIENTED_EDGE ( 'NONE', *, *, #164, .F. ) ;
#1032 = VECTOR ( 'NONE', #2136, 1000.000000000000114 ) ;
#1033 = EDGE_CURVE ( 'NONE', #1264, #759, #2414, .T. ) ;
#1034 = CONICAL_SURFACE ( 'NONE', #2624, 4.799999999931969796, 0.3490658503973700921 ) ;
#1035 = VERTEX_POINT ( 'NONE', #2187 ) ;
#1036 = CARTESIAN_POINT ( 'NONE',  ( 0.000000000000000000, 0.000000000000000000, -3.500000000000000000 ) ) ;
#1037 = SURFACE_STYLE_USAGE ( .BOTH. , #1004 ) ;
#1038 = COLOUR_RGB ( '',0.6470588235294117974, 0.5176470588235293491, 0.000000000000000000 ) ;
#1039 = VERTEX_POINT ( 'NONE', #225 ) ;
#1040 = CARTESIAN_POINT ( 'NONE',  ( 0.000000000000000000, 0.000000000000000000, -3.499999999974079401 ) ) ;
#1041 = DIRECTION ( 'NONE',  ( -0.000000000000000000, -0.000000000000000000, 1.000000000000000000 ) ) ;
#1043 = DIRECTION ( 'NONE',  ( 1.000000000000000000, 0.000000000000000000, 0.000000000000000000 ) ) ;
#1042 = LINE ( 'NONE', #1695, #2171 ) ;
#1044 = DIRECTION ( 'NONE',  ( 0.7071067811864976127, 0.7071067811865975328, -0.000000000000000000 ) ) ;
#1045 = VERTEX_POINT ( 'NONE', #12 ) ;
#1046 = EDGE_CURVE ( 'NONE', #1827, #2541, #1639, .T. ) ;
#1047 = DIRECTION ( 'NONE',  ( 0.000000000000000000, 0.000000000000000000, -1.000000000000000000 ) ) ;
#1048 = ORIENTED_EDGE ( 'NONE', *, *, #13, .F. ) ;
#1050 = PLANE ( 'NONE',  #1974 ) ;
#1049 = CARTESIAN_POINT ( 'NONE',  ( 0.000000000000000000, 0.000000000000000000, -4.500000000000000888 ) ) ;
#1051 = ADVANCED_FACE ( 'NONE', ( #1080 ), #214, .F. ) ;
#1052 = DIRECTION ( 'NONE',  ( -1.000000000000000000, 0.000000000000000000, 0.000000000000000000 ) ) ;
#1053 = PRESENTATION_STYLE_ASSIGNMENT (( #2133 ) ) ;
#1054 = VERTEX_POINT ( 'NONE', #2801 ) ;
#1055 = LINE ( 'NONE', #138, #516 ) ;
#1056 = CARTESIAN_POINT ( 'NONE',  ( 4.329571819421298429, 0.3477122947321410473, -5.185152481031060745 ) ) ;
#1057 = CARTESIAN_POINT ( 'NONE',  ( -3.783021279348000032, 3.181980515339000171, -18.39999999999999858 ) ) ;
#1058 = ORIENTED_EDGE ( 'NONE', *, *, #316, .F. ) ;
#1059 = CYLINDRICAL_SURFACE ( 'NONE', #1626, 4.799999999999999822 ) ;
#1060 = AXIS2_PLACEMENT_3D ( 'NONE', #2723, #2735, #2040 ) ;
#1061 = ORIENTED_EDGE ( 'NONE', *, *, #1119, .T. ) ;
#1063 = CARTESIAN_POINT ( 'NONE',  ( -4.799999999999999822, 0.000000000000000000, 0.000000000000000000 ) ) ;
#1062 =( NAMED_UNIT ( * ) PLANE_ANGLE_UNIT ( ) SI_UNIT ( $, .RADIAN. ) );
#1064 = PLANE ( 'NONE',  #2703 ) ;
#1065 = CARTESIAN_POINT ( 'NONE',  ( 2.580939751331042586, -3.181980515339042803, -38.50000000000000000 ) ) ;
#1066 = ADVANCED_FACE ( 'NONE', ( #1963 ), #1953, .F. ) ;
#1067 = ORIENTED_EDGE ( 'NONE', *, *, #2516, .F. ) ;
#1068 = CARTESIAN_POINT ( 'NONE',  ( 0.000000000000000000, 0.000000000000000000, -13.90000000000000036 ) ) ;
#1069 = CARTESIAN_POINT ( 'NONE',  ( -4.205389129438560580, 0.8578847649888522442, -4.737100000000023847 ) ) ;
#1070 = ADVANCED_FACE ( 'NONE', ( #2146 ), #1064, .F. ) ;
#1071 = CYLINDRICAL_SURFACE ( 'NONE', #1809, 1.000000000000000000 ) ;
#1072 = CARTESIAN_POINT ( 'NONE',  ( 8.665232575867243270, 4.332616287933624299, -3.282253704606886036 ) ) ;
#1073 = COLOUR_RGB ( '',0.6470588235294117974, 0.5176470588235293491, 0.000000000000000000 ) ;
#1074 = ORIENTED_EDGE ( 'NONE', *, *, #2370, .T. ) ;
#1075 = VECTOR ( 'NONE', #1406, 1000.000000000000000 ) ;
#1076 = LINE ( 'NONE', #2170, #942 ) ;
#1077 = AXIS2_PLACEMENT_3D ( 'NONE', #1232, #834, #174 ) ;
#1078 = ORIENTED_EDGE ( 'NONE', *, *, #905, .T. ) ;
#1079 = CARTESIAN_POINT ( 'NONE',  ( 3.783021279348000032, -3.181980515339000171, -13.90000000000000213 ) ) ;
#1080 = FACE_OUTER_BOUND ( 'NONE', #2752, .T. ) ;
#1081 = DIRECTION ( 'NONE',  ( -0.7071067811865975328, 0.7071067811864976127, 0.000000000000000000 ) ) ;
#1082 = COLOUR_RGB ( '',0.6470588235294117974, 0.5176470588235293491, 0.000000000000000000 ) ;
#1083 = VERTEX_POINT ( 'NONE', #1223 ) ;
#1084 = SURFACE_STYLE_FILL_AREA ( #217 ) ;
#1085 = ADVANCED_FACE ( 'NONE', ( #2090 ), #1652, .F. ) ;
#1086 = B_SPLINE_CURVE_WITH_KNOTS ( 'NONE', 3,
 ( #2816, #1734, #883, #2142 ),
 .UNSPECIFIED., .F., .F.,
 ( 4, 4 ),
 ( 4.068473215866434957E-15, 0.0002839812128152177499 ),
 .UNSPECIFIED. ) ;
#1087 = CARTESIAN_POINT ( 'NONE',  ( 0.8944271910415486637, 0.1000000000000000056, -3.499999999991002753 ) ) ;
#1088 =( NAMED_UNIT ( * ) PLANE_ANGLE_UNIT ( ) SI_UNIT ( $, .RADIAN. ) );
#1089 = ADVANCED_FACE ( 'NONE', ( #2311 ), #555, .F. ) ;
#1090 = CARTESIAN_POINT ( 'NONE',  ( 0.000000000000000000, 0.000000000000000000, -11.90000000000000036 ) ) ;
#1091 = VERTEX_POINT ( 'NONE', #1855 ) ;
#1092 = LINE ( 'NONE', #2383, #2760 ) ;
#1093 = ORIENTED_EDGE ( 'NONE', *, *, #1938, .T. ) ;
#1094 = FACE_OUTER_BOUND ( 'NONE', #1954, .T. ) ;
#1095 = CARTESIAN_POINT ( 'NONE',  ( 6.000769315822032219E-17, 0.4900000000000000466, -18.35857864376268722 ) ) ;
#1096 = ORIENTED_EDGE ( 'NONE', *, *, #1486, .T. ) ;
#1097 = CARTESIAN_POINT ( 'NONE',  ( 0.000000000000000000, 0.000000000000000000, -18.30000000000000071 ) ) ;
#1098 = DIRECTION ( 'NONE',  ( -0.7071067811865975328, 0.7071067811864976127, -0.000000000000000000 ) ) ;
#1099 = CYLINDRICAL_SURFACE ( 'NONE', #243, 4.291999999999999815 ) ;
#1100 = ADVANCED_FACE ( 'NONE', ( #2720 ), #2254, .T. ) ;
#1101 = ORIENTED_EDGE ( 'NONE', *, *, #724, .T. ) ;
#1102 = CARTESIAN_POINT ( 'NONE',  ( 0.000000000000000000, 0.000000000000000000, -3.500000000000000000 ) ) ;
#1103 = EDGE_LOOP ( 'NONE', ( #108, #63, #2734, #2011, #683 ) ) ;
#1104 = CARTESIAN_POINT ( 'NONE',  ( 0.000000000000000000, 0.000000000000000000, 1.734723475976807094E-14 ) ) ;
#1105 = CIRCLE ( 'NONE', #1060, 4.800000000017234925 ) ;
#1106 =( NAMED_UNIT ( * ) PLANE_ANGLE_UNIT ( ) SI_UNIT ( $, .RADIAN. ) );
#1107 = ORIENTED_EDGE ( 'NONE', *, *, #659, .F. ) ;
#1108 = AXIS2_PLACEMENT_3D ( 'NONE', #410, #862, #2782 ) ;
#1109 = LINE ( 'NONE', #1294, #2746 ) ;
#1110 = CARTESIAN_POINT ( 'NONE',  ( -4.354300872168208159, 0.1755032737876477955, -3.251200000000056711 ) ) ;
#1111 = SURFACE_STYLE_FILL_AREA ( #2792 ) ;
#1112 = DIRECTION ( 'NONE',  ( 0.000000000000000000, 0.000000000000000000, 1.000000000000000000 ) ) ;
#1113 = VERTEX_POINT ( 'NONE', #1198 ) ;
#1114 = EDGE_CURVE ( 'NONE', #1045, #46, #1823, .T. ) ;
#1115 = CONICAL_SURFACE ( 'NONE', #194, 0.9000000000582986104, 0.7853981635395568262 ) ;
#1116 = ORIENTED_EDGE ( 'NONE', *, *, #1747, .F. ) ;
#1117 = CIRCLE ( 'NONE', #2021, 4.291999999999999815 ) ;
#1118 = DIRECTION ( 'NONE',  ( -0.7071067811864976127, -0.7071067811865975328, 0.000000000000000000 ) ) ;
#1119 = EDGE_CURVE ( 'NONE', #476, #625, #1409, .T. ) ;
#1120 = CARTESIAN_POINT ( 'NONE',  ( 0.000000000000000000, -0.3900000000000000688, -18.39999999999999858 ) ) ;
#1121 = AXIS2_PLACEMENT_3D ( 'NONE', #1743, #1758, #666 ) ;
#1122 = ORIENTED_EDGE ( 'NONE', *, *, #562, .T. ) ;
#1123 = SURFACE_STYLE_FILL_AREA ( #1588 ) ;
#1124 = DIRECTION ( 'NONE',  ( 0.000000000000000000, 0.000000000000000000, 1.000000000000000000 ) ) ;
#1125 = CIRCLE ( 'NONE', #2215, 2.000000000000000888 ) ;
#1126 = CARTESIAN_POINT ( 'NONE',  ( -8.583999999999999631, -4.292000000000000703, -4.970999880054582043 ) ) ;
#1127 = VECTOR ( 'NONE', #1841, 999.9999999999998863 ) ;
#1128 = SURFACE_STYLE_USAGE ( .BOTH. , #231 ) ;
#1129 = DIRECTION ( 'NONE',  ( 1.000000000000000000, -0.000000000000000000, -0.000000000000000000 ) ) ;
#1130 = AXIS2_PLACEMENT_3D ( 'NONE', #408, #193, #2400 ) ;
#1131 = AXIS2_PLACEMENT_3D ( 'NONE', #1141, #41, #267 ) ;
#1132 = EDGE_LOOP ( 'NONE', ( #1778, #2289 ) ) ;
#1133 = EDGE_CURVE ( 'NONE', #1534, #2678, #2424, .T. ) ;
#1134 = VERTEX_POINT ( 'NONE', #287 ) ;
#1135 = DIRECTION ( 'NONE',  ( 1.000000000000000000, 0.000000000000000000, 0.000000000000000000 ) ) ;
#1136 = EDGE_CURVE ( 'NONE', #734, #369, #1029, .T. ) ;
#1137 = EDGE_LOOP ( 'NONE', ( #1560, #2318, #873, #2667 ) ) ;
#1138 = SURFACE_SIDE_STYLE ('',( #1123 ) ) ;
#1139 = DIRECTION ( 'NONE',  ( -1.000000000000000000, 0.000000000000000000, 0.000000000000000000 ) ) ;
#1140 = DIRECTION ( 'NONE',  ( 1.000000000000000000, 0.000000000000000000, 0.000000000000000000 ) ) ;
#1141 = CARTESIAN_POINT ( 'NONE',  ( 4.776122516674678026E-17, 0.3900000000000000688, -18.30000000000000071 ) ) ;
#1142 = DIRECTION ( 'NONE',  ( 0.000000000000000000, 0.000000000000000000, 1.000000000000000000 ) ) ;
#1143 = ORIENTED_EDGE ( 'NONE', *, *, #54, .T. ) ;
#1144 = ORIENTED_EDGE ( 'NONE', *, *, #1407, .F. ) ;
#1145 = DIRECTION ( 'NONE',  ( -0.000000000000000000, 0.000000000000000000, 1.000000000000000000 ) ) ;
#1146 = EDGE_LOOP ( 'NONE', ( #1654, #694, #121, #2091, #2351, #1582 ) ) ;
#1147 =( LENGTH_UNIT ( ) NAMED_UNIT ( * ) SI_UNIT ( .MILLI., .METRE. ) );
#1148 = DIRECTION ( 'NONE',  ( -2.409338160922831432E-16, 0.000000000000000000, 1.000000000000000000 ) ) ;
#1149 = DIRECTION ( 'NONE',  ( 1.000000000000000000, 0.000000000000000000, 0.000000000000000000 ) ) ;
#1150 = EDGE_CURVE ( 'NONE', #1887, #124, #541, .T. ) ;
#1151 = VECTOR ( 'NONE', #2138, 1000.000000000000000 ) ;
#1152 = CARTESIAN_POINT ( 'NONE',  ( -0.1000000000000000056, 0.6928203230275754576, -4.500000000000000888 ) ) ;
#1153 = CARTESIAN_POINT ( 'NONE',  ( -8.583999999999997854, -4.292000000000000703, -3.512600119928971587 ) ) ;
#1154 = CARTESIAN_POINT ( 'NONE',  ( -4.205389129438561469, -0.8578847649888502458, -4.737100000000023847 ) ) ;
#1155 = EDGE_CURVE ( 'NONE', #2156, #166, #74, .T. ) ;
#1156 = ORIENTED_EDGE ( 'NONE', *, *, #1814, .F. ) ;
#1157 = ORIENTED_EDGE ( 'NONE', *, *, #2375, .T. ) ;
#1158 =( GEOMETRIC_REPRESENTATION_CONTEXT ( 3 ) GLOBAL_UNCERTAINTY_ASSIGNED_CONTEXT ( ( #2337 ) ) GLOBAL_UNIT_ASSIGNED_CONTEXT ( ( #1279, #580, #2333 ) ) REPRESENTATION_CONTEXT ( 'NONE', 'WORKASPACE' ) );
#1159 = VERTEX_POINT ( 'NONE', #736 ) ;
#1160 = FACE_OUTER_BOUND ( 'NONE', #239, .T. ) ;
#1161 =( LENGTH_UNIT ( ) NAMED_UNIT ( * ) SI_UNIT ( .MILLI., .METRE. ) );
#1162 = CARTESIAN_POINT ( 'NONE',  ( 4.329301249746994706, -0.3490790185549967894, -5.184511129911504312 ) ) ;
#1163 = CONICAL_SURFACE ( 'NONE', #2352, 4.799999999931969796, 0.3490658504081197711 ) ;
#1164 =( GEOMETRIC_REPRESENTATION_CONTEXT ( 3 ) GLOBAL_UNCERTAINTY_ASSIGNED_CONTEXT ( ( #1024 ) ) GLOBAL_UNIT_ASSIGNED_CONTEXT ( ( #1446, #1005, #769 ) ) REPRESENTATION_CONTEXT ( 'NONE', 'WORKASPACE' ) );
#1165 = DIRECTION ( 'NONE',  ( -1.000000000000000000, 1.065814103640150279E-14, 0.000000000000000000 ) ) ;
#1166 = EDGE_CURVE ( 'NONE', #89, #1183, #1423, .T. ) ;
#1167 = LINE ( 'NONE', #2043, #135 ) ;
#1168 = CARTESIAN_POINT ( 'NONE',  ( 0.000000000000000000, 0.000000000000000000, -8.500000000000000000 ) ) ;
#1169 =( GEOMETRIC_REPRESENTATION_CONTEXT ( 3 ) GLOBAL_UNCERTAINTY_ASSIGNED_CONTEXT ( ( #780 ) ) GLOBAL_UNIT_ASSIGNED_CONTEXT ( ( #2766, #335, #608 ) ) REPRESENTATION_CONTEXT ( 'NONE', 'WORKASPACE' ) );
#1170 = ORIENTED_EDGE ( 'NONE', *, *, #356, .F. ) ;
#1171 = ADVANCED_FACE ( 'NONE', ( #2472, #1184 ), #331, .T. ) ;
#1172 = CARTESIAN_POINT ( 'NONE',  ( 2.580939751330999954, 3.181980515339000171, -13.90000000000000213 ) ) ;
#1173 = ORIENTED_EDGE ( 'NONE', *, *, #1597, .T. ) ;
#1174 = CARTESIAN_POINT ( 'NONE',  ( -4.150000000000000355, 5.082284216461515156E-16, 1.734723475976807094E-14 ) ) ;
#1175 = ORIENTED_EDGE ( 'NONE', *, *, #1830, .T. ) ;
#1176 = DIRECTION ( 'NONE',  ( -0.000000000000000000, -0.000000000000000000, 1.000000000000000000 ) ) ;
#1177 = CARTESIAN_POINT ( 'NONE',  ( 2.865673510004806939E-17, 0.3900000000000000688, -18.39999999999999858 ) ) ;
#1178 = CARTESIAN_POINT ( 'NONE',  ( 0.000000000000000000, 0.000000000000000000, -3.500000000000000000 ) ) ;
#1179 = ORIENTED_EDGE ( 'NONE', *, *, #2123, .F. ) ;
#1180 = CARTESIAN_POINT ( 'NONE',  ( -3.181980515339000171, -3.783021279348000032, -38.50000000000000000 ) ) ;
#1181 = DIRECTION ( 'NONE',  ( 0.000000000000000000, 1.000000000000000000, 0.000000000000000000 ) ) ;
#1182 = DIRECTION ( 'NONE',  ( 1.000000000000000000, 0.000000000000000000, 0.000000000000000000 ) ) ;
#1183 = VERTEX_POINT ( 'NONE', #1057 ) ;
#1184 = FACE_OUTER_BOUND ( 'NONE', #1403, .T. ) ;
#1185 = EDGE_CURVE ( 'NONE', #2342, #807, #1317, .T. ) ;
#1186 = B_SPLINE_CURVE_WITH_KNOTS ( 'NONE', 3,
 ( #1069, #1450, #2774, #817, #1462, #599, #2808, #803 ),
 .UNSPECIFIED., .F., .F.,
 ( 4, 2, 2, 4 ),
 ( 9.697399036122160616E-19, 0.0002610971153683856998, 0.0005221942307367704239, 0.001044388461473539330 ),
 .UNSPECIFIED. ) ;
#1187 = ORIENTED_EDGE ( 'NONE', *, *, #831, .F. ) ;
#1188 = EDGE_CURVE ( 'NONE', #2231, #2046, #2165, .T. ) ;
#1189 = DIRECTION ( 'NONE',  ( -1.000000000000000000, 8.881784197001252323E-16, 0.000000000000000000 ) ) ;
#1190 = DIRECTION ( 'NONE',  ( 0.000000000000000000, 0.000000000000000000, 1.000000000000000000 ) ) ;
#1191 = CARTESIAN_POINT ( 'NONE',  ( 4.799999999931969796, 5.878304635823982611E-16, -6.485472490339816432 ) ) ;
#1192 = ORIENTED_EDGE ( 'NONE', *, *, #2020, .T. ) ;
#1193 = DIRECTION ( 'NONE',  ( 0.000000000000000000, 0.000000000000000000, 1.000000000000000000 ) ) ;
#1194 = CARTESIAN_POINT ( 'NONE',  ( 2.865673510004806939E-17, 0.3900000000000000688, -18.39999999999999858 ) ) ;
#1195 = VECTOR ( 'NONE', #1880, 1000.000000000000114 ) ;
#1196 = EDGE_LOOP ( 'NONE', ( #1965, #906, #1284, #1997 ) ) ;
#1197 = STYLED_ITEM ( 'NONE', ( #2521 ), #282 ) ;
#1198 = CARTESIAN_POINT ( 'NONE',  ( 5.403894539802827872E-16, -4.412614758447275243, -3.062459713305543119 ) ) ;
#1199 = ORIENTED_EDGE ( 'NONE', *, *, #1715, .F. ) ;
#1200 = EDGE_CURVE ( 'NONE', #2689, #579, #1898, .T. ) ;
#1201 = PLANE ( 'NONE',  #439 ) ;
#1202 = ORIENTED_EDGE ( 'NONE', *, *, #1030, .T. ) ;
#1203 = ADVANCED_FACE ( 'NONE', ( #2121 ), #1881, .F. ) ;
#1204 = DIRECTION ( 'NONE',  ( 0.000000000000000000, 0.000000000000000000, -1.000000000000000000 ) ) ;
#1205 = DIRECTION ( 'NONE',  ( 0.000000000000000000, 0.000000000000000000, -1.000000000000000000 ) ) ;
#1206 = ORIENTED_EDGE ( 'NONE', *, *, #578, .T. ) ;
#1207 = DIRECTION ( 'NONE',  ( 1.000000000000000000, 0.000000000000000000, 0.000000000000000000 ) ) ;
#1208 = CARTESIAN_POINT ( 'NONE',  ( -8.665232575867243270, -4.332616287933625188, -3.282253704606886036 ) ) ;
#1209 = CIRCLE ( 'NONE', #2803, 0.6999999999948158802 ) ;
#1210 = CARTESIAN_POINT ( 'NONE',  ( -3.783021279348000032, 3.181980515339000171, -13.90000000000000213 ) ) ;
#1211 = AXIS2_PLACEMENT_3D ( 'NONE', #434, #2618, #2181 ) ;
#1212 = DIRECTION ( 'NONE',  ( 0.000000000000000000, 0.000000000000000000, 1.000000000000000000 ) ) ;
#1213 = STYLED_ITEM ( 'NONE', ( #795 ), #2296 ) ;
#1214 = AXIS2_PLACEMENT_3D ( 'NONE', #997, #2322, #2103 ) ;
#1215 = EDGE_LOOP ( 'NONE', ( #521, #1101, #1187, #1502 ) ) ;
#1216 = AXIS2_PLACEMENT_3D ( 'NONE', #213, #196, #424 ) ;
#1217 = LINE ( 'NONE', #1065, #894 ) ;
#1218 = EDGE_CURVE ( 'NONE', #1931, #2061, #1454, .T. ) ;
#1219 = LINE ( 'NONE', #2528, #1338 ) ;
#1220 = CARTESIAN_POINT ( 'NONE',  ( -0.9800000000000002043, -0.4899999999999998801, -18.30000000000000071 ) ) ;
#1222 = CARTESIAN_POINT ( 'NONE',  ( 5.500000000000000000, 1.213135119235368137E-16, -5.232400000000000162 ) ) ;
#1221 = CARTESIAN_POINT ( 'NONE',  ( 2.580939751330875165, -3.181980515339146276, -13.90000000000000213 ) ) ;
#1223 = CARTESIAN_POINT ( 'NONE',  ( 4.799999999999999822, 5.878304635907294211E-16, -11.90000000000000036 ) ) ;
#1224 = ORIENTED_EDGE ( 'NONE', *, *, #546, .T. ) ;
#1225 = ORIENTED_EDGE ( 'NONE', *, *, #2033, .F. ) ;
#1226 = FILL_AREA_STYLE ('',( #740 ) ) ;
#1227 = CARTESIAN_POINT ( 'NONE',  ( 0.1000000000000000056, 0.000000000000000000, -8.500000000000000000 ) ) ;
#1228 = LINE ( 'NONE', #152, #2118 ) ;
#1229 = ORIENTED_EDGE ( 'NONE', *, *, #1564, .T. ) ;
#1230 = CARTESIAN_POINT ( 'NONE',  ( 3.783021279348000032, -3.181980515339000171, -38.50000000000000000 ) ) ;
#1231 = EDGE_CURVE ( 'NONE', #2815, #202, #1882, .T. ) ;
#1232 = CARTESIAN_POINT ( 'NONE',  ( 0.000000000000000000, 0.000000000000000000, -3.746499999999999719 ) ) ;
#1233 = CARTESIAN_POINT ( 'NONE',  ( 0.000000000000000000, 0.000000000000000000, -6.485472490567190995 ) ) ;
#1234 = ADVANCED_FACE ( 'NONE', ( #2744, #806, #2813, #1915, #790, #1251 ), #162, .T. ) ;
#1235 = PRESENTATION_LAYER_ASSIGNMENT (  '', '', ( #1831 ) ) ;
#1236 = FACE_OUTER_BOUND ( 'NONE', #1137, .T. ) ;
#1237 = PRESENTATION_LAYER_ASSIGNMENT (  '', '', ( #5 ) ) ;
#1238 = ORIENTED_EDGE ( 'NONE', *, *, #624, .F. ) ;
#1239 = UNCERTAINTY_MEASURE_WITH_UNIT (LENGTH_MEASURE( 1.000000000000000082E-05 ), #819, 'distance_accuracy_value', 'NONE');
#1240 = ORIENTED_EDGE ( 'NONE', *, *, #1956, .T. ) ;
#1241 = CARTESIAN_POINT ( 'NONE',  ( -4.412614758450672525, 5.641099587883330365E-16, -3.062459713305543119 ) ) ;
#1242 = DIRECTION ( 'NONE',  ( 0.000000000000000000, -1.000000000000000000, 0.000000000000000000 ) ) ;
#1243 = FILL_AREA_STYLE_COLOUR ( '', #2213 ) ;
#1244 = ORIENTED_EDGE ( 'NONE', *, *, #582, .F. ) ;
#1245 = DIRECTION ( 'NONE',  ( 0.000000000000000000, -0.000000000000000000, -1.000000000000000000 ) ) ;
#1246 = CARTESIAN_POINT ( 'NONE',  ( 4.205389129438561469, -0.8578847649888509119, -4.737100000000023847 ) ) ;
#1247 = UNCERTAINTY_MEASURE_WITH_UNIT (LENGTH_MEASURE( 1.000000000000000082E-05 ), #1494, 'distance_accuracy_value', 'NONE');
#1248 = MECHANICAL_DESIGN_GEOMETRIC_PRESENTATION_REPRESENTATION (  '', ( #511 ), #2700 ) ;
#1250 = CARTESIAN_POINT ( 'NONE',  ( 0.000000000000000000, 0.000000000000000000, 0.000000000000000000 ) ) ;
#1249 = CARTESIAN_POINT ( 'NONE',  ( 0.000000000000000000, 0.000000000000000000, -5.421140286650980578 ) ) ;
#1251 = FACE_OUTER_BOUND ( 'NONE', #1132, .T. ) ;
#1252 = CIRCLE ( 'NONE', #1121, 4.412614758450672525 ) ;
#1253 = ORIENTED_EDGE ( 'NONE', *, *, #43, .F. ) ;
#1254 = AXIS2_PLACEMENT_3D ( 'NONE', #2353, #1041, #2740 ) ;
#1255 = CARTESIAN_POINT ( 'NONE',  ( 5.330039300870039284E-16, -4.291999999999999815, -3.746499999999999719 ) ) ;
#1256 = AXIS2_PLACEMENT_3D ( 'NONE', #725, #2048, #1630 ) ;
#1257 = EDGE_LOOP ( 'NONE', ( #216, #2714, #631, #1728 ) ) ;
#1259 = DIRECTION ( 'NONE',  ( -0.000000000000000000, 1.000000000000000000, 0.000000000000000000 ) ) ;
#1258 = DIRECTION ( 'NONE',  ( 0.000000000000000000, -1.000000000000000000, 0.000000000000000000 ) ) ;
#1260 = DIRECTION ( 'NONE',  ( -0.000000000000000000, 0.000000000000000000, 1.000000000000000000 ) ) ;
#1261 = VECTOR ( 'NONE', #179, 1000.000000000000000 ) ;
#1262 = FILL_AREA_STYLE ('',( #1243 ) ) ;
#1263 = CIRCLE ( 'NONE', #668, 0.6999999999999999556 ) ;
#1264 = VERTEX_POINT ( 'NONE', #360 ) ;
#1265 = CARTESIAN_POINT ( 'NONE',  ( 0.6928203230223497489, 0.1000000000000000056, -3.699999999983298871 ) ) ;
#1266 = DIRECTION ( 'NONE',  ( -0.7071067811864976127, -0.7071067811865975328, -0.000000000000000000 ) ) ;
#1268 = CARTESIAN_POINT ( 'NONE',  ( 0.7600994779482357355, 0.1000000000000000056, -3.633410905929952861 ) ) ;
#1267 = PLANE ( 'NONE',  #1771 ) ;
#1269 = CARTESIAN_POINT ( 'NONE',  ( 0.000000000000000000, 4.412614758444671992, -3.062459713303359532 ) ) ;
#1270 = ORIENTED_EDGE ( 'NONE', *, *, #482, .F. ) ;
#1271 = EDGE_CURVE ( 'NONE', #48, #579, #2620, .T. ) ;
#1272 = LINE ( 'NONE', #1316, #1351 ) ;
#1274 = DIRECTION ( 'NONE',  ( 0.000000000000000000, 0.000000000000000000, 1.000000000000000000 ) ) ;
#1273 = SURFACE_STYLE_USAGE ( .BOTH. , #1951 ) ;
#1275 = CARTESIAN_POINT ( 'NONE',  ( 4.329301249746995595, 0.3490790185549949021, -3.299088870088495717 ) ) ;
#1276 = ADVANCED_FACE ( 'NONE', ( #1236 ), #2106, .F. ) ;
#1277 = FACE_OUTER_BOUND ( 'NONE', #544, .T. ) ;
#1278 = ORIENTED_EDGE ( 'NONE', *, *, #394, .F. ) ;
#1279 =( LENGTH_UNIT ( ) NAMED_UNIT ( * ) SI_UNIT ( .MILLI., .METRE. ) );
#1280 = CARTESIAN_POINT ( 'NONE',  ( -0.8971572875253810420, -0.4485786437626902434, -18.39999999999999503 ) ) ;
#1282 =( LENGTH_UNIT ( ) NAMED_UNIT ( * ) SI_UNIT ( .MILLI., .METRE. ) );
#1281 = SURFACE_SIDE_STYLE ('',( #1324 ) ) ;
#1283 = CARTESIAN_POINT ( 'NONE',  ( 8.583999999999997854, 4.291999999999999815, -3.746499999999999275 ) ) ;
#1284 = ORIENTED_EDGE ( 'NONE', *, *, #1583, .T. ) ;
#1285 = CARTESIAN_POINT ( 'NONE',  ( 5.500000000000000000, 0.000000000000000000, -4.241799999999999571 ) ) ;
#1286 = CLOSED_SHELL ( 'NONE', ( #1203, #1443, #1604, #2435, #301, #1901, #1100, #2296, #728, #2730, #2321, #2340, #2484, #1970, #800, #112, #1460, #2301, #2269, #1325, #1171, #465, #1085, #2070, #604, #126, #2595, #2556, #282, #919, #2812, #2334, #558, #507, #143, #2182, #689, #448, #1376, #206, #2088, #1328, #636, #2487, #2016, #222, #2576, #1811, #2180, #2663, #2264, #892, #1481, #1292, #1234, #1638, #2712, #530, #2128, #1883, #859, #1051, #2284, #2065, #2750, #1276, #2245, #1070, #887, #977, #2160, #1066, #2085, #957, #377, #1732, #353, #1089 ) ) ;
#1287 = ORIENTED_EDGE ( 'NONE', *, *, #2679, .T. ) ;
#1289 = CARTESIAN_POINT ( 'NONE',  ( -4.214360403353825113, -0.8139071827538393311, -3.670328593174906118 ) ) ;
#1288 = FILL_AREA_STYLE_COLOUR ( '', #756 ) ;
#1290 = CIRCLE ( 'NONE', #968, 4.291999999999999815 ) ;
#1291 = CARTESIAN_POINT ( 'NONE',  ( -0.6928203230275754576, -0.1000000000000000056, -4.500000000000000888 ) ) ;
#1292 = ADVANCED_FACE ( 'NONE', ( #2545 ), #586, .T. ) ;
#1293 = ORIENTED_EDGE ( 'NONE', *, *, #2466, .F. ) ;
#1294 = CARTESIAN_POINT ( 'NONE',  ( -4.799999999931969796, 5.878304635823982611E-16, -1.998127509807545721 ) ) ;
#1295 = DIRECTION ( 'NONE',  ( -0.000000000000000000, -0.000000000000000000, 1.000000000000000000 ) ) ;
#1296 = AXIS2_PLACEMENT_3D ( 'NONE', #1068, #632, #1511 ) ;
#1297 = CARTESIAN_POINT ( 'NONE',  ( 8.583999999999997854, -4.291999999999998927, -3.512600119928971587 ) ) ;
#1298 =( GEOMETRIC_REPRESENTATION_CONTEXT ( 3 ) GLOBAL_UNCERTAINTY_ASSIGNED_CONTEXT ( ( #1912 ) ) GLOBAL_UNIT_ASSIGNED_CONTEXT ( ( #1019, #991, #1645 ) ) REPRESENTATION_CONTEXT ( 'NONE', 'WORKASPACE' ) );
#1299 = ORIENTED_EDGE ( 'NONE', *, *, #2217, .F. ) ;
#1300 = VECTOR ( 'NONE', #1627, 1000.000000000000000 ) ;
#1301 = DIRECTION ( 'NONE',  ( -0.000000000000000000, -0.000000000000000000, 1.000000000000000000 ) ) ;
#1302 = VECTOR ( 'NONE', #2573, 1000.000000000000000 ) ;
#1303 = EDGE_LOOP ( 'NONE', ( #1556, #1199, #2467, #2693, #941 ) ) ;
#1305 = CARTESIAN_POINT ( 'NONE',  ( -0.1000000000000000056, 0.6928203230223497489, -3.699999999983298871 ) ) ;
#1304 = DIRECTION ( 'NONE',  ( 0.000000000000000000, 0.000000000000000000, -1.000000000000000000 ) ) ;
#1306 = DIRECTION ( 'NONE',  ( -1.000000000000000000, 0.000000000000000000, 0.000000000000000000 ) ) ;
#1307 = CARTESIAN_POINT ( 'NONE',  ( 0.8971572875253810420, 0.4485786437626904655, -18.39999999999999503 ) ) ;
#1308 = CIRCLE ( 'NONE', #62, 4.150000000000000355 ) ;
#1309 = ORIENTED_EDGE ( 'NONE', *, *, #2047, .F. ) ;
#1310 = COLOUR_RGB ( '',0.6470588235294117974, 0.5176470588235293491, 0.000000000000000000 ) ;
#1311 = DIRECTION ( 'NONE',  ( -0.000000000000000000, -0.000000000000000000, 1.000000000000000000 ) ) ;
#1312 = DIRECTION ( 'NONE',  ( -1.000000000000000000, 0.000000000000000000, 0.000000000000000000 ) ) ;
#1313 = CARTESIAN_POINT ( 'NONE',  ( 0.000000000000000000, 4.412614758428053285, -5.421140286650980578 ) ) ;
#1314 = EDGE_CURVE ( 'NONE', #2553, #1329, #20, .T. ) ;
#1315 = ORIENTED_EDGE ( 'NONE', *, *, #373, .T. ) ;
#1316 = CARTESIAN_POINT ( 'NONE',  ( 3.181980515339000171, -3.783021279348000032, -13.90000000000000213 ) ) ;
#1317 =( BOUNDED_CURVE ( )  B_SPLINE_CURVE ( 3, ( #1731, #634, #1514, #2532 ),
 .UNSPECIFIED., .F., .F. ) 
 B_SPLINE_CURVE_WITH_KNOTS ( ( 4, 4 ),
 ( 0.000000000000000000, 1.000000000000000000 ),
 .UNSPECIFIED. ) 
 CURVE ( )  GEOMETRIC_REPRESENTATION_ITEM ( )  RATIONAL_B_SPLINE_CURVE ( ( 1.000000000000000000, 0.3333333333333333703, 0.3333333333333333703, 1.000000000000000000 ) ) 
 REPRESENTATION_ITEM ( '' )  );
#1318 = VERTEX_POINT ( 'NONE', #708 ) ;
#1319 = CARTESIAN_POINT ( 'NONE',  ( 5.500000000000000000, 0.000000000000000000, -3.251199999999999424 ) ) ;
#1320 = CARTESIAN_POINT ( 'NONE',  ( 7.705477660235146574E-16, -6.291999999999999815, -3.746500000000000163 ) ) ;
#1321 = ORIENTED_EDGE ( 'NONE', *, *, #2164, .T. ) ;
#1322 = SURFACE_STYLE_FILL_AREA ( #447 ) ;
#1323 = LINE ( 'NONE', #2192, #246 ) ;
#1324 = SURFACE_STYLE_FILL_AREA ( #868 ) ;
#1325 = ADVANCED_FACE ( 'NONE', ( #2183 ), #1163, .T. ) ;
#1326 = CARTESIAN_POINT ( 'NONE',  ( 8.583999999999997854, 4.291999999999999815, -4.737099999999998978 ) ) ;
#1327 = EDGE_LOOP ( 'NONE', ( #755, #318 ) ) ;
#1328 = ADVANCED_FACE ( 'NONE', ( #21 ), #898, .T. ) ;
#1329 = VERTEX_POINT ( 'NONE', #438 ) ;
#1330 = CARTESIAN_POINT ( 'NONE',  ( 5.500000000000000000, 6.735557395310442023E-16, -13.90000000000000036 ) ) ;
#1331 = DIRECTION ( 'NONE',  ( -1.000000000000000000, 0.000000000000000000, 0.000000000000000000 ) ) ;
#1332 = ORIENTED_EDGE ( 'NONE', *, *, #1314, .F. ) ;
#1333 = CIRCLE ( 'NONE', #501, 4.412614758428053285 ) ;
#1334 =( NAMED_UNIT ( * ) SI_UNIT ( $, .STERADIAN. ) SOLID_ANGLE_UNIT ( ) );
#1335 = CARTESIAN_POINT ( 'NONE',  ( 5.305924668944675677E-16, -4.332616287927968379, -5.201346295360965044 ) ) ;
#1336 =( NAMED_UNIT ( * ) PLANE_ANGLE_UNIT ( ) SI_UNIT ( $, .RADIAN. ) );
#1337 = DIRECTION ( 'NONE',  ( -1.000000000000000000, 0.000000000000000000, 0.000000000000000000 ) ) ;
#1338 = VECTOR ( 'NONE', #566, 1000.000000000000000 ) ;
#1339 = ORIENTED_EDGE ( 'NONE', *, *, #1973, .F. ) ;
#1340 = VECTOR ( 'NONE', #2672, 1000.000000000000000 ) ;
#1341 = EDGE_CURVE ( 'NONE', #2008, #2564, #1209, .T. ) ;
#1342 = ORIENTED_EDGE ( 'NONE', *, *, #1271, .F. ) ;
#1343 = AXIS2_PLACEMENT_3D ( 'NONE', #954, #1012, #751 ) ;
#1344 = CARTESIAN_POINT ( 'NONE',  ( 3.181980515339000171, 3.783021279348000032, -38.50000000000000000 ) ) ;
#1345 = CIRCLE ( 'NONE', #1211, 0.9000000000582986104 ) ;
#1346 = ORIENTED_EDGE ( 'NONE', *, *, #1538, .T. ) ;
#1347 = SURFACE_STYLE_USAGE ( .BOTH. , #2671 ) ;
#1348 = CARTESIAN_POINT ( 'NONE',  ( 0.000000000000000000, 0.000000000000000000, -4.500000000000000888 ) ) ;
#1349 = AXIS2_PLACEMENT_3D ( 'NONE', #2024, #64, #945 ) ;
#1350 = CARTESIAN_POINT ( 'NONE',  ( -2.580939751330542542, -3.181980515339457583, -38.50000000000000000 ) ) ;
#1351 = VECTOR ( 'NONE', #223, 1000.000000000000114 ) ;
#1352 =( NAMED_UNIT ( * ) SI_UNIT ( $, .STERADIAN. ) SOLID_ANGLE_UNIT ( ) );
#1353 = LINE ( 'NONE', #2236, #1847 ) ;
#1354 = MECHANICAL_DESIGN_GEOMETRIC_PRESENTATION_REPRESENTATION (  '', ( #2224 ), #2078 ) ;
#1355 = ORIENTED_EDGE ( 'NONE', *, *, #1554, .F. ) ;
#1356 = B_SPLINE_CURVE_WITH_KNOTS ( 'NONE', 3,
 ( #2113, #1691, #2303, #2349, #614, #813 ),
 .UNSPECIFIED., .F., .F.,
 ( 4, 2, 4 ),
 ( -0.0005159549304087150245, 3.196974035035802381E-08, 0.0005160188698894157405 ),
 .UNSPECIFIED. ) ;
#1357 = EDGE_LOOP ( 'NONE', ( #2584, #770 ) ) ;
#1358 = EDGE_CURVE ( 'NONE', #2242, #2536, #1252, .T. ) ;
#1359 = PLANE ( 'NONE',  #985 ) ;
#1360 = ORIENTED_EDGE ( 'NONE', *, *, #831, .T. ) ;
#1361 = DIRECTION ( 'NONE',  ( -1.000000000000000000, 0.000000000000000000, 0.000000000000000000 ) ) ;
#1362 = EDGE_CURVE ( 'NONE', #1413, #759, #1484, .T. ) ;
#1363 = DIRECTION ( 'NONE',  ( -1.000000000000000000, 0.000000000000000000, 0.000000000000000000 ) ) ;
#1364 = CARTESIAN_POINT ( 'NONE',  ( 0.000000000000000000, 0.000000000000000000, -3.500000000000000000 ) ) ;
#1365 = FACE_OUTER_BOUND ( 'NONE', #925, .T. ) ;
#1366 = B_SPLINE_CURVE_WITH_KNOTS ( 'NONE', 3,
 ( #2387, #1289, #2598, #1704, #640, #398, #2566, #612 ),
 .UNSPECIFIED., .F., .F.,
 ( 4, 2, 2, 4 ),
 ( 6.942281208919282327E-19, 0.0002610971153683854288, 0.0005221942307367700986, 0.001044388461473539980 ),
 .UNSPECIFIED. ) ;
#1367 = DIRECTION ( 'NONE',  ( 1.000000000000000000, 0.000000000000000000, 0.000000000000000000 ) ) ;
#1368 = ORIENTED_EDGE ( 'NONE', *, *, #2384, .F. ) ;
#1369 = ORIENTED_EDGE ( 'NONE', *, *, #2611, .T. ) ;
#1370 = FILL_AREA_STYLE_COLOUR ( '', #1082 ) ;
#1371 = ORIENTED_EDGE ( 'NONE', *, *, #1033, .F. ) ;
#1372 = CARTESIAN_POINT ( 'NONE',  ( -3.181980515339114302, 2.580939751330885379, -18.39999999999999858 ) ) ;
#1373 = AXIS2_PLACEMENT_3D ( 'NONE', #674, #404, #1561 ) ;
#1374 = DIRECTION ( 'NONE',  ( 1.000000000000000000, 0.000000000000000000, 4.818676321845661878E-16 ) ) ;
#1375 = DIRECTION ( 'NONE',  ( 0.000000000000000000, 0.000000000000000000, 1.000000000000000000 ) ) ;
#1376 = ADVANCED_FACE ( 'NONE', ( #1580 ), #1099, .T. ) ;
#1377 = AXIS2_PLACEMENT_3D ( 'NONE', #280, #1852, #1181 ) ;
#1378 = SURFACE_STYLE_FILL_AREA ( #497 ) ;
#1379 = PLANE ( 'NONE',  #104 ) ;
#1380 = ORIENTED_EDGE ( 'NONE', *, *, #1362, .T. ) ;
#1381 = DIRECTION ( 'NONE',  ( 1.000000000000000000, 0.000000000000000000, 0.000000000000000000 ) ) ;
#1382 = VERTEX_POINT ( 'NONE', #462 ) ;
#1383 = STYLED_ITEM ( 'NONE', ( #2805 ), #604 ) ;
#1384 =( LENGTH_UNIT ( ) NAMED_UNIT ( * ) SI_UNIT ( .MILLI., .METRE. ) );
#1385 = CIRCLE ( 'NONE', #2430, 4.150000000000000355 ) ;
#1386 = VERTEX_POINT ( 'NONE', #678 ) ;
#1387 =( NAMED_UNIT ( * ) SI_UNIT ( $, .STERADIAN. ) SOLID_ANGLE_UNIT ( ) );
#1388 = DIRECTION ( 'NONE',  ( -0.000000000000000000, -0.000000000000000000, 1.000000000000000000 ) ) ;
#1389 = AXIS2_PLACEMENT_3D ( 'NONE', #1646, #1430, #2551 ) ;
#1390 = CARTESIAN_POINT ( 'NONE',  ( 4.800000000017234925, 5.878304635928402157E-16, -6.485472490567190995 ) ) ;
#1391 = CARTESIAN_POINT ( 'NONE',  ( 0.000000000000000000, 0.000000000000000000, -4.500000000000000888 ) ) ;
#1392 = CARTESIAN_POINT ( 'NONE',  ( 5.403894539779287276E-16, -4.412614758428053285, -5.421140286650980578 ) ) ;
#1393 = VECTOR ( 'NONE', #2668, 1000.000000000000114 ) ;
#1394 = VERTEX_POINT ( 'NONE', #2826 ) ;
#1395 =( GEOMETRIC_REPRESENTATION_CONTEXT ( 3 ) GLOBAL_UNCERTAINTY_ASSIGNED_CONTEXT ( ( #2751 ) ) GLOBAL_UNIT_ASSIGNED_CONTEXT ( ( #1513, #2810, #2396 ) ) REPRESENTATION_CONTEXT ( 'NONE', 'WORKASPACE' ) );
#1396 = EDGE_CURVE ( 'NONE', #2593, #500, #1353, .T. ) ;
#1397 =( NAMED_UNIT ( * ) PLANE_ANGLE_UNIT ( ) SI_UNIT ( $, .RADIAN. ) );
#1398 = VECTOR ( 'NONE', #98, 1000.000000000000000 ) ;
#1399 = ORIENTED_EDGE ( 'NONE', *, *, #872, .T. ) ;
#1400 = CARTESIAN_POINT ( 'NONE',  ( -5.500000000000000000, 0.000000000000000000, -11.90000000000000036 ) ) ;
#1401 = DIRECTION ( 'NONE',  ( 0.000000000000000000, 0.000000000000000000, 1.000000000000000000 ) ) ;
#1402 = LINE ( 'NONE', #1833, #982 ) ;
#1403 = EDGE_LOOP ( 'NONE', ( #212, #1000 ) ) ;
#1404 = CARTESIAN_POINT ( 'NONE',  ( 4.187685032327868484, 0.9446710334648971141, -4.586781773600209000 ) ) ;
#1405 = CARTESIAN_POINT ( 'NONE',  ( 5.403894539799637916E-16, -4.412614758444671992, -3.062459713303359532 ) ) ;
#1406 = DIRECTION ( 'NONE',  ( -0.000000000000000000, -0.000000000000000000, -1.000000000000000000 ) ) ;
#1407 = EDGE_CURVE ( 'NONE', #2231, #307, #2646, .T. ) ;
#1408 = ORIENTED_EDGE ( 'NONE', *, *, #2249, .F. ) ;
#1409 = LINE ( 'NONE', #999, #1300 ) ;
#1410 = EDGE_CURVE ( 'NONE', #2046, #2231, #2570, .T. ) ;
#1411 = ORIENTED_EDGE ( 'NONE', *, *, #940, .F. ) ;
#1412 = LINE ( 'NONE', #1613, #2710 ) ;
#1413 = VERTEX_POINT ( 'NONE', #2420 ) ;
#1414 = CARTESIAN_POINT ( 'NONE',  ( 0.000000000000000000, 0.000000000000000000, -3.499999999974079401 ) ) ;
#1415 = FILL_AREA_STYLE_COLOUR ( '', #1073 ) ;
#1416 = CARTESIAN_POINT ( 'NONE',  ( 4.354300872168229475, 2.428612866367525893E-13, -5.232399999999994833 ) ) ;
#1417 = EDGE_LOOP ( 'NONE', ( #2437, #1764, #1253, #144 ) ) ;
#1418 = DIRECTION ( 'NONE',  ( 0.000000000000000000, 0.000000000000000000, 1.000000000000000000 ) ) ;
#1419 = PLANE ( 'NONE',  #592 ) ;
#1420 = CARTESIAN_POINT ( 'NONE',  ( -0.6928203230275999935, 0.1000000000000000056, -8.500000000000000000 ) ) ;
#1421 = PRESENTATION_LAYER_ASSIGNMENT (  '', '', ( #1516 ) ) ;
#1422 = CARTESIAN_POINT ( 'NONE',  ( 0.1000000000000000056, 0.9949874371066099732, -4.500000000000000888 ) ) ;
#1423 = LINE ( 'NONE', #2294, #2705 ) ;
#1424 = EDGE_CURVE ( 'NONE', #783, #1413, #869, .T. ) ;
#1425 = ORIENTED_EDGE ( 'NONE', *, *, #250, .T. ) ;
#1426 = EDGE_CURVE ( 'NONE', #446, #2416, #1563, .T. ) ;
#1427 = DIRECTION ( 'NONE',  ( -0.000000000000000000, -0.000000000000000000, 1.000000000000000000 ) ) ;
#1428 = ORIENTED_EDGE ( 'NONE', *, *, #1672, .T. ) ;
#1429 = PLANE ( 'NONE',  #145 ) ;
#1430 = DIRECTION ( 'NONE',  ( 0.000000000000000000, 0.000000000000000000, 1.000000000000000000 ) ) ;
#1431 = ORIENTED_EDGE ( 'NONE', *, *, #1973, .T. ) ;
#1432 = CIRCLE ( 'NONE', #791, 4.412614758428053285 ) ;
#1433 = DIRECTION ( 'NONE',  ( 0.000000000000000000, 0.000000000000000000, -1.000000000000000000 ) ) ;
#1434 = AXIS2_PLACEMENT_3D ( 'NONE', #1097, #2655, #1967 ) ;
#1435 = CARTESIAN_POINT ( 'NONE',  ( -4.263305870160102984, -0.6451254530397693143, -5.012923137517987904 ) ) ;
#1436 = CARTESIAN_POINT ( 'NONE',  ( 0.000000000000000000, 0.000000000000000000, -18.39999999999999858 ) ) ;
#1437 = PRESENTATION_LAYER_ASSIGNMENT (  '', '', ( #248 ) ) ;
#1438 =( GEOMETRIC_REPRESENTATION_CONTEXT ( 3 ) GLOBAL_UNCERTAINTY_ASSIGNED_CONTEXT ( ( #1239 ) ) GLOBAL_UNIT_ASSIGNED_CONTEXT ( ( #819, #2308, #2338 ) ) REPRESENTATION_CONTEXT ( 'NONE', 'WORKASPACE' ) );
#1439 = ORIENTED_EDGE ( 'NONE', *, *, #1709, .T. ) ;
#1440 = DIRECTION ( 'NONE',  ( 0.000000000000000000, 0.000000000000000000, -1.000000000000000000 ) ) ;
#1441 = VECTOR ( 'NONE', #826, 1000.000000000000114 ) ;
#1442 = UNCERTAINTY_MEASURE_WITH_UNIT (LENGTH_MEASURE( 1.000000000000000082E-05 ), #1864, 'distance_accuracy_value', 'NONE');
#1443 = ADVANCED_FACE ( 'NONE', ( #220 ), #1519, .F. ) ;
#1444 = ORIENTED_EDGE ( 'NONE', *, *, #2409, .T. ) ;
#1445 = FACE_OUTER_BOUND ( 'NONE', #1892, .T. ) ;
#1446 =( LENGTH_UNIT ( ) NAMED_UNIT ( * ) SI_UNIT ( .MILLI., .METRE. ) );
#1447 = EDGE_CURVE ( 'NONE', #529, #2687, #2032, .T. ) ;
#1448 = ORIENTED_EDGE ( 'NONE', *, *, #1918, .F. ) ;
#1449 = CARTESIAN_POINT ( 'NONE',  ( -0.1000000000000010048, 0.9949874371066197432, -4.500000000000000888 ) ) ;
#1450 = CARTESIAN_POINT ( 'NONE',  ( -4.214360403353823337, 0.8139071827538436610, -4.813271406825093912 ) ) ;
#1451 = UNCERTAINTY_MEASURE_WITH_UNIT (LENGTH_MEASURE( 1.000000000000000082E-05 ), #765, 'distance_accuracy_value', 'NONE');
#1453 = CARTESIAN_POINT ( 'NONE',  ( 0.6928203230223497489, 0.1000000000000000056, -3.699999999983298871 ) ) ;
#1452 = CARTESIAN_POINT ( 'NONE',  ( 4.223290117734527449, 0.7701333271986841034, -4.889089948689804288 ) ) ;
#1454 = LINE ( 'NONE', #141, #1616 ) ;
#1455 = ORIENTED_EDGE ( 'NONE', *, *, #809, .F. ) ;
#1456 = VERTEX_POINT ( 'NONE', #1836 ) ;
#1457 = DIRECTION ( 'NONE',  ( -1.000000000000000000, 0.000000000000000000, 0.000000000000000000 ) ) ;
#1458 = DIRECTION ( 'NONE',  ( 0.000000000000000000, 0.000000000000000000, 1.000000000000000000 ) ) ;
#1459 = SURFACE_STYLE_FILL_AREA ( #1262 ) ;
#1460 = ADVANCED_FACE ( 'NONE', ( #117, #773 ), #1379, .T. ) ;
#1461 = ORIENTED_EDGE ( 'NONE', *, *, #430, .T. ) ;
#1462 = CARTESIAN_POINT ( 'NONE',  ( -4.279789577806753620, 0.5710670083825134524, -5.055734180908155295 ) ) ;
#1463 = EDGE_CURVE ( 'NONE', #1946, #1054, #1648, .T. ) ;
#1464 = CARTESIAN_POINT ( 'NONE',  ( 3.181980515339000171, 3.783021279348000032, -38.50000000000000000 ) ) ;
#1465 = CARTESIAN_POINT ( 'NONE',  ( 0.000000000000000000, 0.000000000000000000, -13.90000000000000036 ) ) ;
#1466 = B_SPLINE_CURVE_WITH_KNOTS ( 'NONE', 3,
 ( #2045, #1696, #554, #1435, #1667, #1685 ),
 .UNSPECIFIED., .F., .F.,
 ( 4, 2, 4 ),
 ( 0.001044388461473539330, 0.001565564550541295686, 0.002086740639609052043 ),
 .UNSPECIFIED. ) ;
#1467 = VERTEX_POINT ( 'NONE', #72 ) ;
#1468 = CARTESIAN_POINT ( 'NONE',  ( 0.000000000000000000, 0.000000000000000000, -6.485472490339816432 ) ) ;
#1469 = ORIENTED_EDGE ( 'NONE', *, *, #1763, .F. ) ;
#1471 = DIRECTION ( 'NONE',  ( -0.3420201433242631150, 0.000000000000000000, -0.9396926207864200187 ) ) ;
#1470 = FACE_OUTER_BOUND ( 'NONE', #454, .T. ) ;
#1472 = DIRECTION ( 'NONE',  ( 1.000000000000000000, 0.000000000000000000, 0.000000000000000000 ) ) ;
#1473 = DIRECTION ( 'NONE',  ( 0.000000000000000000, 1.000000000000000000, 0.000000000000000000 ) ) ;
#1474 = STYLED_ITEM ( 'NONE', ( #228 ), #689 ) ;
#1475 =( NAMED_UNIT ( * ) PLANE_ANGLE_UNIT ( ) SI_UNIT ( $, .RADIAN. ) );
#1476 = CARTESIAN_POINT ( 'NONE',  ( 4.176118331498458680, -0.9906057143773346896, -4.416286405680177829 ) ) ;
#1477 = AXIS2_PLACEMENT_3D ( 'NONE', #2724, #2096, #384 ) ;
#1478 = AXIS2_PLACEMENT_3D ( 'NONE', #1104, #444, #455 ) ;
#1480 = FILL_AREA_STYLE ('',( #601 ) ) ;
#1479 = DIRECTION ( 'NONE',  ( 0.000000000000000000, 0.000000000000000000, -1.000000000000000000 ) ) ;
#1481 = ADVANCED_FACE ( 'NONE', ( #2074, #2017 ), #2057, .T. ) ;
#1482 = SURFACE_STYLE_USAGE ( .BOTH. , #602 ) ;
#1483 = DIRECTION ( 'NONE',  ( -1.000000000000000000, 9.769962616701377556E-15, 0.000000000000000000 ) ) ;
#1484 = CIRCLE ( 'NONE', #244, 0.9906000000000003691 ) ;
#1485 = ORIENTED_EDGE ( 'NONE', *, *, #775, .T. ) ;
#1486 = EDGE_CURVE ( 'NONE', #2678, #2486, #2248, .T. ) ;
#1487 = CYLINDRICAL_SURFACE ( 'NONE', #1537, 4.799999999999999822 ) ;
#1488 = VECTOR ( 'NONE', #657, 1000.000000000000000 ) ;
#1489 = ORIENTED_EDGE ( 'NONE', *, *, #856, .T. ) ;
#1491 = CARTESIAN_POINT ( 'NONE',  ( 0.000000000000000000, 0.000000000000000000, -3.699999999980718712 ) ) ;
#1490 = CARTESIAN_POINT ( 'NONE',  ( 3.181980515339000171, 3.783021279348000032, -13.90000000000000213 ) ) ;
#1492 = DIRECTION ( 'NONE',  ( -0.7071067811864976127, -0.7071067811865975328, 0.000000000000000000 ) ) ;
#1493 =( GEOMETRIC_REPRESENTATION_CONTEXT ( 3 ) GLOBAL_UNCERTAINTY_ASSIGNED_CONTEXT ( ( #2327 ) ) GLOBAL_UNIT_ASSIGNED_CONTEXT ( ( #379, #545, #362 ) ) REPRESENTATION_CONTEXT ( 'NONE', 'WORKASPACE' ) );
#1494 =( LENGTH_UNIT ( ) NAMED_UNIT ( * ) SI_UNIT ( .MILLI., .METRE. ) );
#1495 = PRODUCT_DEFINITION_FORMATION_WITH_SPECIFIED_SOURCE ( 'ANY', '', #2691, .NOT_KNOWN. ) ;
#1496 = VERTEX_POINT ( 'NONE', #100 ) ;
#1497 = LINE ( 'NONE', #802, #101 ) ;
#1498 = CARTESIAN_POINT ( 'NONE',  ( -0.6928203230229521559, -0.1000000000000000056, -3.699999999982702459 ) ) ;
#1500 = FACE_OUTER_BOUND ( 'NONE', #1146, .T. ) ;
#1499 = CARTESIAN_POINT ( 'NONE',  ( 3.783021279348011134, 3.181980515339011273, -13.90000000000000213 ) ) ;
#1501 = CARTESIAN_POINT ( 'NONE',  ( 5.256184061940439666E-16, -4.291999999999999815, -3.746499999999999719 ) ) ;
#1502 = ORIENTED_EDGE ( 'NONE', *, *, #1010, .T. ) ;
#1503 = CARTESIAN_POINT ( 'NONE',  ( 3.181980515339457583, -2.580939751330542542, -38.50000000000000000 ) ) ;
#1504 = EDGE_CURVE ( 'NONE', #2486, #2772, #300, .T. ) ;
#1505 = EDGE_LOOP ( 'NONE', ( #1179, #75 ) ) ;
#1507 = CARTESIAN_POINT ( 'NONE',  ( 0.4899999999999999911, 0.000000000000000000, -13.90000000000000036 ) ) ;
#1506 = DIRECTION ( 'NONE',  ( 0.000000000000000000, 0.000000000000000000, 1.000000000000000000 ) ) ;
#1508 = LINE ( 'NONE', #2388, #1982 ) ;
#1509 = CARTESIAN_POINT ( 'NONE',  ( 0.000000000000000000, -0.4485786437626905765, -18.40000000000000213 ) ) ;
#1510 = EDGE_LOOP ( 'NONE', ( #654, #1122, #2001, #464 ) ) ;
#1511 = DIRECTION ( 'NONE',  ( 1.000000000000000000, 0.000000000000000000, 0.000000000000000000 ) ) ;
#1512 = CARTESIAN_POINT ( 'NONE',  ( -1.051236812388088130E-15, 4.291999999999999815, -4.737099999999998978 ) ) ;
#1513 =( LENGTH_UNIT ( ) NAMED_UNIT ( * ) SI_UNIT ( .MILLI., .METRE. ) );
#1514 = CARTESIAN_POINT ( 'NONE',  ( 0.7800000000000001377, 0.3899999999999999578, -18.39999999999999503 ) ) ;
#1515 = ORIENTED_EDGE ( 'NONE', *, *, #1653, .T. ) ;
#1516 = STYLED_ITEM ( 'NONE', ( #2449 ), #143 ) ;
#1517 = CARTESIAN_POINT ( 'NONE',  ( 4.205389129438559692, -0.8578847649888583504, -3.746499999999987729 ) ) ;
#1518 = COLOUR_RGB ( '',0.6470588235294117974, 0.5176470588235293491, 0.000000000000000000 ) ;
#1519 =( BOUNDED_SURFACE ( )  B_SPLINE_SURFACE ( 3, 3, ( 
 ( #1957, #1326, #650, #1783 ),
 ( #1529, #2210, #1969, #2431 ),
 ( #881, #2621, #475, #2226 ),
 ( #1313, #258, #1545, #1392 ) ),
 .UNSPECIFIED., .F., .F., .F. ) 
 B_SPLINE_SURFACE_WITH_KNOTS ( ( 4, 4 ),
 ( 4, 4 ),
 ( 0.000000000000000000, 1.000000000000000000 ),
 ( 0.000000000000000000, 1.000000000000000000 ),
 .UNSPECIFIED. ) 
 GEOMETRIC_REPRESENTATION_ITEM ( )  RATIONAL_B_SPLINE_SURFACE ( (
 ( 1.000000000000000000, 0.3333333333333334259, 0.3333333333333334259, 1.000000000000000000),
 ( 0.9898718353414830418, 0.3299572784471611064, 0.3299572784471611064, 0.9898718353414830418),
 ( 0.9898718353414830418, 0.3299572784471611064, 0.3299572784471611064, 0.9898718353414830418),
 ( 1.000000000000000000, 0.3333333333333334259, 0.3333333333333334259, 1.000000000000000000) ) ) 
 REPRESENTATION_ITEM ( '' )  SURFACE ( )  );
#1520 = ORIENTED_EDGE ( 'NONE', *, *, #2199, .T. ) ;
#1522 = DIRECTION ( 'NONE',  ( 0.000000000000000000, 0.000000000000000000, 1.000000000000000000 ) ) ;
#1521 =( NAMED_UNIT ( * ) PLANE_ANGLE_UNIT ( ) SI_UNIT ( $, .RADIAN. ) );
#1523 = DIRECTION ( 'NONE',  ( -0.000000000000000000, 0.000000000000000000, 1.000000000000000000 ) ) ;
#1524 = DIRECTION ( 'NONE',  ( 0.7071067811864976127, 0.7071067811865975328, 0.000000000000000000 ) ) ;
#1525 = VERTEX_POINT ( 'NONE', #540 ) ;
#1526 = EDGE_CURVE ( 'NONE', #195, #1933, #1894, .T. ) ;
#1527 = CARTESIAN_POINT ( 'NONE',  ( 0.000000000000000000, 0.000000000000000000, -3.499999999974079401 ) ) ;
#1528 = CARTESIAN_POINT ( 'NONE',  ( -4.205389129438559692, 0.8578847649888583504, -3.746499999999987729 ) ) ;
#1529 = CARTESIAN_POINT ( 'NONE',  ( 0.000000000000000000, 4.291999999999999815, -4.970999880054582931 ) ) ;
#1530 = AXIS2_PLACEMENT_3D ( 'NONE', #2003, #2654, #700 ) ;
#1531 = ORIENTED_EDGE ( 'NONE', *, *, #2679, .F. ) ;
#1532 = VECTOR ( 'NONE', #2469, 1000.000000000000000 ) ;
#1533 = VECTOR ( 'NONE', #2288, 1000.000000000000000 ) ;
#1534 = VERTEX_POINT ( 'NONE', #498 ) ;
#1535 = DIRECTION ( 'NONE',  ( 1.000000000000000000, 0.000000000000000000, 0.000000000000000000 ) ) ;
#1536 = LINE ( 'NONE', #1766, #2305 ) ;
#1537 = AXIS2_PLACEMENT_3D ( 'NONE', #2534, #165, #1886 ) ;
#1538 = EDGE_CURVE ( 'NONE', #1159, #2564, #85, .T. ) ;
#1539 = VERTEX_POINT ( 'NONE', #2698 ) ;
#1540 = SURFACE_STYLE_USAGE ( .BOTH. , #661 ) ;
#1541 = DIRECTION ( 'NONE',  ( 2.409338160922831432E-16, -0.000000000000000000, -1.000000000000000000 ) ) ;
#1542 = CIRCLE ( 'NONE', #1727, 0.9906000000000003691 ) ;
#1543 = EDGE_CURVE ( 'NONE', #2478, #956, #512, .T. ) ;
#1544 = FILL_AREA_STYLE ('',( #880 ) ) ;
#1545 = CARTESIAN_POINT ( 'NONE',  ( 8.825229516856104794, -4.412614758428052397, -5.421140286650980578 ) ) ;
#1546 = ORIENTED_EDGE ( 'NONE', *, *, #1114, .T. ) ;
#1547 = FACE_OUTER_BOUND ( 'NONE', #2610, .T. ) ;
#1548 = VERTEX_POINT ( 'NONE', #1867 ) ;
#1549 = CARTESIAN_POINT ( 'NONE',  ( 3.181980515339000171, 3.783021279348000032, -38.50000000000000000 ) ) ;
#1550 = CARTESIAN_POINT ( 'NONE',  ( -2.580939751330885379, 3.181980515339156934, -18.39999999999999858 ) ) ;
#1551 = ORIENTED_EDGE ( 'NONE', *, *, #1426, .T. ) ;
#1552 = CARTESIAN_POINT ( 'NONE',  ( 0.1000000000000000056, -0.8944271910415488858, -3.499999999991002753 ) ) ;
#1553 = CARTESIAN_POINT ( 'NONE',  ( -8.665232575855936759, -4.332616287927970156, -5.201346295360965044 ) ) ;
#1554 = EDGE_CURVE ( 'NONE', #124, #1159, #269, .T. ) ;
#1555 = DIRECTION ( 'NONE',  ( 0.000000000000000000, 0.000000000000000000, -1.000000000000000000 ) ) ;
#1556 = ORIENTED_EDGE ( 'NONE', *, *, #90, .F. ) ;
#1557 = ORIENTED_EDGE ( 'NONE', *, *, #1830, .F. ) ;
#1558 = MECHANICAL_DESIGN_GEOMETRIC_PRESENTATION_REPRESENTATION (  '', ( #1516 ), #499 ) ;
#1559 = CARTESIAN_POINT ( 'NONE',  ( 0.1000000000000000056, 0.000000000000000000, -8.500000000000000000 ) ) ;
#1560 = ORIENTED_EDGE ( 'NONE', *, *, #304, .T. ) ;
#1561 = DIRECTION ( 'NONE',  ( 0.000000000000000000, 1.000000000000000000, 0.000000000000000000 ) ) ;
#1562 = DIRECTION ( 'NONE',  ( -1.000000000000000000, 0.000000000000000000, 0.000000000000000000 ) ) ;
#1563 = LINE ( 'NONE', #1793, #935 ) ;
#1564 = EDGE_CURVE ( 'NONE', #823, #1039, #2743, .T. ) ;
#1565 = VECTOR ( 'NONE', #1993, 1000.000000000000114 ) ;
#1566 = ORIENTED_EDGE ( 'NONE', *, *, #336, .T. ) ;
#1567 = VECTOR ( 'NONE', #1658, 1000.000000000000114 ) ;
#1568 = B_SPLINE_CURVE_WITH_KNOTS ( 'NONE', 3,
 ( #570, #391, #1268, #1453 ),
 .UNSPECIFIED., .F., .F.,
 ( 4, 4 ),
 ( 2.401310003141279194E-14, 0.0002839812127866744472 ),
 .UNSPECIFIED. ) ;
#1569 = EDGE_CURVE ( 'NONE', #1382, #166, #1622, .T. ) ;
#1570 = ORIENTED_EDGE ( 'NONE', *, *, #2036, .T. ) ;
#1571 = DIRECTION ( 'NONE',  ( 0.000000000000000000, 0.000000000000000000, 1.000000000000000000 ) ) ;
#1572 = VECTOR ( 'NONE', #995, 1000.000000000000000 ) ;
#1573 = DIRECTION ( 'NONE',  ( 1.000000000000000000, 0.000000000000000000, 0.000000000000000000 ) ) ;
#1574 = ORIENTED_EDGE ( 'NONE', *, *, #1554, .T. ) ;
#1575 = CARTESIAN_POINT ( 'NONE',  ( -0.9949874371066197432, -0.1000000000000009909, -3.500000000000000000 ) ) ;
#1576 = LINE ( 'NONE', #2442, #1340 ) ;
#1577 = CARTESIAN_POINT ( 'NONE',  ( 0.9949874371066197432, 0.1000000000000009076, -4.500000000000000888 ) ) ;
#1578 = DIRECTION ( 'NONE',  ( -0.7071067811864976127, -0.7071067811865975328, 0.000000000000000000 ) ) ;
#1579 =( LENGTH_UNIT ( ) NAMED_UNIT ( * ) SI_UNIT ( .MILLI., .METRE. ) );
#1580 = FACE_OUTER_BOUND ( 'NONE', #2780, .T. ) ;
#1581 = AXIS2_PLACEMENT_3D ( 'NONE', #2225, #279, #1165 ) ;
#1582 = ORIENTED_EDGE ( 'NONE', *, *, #1959, .T. ) ;
#1583 = EDGE_CURVE ( 'NONE', #89, #1382, #2675, .T. ) ;
#1584 = ORIENTED_EDGE ( 'NONE', *, *, #2005, .F. ) ;
#1585 = EDGE_CURVE ( 'NONE', #807, #2342, #2176, .T. ) ;
#1586 = FACE_OUTER_BOUND ( 'NONE', #2148, .T. ) ;
#1587 = VERTEX_POINT ( 'NONE', #313 ) ;
#1588 = FILL_AREA_STYLE ('',( #2232 ) ) ;
#1589 = DIRECTION ( 'NONE',  ( 0.000000000000000000, 0.000000000000000000, -1.000000000000000000 ) ) ;
#1590 = CARTESIAN_POINT ( 'NONE',  ( 0.000000000000000000, 0.000000000000000000, -3.062459713305543119 ) ) ;
#1591 = LINE ( 'NONE', #964, #1774 ) ;
#1592 = FILL_AREA_STYLE_COLOUR ( '', #551 ) ;
#1593 = CARTESIAN_POINT ( 'NONE',  ( -4.187683984775333101, -0.9446761686138464009, -4.586772879261324931 ) ) ;
#1594 = VERTEX_POINT ( 'NONE', #721 ) ;
#1595 = ORIENTED_EDGE ( 'NONE', *, *, #996, .F. ) ;
#1596 = CARTESIAN_POINT ( 'NONE',  ( 0.000000000000000000, 0.000000000000000000, -3.500000000000000000 ) ) ;
#1597 = EDGE_CURVE ( 'NONE', #59, #2571, #1432, .T. ) ;
#1598 = ORIENTED_EDGE ( 'NONE', *, *, #955, .T. ) ;
#1599 = SURFACE_SIDE_STYLE ('',( #2680 ) ) ;
#1600 = VECTOR ( 'NONE', #1650, 999.9999999999998863 ) ;
#1601 = DIRECTION ( 'NONE',  ( 0.000000000000000000, 0.000000000000000000, 1.000000000000000000 ) ) ;
#1602 = CYLINDRICAL_SURFACE ( 'NONE', #2256, 0.4899999999999999911 ) ;
#1603 = AXIS2_PLACEMENT_3D ( 'NONE', #1414, #2285, #350 ) ;
#1604 = ADVANCED_FACE ( 'NONE', ( #633 ), #2569, .T. ) ;
#1605 = ORIENTED_EDGE ( 'NONE', *, *, #1526, .T. ) ;
#1606 = CARTESIAN_POINT ( 'NONE',  ( 0.000000000000000000, 0.000000000000000000, -3.500000000000000000 ) ) ;
#1607 = CARTESIAN_POINT ( 'NONE',  ( -1.051236812388088130E-15, 4.291999999999999815, -3.512600119928970699 ) ) ;
#1608 = CARTESIAN_POINT ( 'NONE',  ( 3.783021279348000032, 3.181980515339000171, -13.90000000000000213 ) ) ;
#1609 = ORIENTED_EDGE ( 'NONE', *, *, #1015, .F. ) ;
#1610 = DIRECTION ( 'NONE',  ( 0.000000000000000000, -0.000000000000000000, -1.000000000000000000 ) ) ;
#1611 = ORIENTED_EDGE ( 'NONE', *, *, #943, .T. ) ;
#1612 = CONICAL_SURFACE ( 'NONE', #467, 0.9000000000582986104, 0.7853981635395568262 ) ;
#1613 = CARTESIAN_POINT ( 'NONE',  ( -3.181980515339000171, 3.783021279348000032, -13.90000000000000036 ) ) ;
#1614 = VERTEX_POINT ( 'NONE', #1911 ) ;
#1615 = FACE_OUTER_BOUND ( 'NONE', #2115, .T. ) ;
#1616 = VECTOR ( 'NONE', #207, 1000.000000000000114 ) ;
#1617 = EDGE_CURVE ( 'NONE', #1548, #1045, #1007, .T. ) ;
#1618 = ORIENTED_EDGE ( 'NONE', *, *, #2827, .F. ) ;
#1619 = CIRCLE ( 'NONE', #433, 2.000000000000000888 ) ;
#1620 = DIRECTION ( 'NONE',  ( -1.000000000000000000, 0.000000000000000000, 0.000000000000000000 ) ) ;
#1621 = DIRECTION ( 'NONE',  ( -1.000000000000000000, 0.000000000000000000, 0.000000000000000000 ) ) ;
#1622 = LINE ( 'NONE', #528, #1075 ) ;
#1623 = EDGE_CURVE ( 'NONE', #2300, #783, #1186, .T. ) ;
#1624 = AXIS2_PLACEMENT_3D ( 'NONE', #1320, #428, #1937 ) ;
#1625 = ORIENTED_EDGE ( 'NONE', *, *, #1569, .F. ) ;
#1626 = AXIS2_PLACEMENT_3D ( 'NONE', #2796, #9, #871 ) ;
#1627 = DIRECTION ( 'NONE',  ( -1.000000000000000000, -0.000000000000000000, -0.000000000000000000 ) ) ;
#1628 = VECTOR ( 'NONE', #1506, 1000.000000000000000 ) ;
#1629 = ORIENTED_EDGE ( 'NONE', *, *, #1424, .F. ) ;
#1630 = DIRECTION ( 'NONE',  ( 0.000000000000000000, -0.000000000000000000, -1.000000000000000000 ) ) ;
#1631 = EDGE_LOOP ( 'NONE', ( #2708, #1321, #271, #731, #1958, #321, #680, #137 ) ) ;
#1632 = DIRECTION ( 'NONE',  ( -0.000000000000000000, -1.000000000000000000, 0.000000000000000000 ) ) ;
#1633 = CARTESIAN_POINT ( 'NONE',  ( 4.150000000000000355, 0.000000000000000000, -21.23797256770000175 ) ) ;
#1634 = CARTESIAN_POINT ( 'NONE',  ( -0.9949874371066197432, -0.1000000000000019762, -3.500000000000000000 ) ) ;
#1635 = ORIENTED_EDGE ( 'NONE', *, *, #993, .T. ) ;
#1636 = APPLICATION_CONTEXT ( 'automotive_design' ) ;
#1637 = DIRECTION ( 'NONE',  ( 0.000000000000000000, 0.000000000000000000, 1.000000000000000000 ) ) ;
#1638 = ADVANCED_FACE ( 'NONE', ( #2542 ), #852, .F. ) ;
#1639 = B_SPLINE_CURVE_WITH_KNOTS ( 'NONE', 3,
 ( #199, #2173, #1988, #26, #903, #1275, #1779, #2158 ),
 .UNSPECIFIED., .F., .F.,
 ( 4, 2, 2, 4 ),
 ( 1.084202172485504434E-19, 0.0002610971153683854830, 0.0005221942307367708576, 0.001044388461473542366 ),
 .UNSPECIFIED. ) ;
#1640 = CARTESIAN_POINT ( 'NONE',  ( 0.000000000000000000, 0.000000000000000000, -5.421140286650980578 ) ) ;
#1641 = ORIENTED_EDGE ( 'NONE', *, *, #2230, .F. ) ;
#1642 = DIRECTION ( 'NONE',  ( 0.7071067811864976127, 0.7071067811865975328, 0.000000000000000000 ) ) ;
#1643 = EDGE_LOOP ( 'NONE', ( #2647, #865, #2029, #1675, #298, #1871, #944, #1078, #1355, #801, #1428, #92, #931, #660, #2107, #443, #1815 ) ) ;
#1644 = CARTESIAN_POINT ( 'NONE',  ( -3.181980515339146276, -2.580939751330875165, -13.90000000000000213 ) ) ;
#1645 =( NAMED_UNIT ( * ) SI_UNIT ( $, .STERADIAN. ) SOLID_ANGLE_UNIT ( ) );
#1646 = CARTESIAN_POINT ( 'NONE',  ( 0.000000000000000000, 0.000000000000000000, -8.500000000000000000 ) ) ;
#1647 = ORIENTED_EDGE ( 'NONE', *, *, #1200, .T. ) ;
#1648 = LINE ( 'NONE', #2510, #1572 ) ;
#1650 = DIRECTION ( 'NONE',  ( -0.7071067811859594876, -0.7071067811871356579, 0.000000000000000000 ) ) ;
#1649 = DIRECTION ( 'NONE',  ( -0.000000000000000000, -0.000000000000000000, 1.000000000000000000 ) ) ;
#1651 = VECTOR ( 'NONE', #1522, 1000.000000000000000 ) ;
#1652 = CYLINDRICAL_SURFACE ( 'NONE', #148, 1.000000000000000000 ) ;
#1653 = EDGE_CURVE ( 'NONE', #270, #763, #1682, .T. ) ;
#1654 = ORIENTED_EDGE ( 'NONE', *, *, #463, .F. ) ;
#1655 = SURFACE_STYLE_USAGE ( .BOTH. , #2749 ) ;
#1656 = EDGE_CURVE ( 'NONE', #28, #2704, #707, .T. ) ;
#1657 = CARTESIAN_POINT ( 'NONE',  ( 0.000000000000000000, 0.000000000000000000, -4.737099999999998978 ) ) ;
#1658 = DIRECTION ( 'NONE',  ( 0.7071067811865474617, 0.7071067811865474617, 0.000000000000000000 ) ) ;
#1659 = CARTESIAN_POINT ( 'NONE',  ( 0.000000000000000000, 6.291999999999999815, -3.746500000000000163 ) ) ;
#1660 = AXIS2_PLACEMENT_3D ( 'NONE', #782, #2754, #1242 ) ;
#1661 = SURFACE_STYLE_FILL_AREA ( #125 ) ;
#1662 = AXIS2_PLACEMENT_3D ( 'NONE', #2035, #1212, #120 ) ;
#1663 = DIRECTION ( 'NONE',  ( 0.7071067811865975328, -0.7071067811864976127, 0.000000000000000000 ) ) ;
#1664 = B_SPLINE_CURVE_WITH_KNOTS ( 'NONE', 3,
 ( #2393, #1110, #1955, #2824, #1741, #1528 ),
 .UNSPECIFIED., .F., .F.,
 ( 4, 2, 4 ),
 ( 0.001044388461473539980, 0.001565564550541302408, 0.002086740639609065053 ),
 .UNSPECIFIED. ) ;
#1665 = CIRCLE ( 'NONE', #615, 1.000000000000000000 ) ;
#1667 = CARTESIAN_POINT ( 'NONE',  ( -4.223290117734527449, -0.7701333271986805507, -4.889089948689802512 ) ) ;
#1666 = PRESENTATION_STYLE_ASSIGNMENT (( #621 ) ) ;
#1668 = CARTESIAN_POINT ( 'NONE',  ( 0.000000000000000000, 0.000000000000000000, -4.500000000000000888 ) ) ;
#1669 = CIRCLE ( 'NONE', #1624, 2.000000000000000888 ) ;
#1670 = PRESENTATION_LAYER_ASSIGNMENT (  '', '', ( #65 ) ) ;
#1671 = ORIENTED_EDGE ( 'NONE', *, *, #1923, .T. ) ;
#1672 = EDGE_CURVE ( 'NONE', #2168, #1971, #842, .T. ) ;
#1673 = FACE_OUTER_BOUND ( 'NONE', #914, .T. ) ;
#1674 = AXIS2_PLACEMENT_3D ( 'NONE', #844, #2495, #182 ) ;
#1675 = ORIENTED_EDGE ( 'NONE', *, *, #2785, .T. ) ;
#1676 = CARTESIAN_POINT ( 'NONE',  ( -5.500000000000000000, 0.000000000000000000, -13.90000000000000036 ) ) ;
#1677 = EDGE_CURVE ( 'NONE', #956, #48, #2529, .T. ) ;
#1678 = CARTESIAN_POINT ( 'NONE',  ( 0.000000000000000000, -0.1000000000000000056, -4.500000000000000888 ) ) ;
#1679 = DIRECTION ( 'NONE',  ( 0.000000000000000000, -0.000000000000000000, -1.000000000000000000 ) ) ;
#1680 = ORIENTED_EDGE ( 'NONE', *, *, #2631, .T. ) ;
#1681 = LINE ( 'NONE', #155, #142 ) ;
#1682 = LINE ( 'NONE', #1693, #1032 ) ;
#1683 = UNCERTAINTY_MEASURE_WITH_UNIT (LENGTH_MEASURE( 1.000000000000000082E-05 ), #1147, 'distance_accuracy_value', 'NONE');
#1685 = CARTESIAN_POINT ( 'NONE',  ( -4.205389129438561469, -0.8578847649888502458, -4.737100000000023847 ) ) ;
#1684 = CYLINDRICAL_SURFACE ( 'NONE', #2401, 0.6999999999999999556 ) ;
#1686 = DIRECTION ( 'NONE',  ( -0.7071067811865975328, 0.7071067811864976127, 0.000000000000000000 ) ) ;
#1687 = ORIENTED_EDGE ( 'NONE', *, *, #2108, .T. ) ;
#1688 = ORIENTED_EDGE ( 'NONE', *, *, #711, .T. ) ;
#1689 = CARTESIAN_POINT ( 'NONE',  ( -3.181980515339042803, 3.783021279348042665, -38.50000000000000000 ) ) ;
#1690 = CARTESIAN_POINT ( 'NONE',  ( 3.783021279348000032, -3.181980515339000171, -38.50000000000000000 ) ) ;
#1691 = CARTESIAN_POINT ( 'NONE',  ( -4.187685032327868484, 0.9446710334648957819, -4.586781773600210776 ) ) ;
#1692 = EDGE_CURVE ( 'NONE', #2416, #2509, #1926, .T. ) ;
#1693 = CARTESIAN_POINT ( 'NONE',  ( -3.181980515339000171, -3.783021279348000032, -18.39999999999999858 ) ) ;
#1694 = EDGE_CURVE ( 'NONE', #1525, #1827, #2304, .T. ) ;
#1696 = CARTESIAN_POINT ( 'NONE',  ( -4.354300872168207270, -0.1755032737876440763, -5.232399999999939766 ) ) ;
#1695 = CARTESIAN_POINT ( 'NONE',  ( 0.000000000000000000, -0.1000000000000000056, -4.500000000000000888 ) ) ;
#1697 = FILL_AREA_STYLE ('',( #821 ) ) ;
#1698 = MECHANICAL_DESIGN_GEOMETRIC_PRESENTATION_REPRESENTATION (  '', ( #230 ), #824 ) ;
#1699 = CARTESIAN_POINT ( 'NONE',  ( 0.000000000000000000, 0.000000000000000000, -13.90000000000000036 ) ) ;
#1700 = AXIS2_PLACEMENT_3D ( 'NONE', #1657, #2083, #1003 ) ;
#1701 = ORIENTED_EDGE ( 'NONE', *, *, #2281, .T. ) ;
#1702 = CARTESIAN_POINT ( 'NONE',  ( -3.181980515339000171, 3.783021279348000032, -38.50000000000000000 ) ) ;
#1703 = ORIENTED_EDGE ( 'NONE', *, *, #2745, .F. ) ;
#1704 = CARTESIAN_POINT ( 'NONE',  ( -4.261446455272122513, -0.6399963861433224377, -3.480833504257643707 ) ) ;
#1705 = CARTESIAN_POINT ( 'NONE',  ( 3.181980515339000171, -3.783021279348000032, -18.39999999999999858 ) ) ;
#1706 = COLOUR_RGB ( '',0.6470588235294117974, 0.5176470588235293491, 0.000000000000000000 ) ;
#1707 = ORIENTED_EDGE ( 'NONE', *, *, #1866, .T. ) ;
#1708 = PRESENTATION_STYLE_ASSIGNMENT (( #1877 ) ) ;
#1709 = EDGE_CURVE ( 'NONE', #557, #249, #1055, .T. ) ;
#1710 = CARTESIAN_POINT ( 'NONE',  ( -0.9799999999999998712, 0.4900000000000002132, -18.30000000000000071 ) ) ;
#1711 = VECTOR ( 'NONE', #1306, 1000.000000000000000 ) ;
#1712 = VECTOR ( 'NONE', #623, 1000.000000000000000 ) ;
#1714 = DIRECTION ( 'NONE',  ( -1.000000000000000000, 0.000000000000000000, 0.000000000000000000 ) ) ;
#1713 = CARTESIAN_POINT ( 'NONE',  ( 4.263305870160102984, 0.6451254530397693143, -5.012923137517985239 ) ) ;
#1715 = EDGE_CURVE ( 'NONE', #2200, #2588, #1828, .T. ) ;
#1716 = CARTESIAN_POINT ( 'NONE',  ( 0.000000000000000000, 4.332616287933624299, -3.282253704606886036 ) ) ;
#1717 = CIRCLE ( 'NONE', #2806, 0.9000000000582986104 ) ;
#1718 = ORIENTED_EDGE ( 'NONE', *, *, #2141, .F. ) ;
#1719 = AXIS2_PLACEMENT_3D ( 'NONE', #251, #200, #1081 ) ;
#1720 = FACE_OUTER_BOUND ( 'NONE', #1795, .T. ) ;
#1721 = STYLED_ITEM ( 'NONE', ( #897 ), #2556 ) ;
#1722 = EDGE_LOOP ( 'NONE', ( #1461, #103, #1225, #2058 ) ) ;
#1723 = CARTESIAN_POINT ( 'NONE',  ( 0.000000000000000000, -0.4899999999999999911, -18.30000000000000071 ) ) ;
#1724 = DIRECTION ( 'NONE',  ( 0.000000000000000000, 0.000000000000000000, -1.000000000000000000 ) ) ;
#1725 = CIRCLE ( 'NONE', #1131, 0.1000000000000000472 ) ;
#1726 = CARTESIAN_POINT ( 'NONE',  ( 0.7799999999999998046, -0.3900000000000000133, -18.40000000000000213 ) ) ;
#1727 = AXIS2_PLACEMENT_3D ( 'NONE', #2042, #1851, #760 ) ;
#1728 = ORIENTED_EDGE ( 'NONE', *, *, #2105, .F. ) ;
#1729 = DIRECTION ( 'NONE',  ( 1.000000000000000000, 0.000000000000000000, -0.000000000000000000 ) ) ;
#1730 = CARTESIAN_POINT ( 'NONE',  ( -1.200153863164406444E-16, -0.4900000000000000466, -18.35857864376268722 ) ) ;
#1731 = CARTESIAN_POINT ( 'NONE',  ( 0.000000000000000000, -0.3900000000000000688, -18.39999999999999858 ) ) ;
#1732 = ADVANCED_FACE ( 'NONE', ( #619 ), #2223, .F. ) ;
#1733 = ORIENTED_EDGE ( 'NONE', *, *, #598, .T. ) ;
#1734 = CARTESIAN_POINT ( 'NONE',  ( -0.1000000000000000056, -0.7600994779570059423, -3.633410905921263367 ) ) ;
#1735 = ORIENTED_EDGE ( 'NONE', *, *, #407, .F. ) ;
#1736 = CARTESIAN_POINT ( 'NONE',  ( 0.000000000000000000, 0.000000000000000000, -13.90000000000000036 ) ) ;
#1737 = CARTESIAN_POINT ( 'NONE',  ( 0.000000000000000000, 0.000000000000000000, -18.39999999999999858 ) ) ;
#1738 = DIRECTION ( 'NONE',  ( 0.000000000000000000, 0.000000000000000000, -1.000000000000000000 ) ) ;
#1739 = ORIENTED_EDGE ( 'NONE', *, *, #1166, .T. ) ;
#1740 =( NAMED_UNIT ( * ) PLANE_ANGLE_UNIT ( ) SI_UNIT ( $, .RADIAN. ) );
#1741 = CARTESIAN_POINT ( 'NONE',  ( -4.223290117734526561, 0.7701333271986842144, -3.594510051310192189 ) ) ;
#1742 = CYLINDRICAL_SURFACE ( 'NONE', #2583, 0.6999999999999999556 ) ;
#1743 = CARTESIAN_POINT ( 'NONE',  ( 0.000000000000000000, 0.000000000000000000, -3.062459713305543119 ) ) ;
#1744 = B_SPLINE_CURVE_WITH_KNOTS ( 'NONE', 3,
 ( #383, #2549, #591, #1305 ),
 .UNSPECIFIED., .F., .F.,
 ( 4, 4 ),
 ( 2.401317700203342387E-14, 0.0002839812127866743930 ),
 .UNSPECIFIED. ) ;
#1745 = VERTEX_POINT ( 'NONE', #909 ) ;
#1746 = AXIS2_PLACEMENT_3D ( 'NONE', #275, #699, #932 ) ;
#1747 = EDGE_CURVE ( 'NONE', #1386, #2271, #1850, .T. ) ;
#1748 = DIRECTION ( 'NONE',  ( -1.000000000000000000, 0.000000000000000000, 0.000000000000000000 ) ) ;
#1749 =( GEOMETRIC_REPRESENTATION_CONTEXT ( 3 ) GLOBAL_UNCERTAINTY_ASSIGNED_CONTEXT ( ( #583 ) ) GLOBAL_UNIT_ASSIGNED_CONTEXT ( ( #2095, #93, #2505 ) ) REPRESENTATION_CONTEXT ( 'NONE', 'WORKASPACE' ) );
#1750 = ORIENTED_EDGE ( 'NONE', *, *, #2164, .F. ) ;
#1751 = CARTESIAN_POINT ( 'NONE',  ( -3.783021279348000032, 3.181980515339000171, -38.50000000000000000 ) ) ;
#1752 = DIRECTION ( 'NONE',  ( 1.000000000000000000, 0.000000000000000000, 0.000000000000000000 ) ) ;
#1753 = ORIENTED_EDGE ( 'NONE', *, *, #2391, .F. ) ;
#1754 = CARTESIAN_POINT ( 'NONE',  ( 0.8944271910455365848, -0.1000000000000000056, -3.499999999987039700 ) ) ;
#1755 = CARTESIAN_POINT ( 'NONE',  ( -1.061184933788935135E-15, 4.332616287927968379, -5.201346295360965044 ) ) ;
#1756 = LINE ( 'NONE', #2637, #118 ) ;
#1757 = MECHANICAL_DESIGN_GEOMETRIC_PRESENTATION_REPRESENTATION (  '', ( #2563 ), #2250 ) ;
#1758 = DIRECTION ( 'NONE',  ( 0.000000000000000000, 0.000000000000000000, 1.000000000000000000 ) ) ;
#1759 = COLOUR_RGB ( '',0.6470588235294117974, 0.5176470588235293491, 0.000000000000000000 ) ;
#1760 = ORIENTED_EDGE ( 'NONE', *, *, #910, .F. ) ;
#1761 = CARTESIAN_POINT ( 'NONE',  ( 0.000000000000000000, 0.000000000000000000, -4.500000000000000888 ) ) ;
#1762 = AXIS2_PLACEMENT_3D ( 'NONE', #1590, #1375, #975 ) ;
#1763 = EDGE_CURVE ( 'NONE', #1769, #2593, #1345, .T. ) ;
#1764 = ORIENTED_EDGE ( 'NONE', *, *, #54, .F. ) ;
#1765 = CARTESIAN_POINT ( 'NONE',  ( 3.181980515339000171, -3.783021279348000032, -18.39999999999999858 ) ) ;
#1766 = CARTESIAN_POINT ( 'NONE',  ( 0.1000000000000018929, -0.9949874371066197432, -3.500000000000000000 ) ) ;
#1767 = AXIS2_PLACEMENT_3D ( 'NONE', #76, #1427, #2126 ) ;
#1768 = EDGE_CURVE ( 'NONE', #1999, #490, #2477, .T. ) ;
#1769 = VERTEX_POINT ( 'NONE', #218 ) ;
#1770 = CYLINDRICAL_SURFACE ( 'NONE', #2332, 0.9906000000000003691 ) ;
#1771 = AXIS2_PLACEMENT_3D ( 'NONE', #911, #437, #2825 ) ;
#1772 = DIRECTION ( 'NONE',  ( -1.000000000000000000, 0.000000000000000000, 0.000000000000000000 ) ) ;
#1773 = DIRECTION ( 'NONE',  ( -0.000000000000000000, 0.000000000000000000, 1.000000000000000000 ) ) ;
#1774 = VECTOR ( 'NONE', #474, 1000.000000000000114 ) ;
#1775 = FILL_AREA_STYLE_COLOUR ( '', #520 ) ;
#1776 = DIRECTION ( 'NONE',  ( 0.000000000000000000, 0.000000000000000000, 1.000000000000000000 ) ) ;
#1777 = ORIENTED_EDGE ( 'NONE', *, *, #2466, .T. ) ;
#1778 = ORIENTED_EDGE ( 'NONE', *, *, #679, .F. ) ;
#1779 = CARTESIAN_POINT ( 'NONE',  ( 4.354300872168249015, 0.1758461275746593666, -3.251199999999969670 ) ) ;
#1780 = ORIENTED_EDGE ( 'NONE', *, *, #1959, .F. ) ;
#1781 = CARTESIAN_POINT ( 'NONE',  ( -2.375000000000000000, 0.000000000000000000, -8.500000000000000000 ) ) ;
#1782 = EDGE_CURVE ( 'NONE', #484, #1394, #334, .T. ) ;
#1783 = CARTESIAN_POINT ( 'NONE',  ( 5.256184061940439666E-16, -4.291999999999999815, -4.737099999999998978 ) ) ;
#1784 = EDGE_CURVE ( 'NONE', #420, #777, #288, .T. ) ;
#1785 = VERTEX_POINT ( 'NONE', #1994 ) ;
#1786 = VERTEX_POINT ( 'NONE', #1781 ) ;
#1787 = MECHANICAL_DESIGN_GEOMETRIC_PRESENTATION_REPRESENTATION (  '', ( #1831 ), #3 ) ;
#1788 = LINE ( 'NONE', #971, #2219 ) ;
#1789 = ORIENTED_EDGE ( 'NONE', *, *, #90, .T. ) ;
#1790 = CARTESIAN_POINT ( 'NONE',  ( 0.000000000000000000, 0.000000000000000000, -13.90000000000000036 ) ) ;
#1791 = CARTESIAN_POINT ( 'NONE',  ( 0.000000000000000000, 0.000000000000000000, -4.737099999999998978 ) ) ;
#1792 = DIRECTION ( 'NONE',  ( 0.000000000000000000, 0.000000000000000000, 1.000000000000000000 ) ) ;
#1793 = CARTESIAN_POINT ( 'NONE',  ( 3.783021279348000032, -3.181980515339000171, -13.90000000000000036 ) ) ;
#1794 = AXIS2_PLACEMENT_3D ( 'NONE', #2015, #55, #720 ) ;
#1795 = EDGE_LOOP ( 'NONE', ( #1916, #154, #1116, #978 ) ) ;
#1796 = EDGE_CURVE ( 'NONE', #1745, #476, #895, .T. ) ;
#1797 = VECTOR ( 'NONE', #2259, 1000.000000000000114 ) ;
#1798 = ORIENTED_EDGE ( 'NONE', *, *, #724, .F. ) ;
#1799 = CARTESIAN_POINT ( 'NONE',  ( -0.6928203230229521559, -0.1000000000000000056, -3.699999999982702459 ) ) ;
#1800 = VECTOR ( 'NONE', #742, 1000.000000000000000 ) ;
#1801 = ORIENTED_EDGE ( 'NONE', *, *, #2830, .T. ) ;
#1802 = CARTESIAN_POINT ( 'NONE',  ( 0.000000000000000000, -0.1000000000000000056, -8.500000000000000000 ) ) ;
#1803 = CARTESIAN_POINT ( 'NONE',  ( 5.500000000000000000, 6.735557395310442023E-16, -13.90000000000000036 ) ) ;
#1804 = AXIS2_PLACEMENT_3D ( 'NONE', #1596, #2460, #2255 ) ;
#1805 = DIRECTION ( 'NONE',  ( 0.000000000000000000, 0.000000000000000000, -1.000000000000000000 ) ) ;
#1806 = DIRECTION ( 'NONE',  ( -1.000000000000000000, 0.000000000000000000, 0.000000000000000000 ) ) ;
#1807 = PLANE ( 'NONE',  #2018 ) ;
#1808 = CARTESIAN_POINT ( 'NONE',  ( -4.176121042717841902, -0.9905942845604006619, -4.416351283353876944 ) ) ;
#1809 = AXIS2_PLACEMENT_3D ( 'NONE', #1606, #2055, #1806 ) ;
#1810 = ORIENTED_EDGE ( 'NONE', *, *, #286, .T. ) ;
#1811 = ADVANCED_FACE ( 'NONE', ( #920 ), #2661, .F. ) ;
#1812 = ORIENTED_EDGE ( 'NONE', *, *, #2540, .T. ) ;
#1813 = FACE_OUTER_BOUND ( 'NONE', #1975, .T. ) ;
#1814 = EDGE_CURVE ( 'NONE', #1539, #270, #19, .T. ) ;
#1815 = ORIENTED_EDGE ( 'NONE', *, *, #2645, .T. ) ;
#1816 = CARTESIAN_POINT ( 'NONE',  ( 0.1000000000000000056, 0.000000000000000000, -3.500000000000000000 ) ) ;
#1817 = CARTESIAN_POINT ( 'NONE',  ( 0.000000000000000000, 0.000000000000000000, -4.737099999999998978 ) ) ;
#1818 = LINE ( 'NONE', #494, #1533 ) ;
#1819 = ORIENTED_EDGE ( 'NONE', *, *, #435, .T. ) ;
#1820 = CARTESIAN_POINT ( 'NONE',  ( -4.799999999999999822, 0.000000000000000000, -11.90000000000000036 ) ) ;
#1821 = DIRECTION ( 'NONE',  ( -0.000000000000000000, 0.000000000000000000, 1.000000000000000000 ) ) ;
#1822 = ORIENTED_EDGE ( 'NONE', *, *, #1486, .F. ) ;
#1823 = LINE ( 'NONE', #303, #658 ) ;
#1824 = ORIENTED_EDGE ( 'NONE', *, *, #2718, .T. ) ;
#1825 = EDGE_CURVE ( 'NONE', #2767, #1843, #1717, .T. ) ;
#1826 = CARTESIAN_POINT ( 'NONE',  ( 0.000000000000000000, 0.000000000000000000, -18.39999999999999858 ) ) ;
#1827 = VERTEX_POINT ( 'NONE', #449 ) ;
#1828 = B_SPLINE_CURVE_WITH_KNOTS ( 'NONE', 3,
 ( #1498, #2759, #1978, #2004 ),
 .UNSPECIFIED., .F., .F.,
 ( 4, 4 ),
 ( 4.697128301229455671E-15, 0.0002839812128145372504 ),
 .UNSPECIFIED. ) ;
#1829 = CARTESIAN_POINT ( 'NONE',  ( 0.000000000000000000, 0.000000000000000000, -8.500000000000000000 ) ) ;
#1830 = EDGE_CURVE ( 'NONE', #1931, #2486, #1323, .T. ) ;
#1831 = STYLED_ITEM ( 'NONE', ( #907 ), #126 ) ;
#1832 =( NAMED_UNIT ( * ) SI_UNIT ( $, .STERADIAN. ) SOLID_ANGLE_UNIT ( ) );
#1833 = CARTESIAN_POINT ( 'NONE',  ( 2.580939751330542542, 3.181980515339457583, -38.50000000000000000 ) ) ;
#1834 = VERTEX_POINT ( 'NONE', #242 ) ;
#1835 = DIRECTION ( 'NONE',  ( 0.000000000000000000, 1.000000000000000000, 0.000000000000000000 ) ) ;
#1836 = CARTESIAN_POINT ( 'NONE',  ( -0.1000000000000000056, -0.8944271910455368069, -3.499999999987039700 ) ) ;
#1837 = ORIENTED_EDGE ( 'NONE', *, *, #219, .F. ) ;
#1838 = DIRECTION ( 'NONE',  ( -1.000000000000000000, 0.000000000000000000, 0.000000000000000000 ) ) ;
#1839 = EDGE_LOOP ( 'NONE', ( #1629, #2313, #2399, #737, #589, #2345 ) ) ;
#1840 = AXIS2_PLACEMENT_3D ( 'NONE', #717, #1589, #493 ) ;
#1841 = DIRECTION ( 'NONE',  ( 0.7071067811859594876, 0.7071067811871356579, 0.000000000000000000 ) ) ;
#1842 = VECTOR ( 'NONE', #924, 1000.000000000000000 ) ;
#1843 = VERTEX_POINT ( 'NONE', #1087 ) ;
#1844 = LINE ( 'NONE', #1816, #923 ) ;
#1845 = LINE ( 'NONE', #2464, #378 ) ;
#1846 = CYLINDRICAL_SURFACE ( 'NONE', #2755, 2.375000000000000000 ) ;
#1847 = VECTOR ( 'NONE', #2607, 1000.000000000000000 ) ;
#1848 = EDGE_CURVE ( 'NONE', #1264, #1318, #1664, .T. ) ;
#1849 = EDGE_LOOP ( 'NONE', ( #1991, #2385, #515, #409 ) ) ;
#1850 = CIRCLE ( 'NONE', #2665, 4.150000000000000355 ) ;
#1851 = DIRECTION ( 'NONE',  ( -1.000000000000000000, 0.000000000000000000, 0.000000000000000000 ) ) ;
#1852 = DIRECTION ( 'NONE',  ( 0.000000000000000000, 0.000000000000000000, -1.000000000000000000 ) ) ;
#1853 = ORIENTED_EDGE ( 'NONE', *, *, #1825, .T. ) ;
#1854 = MECHANICAL_DESIGN_GEOMETRIC_PRESENTATION_REPRESENTATION (  '', ( #2122 ), #1493 ) ;
#1855 = CARTESIAN_POINT ( 'NONE',  ( 0.6928203230275754576, 0.1000000000000000056, -4.500000000000000888 ) ) ;
#1856 = AXIS2_PLACEMENT_3D ( 'NONE', #299, #1792, #2453 ) ;
#1857 = ORIENTED_EDGE ( 'NONE', *, *, #809, .T. ) ;
#1858 = SURFACE_STYLE_USAGE ( .BOTH. , #107 ) ;
#1859 = ORIENTED_EDGE ( 'NONE', *, *, #1463, .F. ) ;
#1860 = CARTESIAN_POINT ( 'NONE',  ( -2.580939751330885379, 3.181980515339156934, -13.90000000000000213 ) ) ;
#1861 = CARTESIAN_POINT ( 'NONE',  ( 3.783021279348011134, 3.181980515339011273, -18.39999999999999858 ) ) ;
#1862 = B_SPLINE_CURVE_WITH_KNOTS ( 'NONE', 3,
 ( #2683, #1404, #70, #2263, #950, #53 ),
 .UNSPECIFIED., .F., .F.,
 ( 4, 2, 4 ),
 ( -0.0005159549304087151329, 3.196974035708007728E-08, 0.0005160188698894292931 ),
 .UNSPECIFIED. ) ;
#1863 = ORIENTED_EDGE ( 'NONE', *, *, #1010, .F. ) ;
#1864 =( LENGTH_UNIT ( ) NAMED_UNIT ( * ) SI_UNIT ( .MILLI., .METRE. ) );
#1865 =( LENGTH_UNIT ( ) NAMED_UNIT ( * ) SI_UNIT ( .MILLI., .METRE. ) );
#1866 = EDGE_CURVE ( 'NONE', #1054, #476, #1665, .T. ) ;
#1867 = CARTESIAN_POINT ( 'NONE',  ( -0.1000000000000007827, -0.9949874371066198542, -4.500000000000000888 ) ) ;
#1868 = EDGE_CURVE ( 'NONE', #395, #59, #1619, .T. ) ;
#1869 = VERTEX_POINT ( 'NONE', #2068 ) ;
#1870 = FILL_AREA_STYLE_COLOUR ( '', #664 ) ;
#1871 = ORIENTED_EDGE ( 'NONE', *, *, #1271, .T. ) ;
#1872 = SURFACE_STYLE_USAGE ( .BOTH. , #989 ) ;
#1873 = LINE ( 'NONE', #1705, #1567 ) ;
#1874 = FACE_OUTER_BOUND ( 'NONE', #423, .T. ) ;
#1875 = ORIENTED_EDGE ( 'NONE', *, *, #693, .T. ) ;
#1876 = COLOUR_RGB ( '',0.6470588235294117974, 0.6196078431372549211, 0.5882352941176470784 ) ;
#1877 = SURFACE_STYLE_USAGE ( .BOTH. , #2247 ) ;
#1878 = CARTESIAN_POINT ( 'NONE',  ( 4.205389129438559692, -0.8578847649888583504, -3.746499999999987729 ) ) ;
#1880 = DIRECTION ( 'NONE',  ( -0.7071067811865975328, 0.7071067811864976127, -0.000000000000000000 ) ) ;
#1879 = LINE ( 'NONE', #1026, #291 ) ;
#1881 =( BOUNDED_SURFACE ( )  B_SPLINE_SURFACE ( 3, 3, ( 
 ( #1269, #2381, #2368, #419 ),
 ( #1716, #1072, #2139, #571 ),
 ( #822, #177, #1297, #405 ),
 ( #2166, #1283, #2152, #1501 ) ),
 .UNSPECIFIED., .F., .F., .F. ) 
 B_SPLINE_SURFACE_WITH_KNOTS ( ( 4, 4 ),
 ( 4, 4 ),
 ( 0.000000000000000000, 1.000000000000000000 ),
 ( 0.000000000000000000, 1.000000000000000000 ),
 .UNSPECIFIED. ) 
 GEOMETRIC_REPRESENTATION_ITEM ( )  RATIONAL_B_SPLINE_SURFACE ( (
 ( 1.000000000000000000, 0.3333333333333334259, 0.3333333333333334259, 1.000000000000000000),
 ( 0.9898718353400767223, 0.3299572784466923148, 0.3299572784466923148, 0.9898718353400767223),
 ( 0.9898718353400767223, 0.3299572784466923148, 0.3299572784466923148, 0.9898718353400767223),
 ( 1.000000000000000000, 0.3333333333333334259, 0.3333333333333334259, 1.000000000000000000) ) ) 
 REPRESENTATION_ITEM ( '' )  SURFACE ( )  );
#1882 = LINE ( 'NONE', #1945, #2116 ) ;
#1883 = ADVANCED_FACE ( 'NONE', ( #2452 ), #2027, .T. ) ;
#1884 = UNCERTAINTY_MEASURE_WITH_UNIT (LENGTH_MEASURE( 1.000000000000000082E-05 ), #2742, 'distance_accuracy_value', 'NONE');
#1885 = ORIENTED_EDGE ( 'NONE', *, *, #130, .T. ) ;
#1886 = DIRECTION ( 'NONE',  ( -1.000000000000000000, 0.000000000000000000, 0.000000000000000000 ) ) ;
#1887 = VERTEX_POINT ( 'NONE', #96 ) ;
#1888 = DIRECTION ( 'NONE',  ( 0.000000000000000000, -1.000000000000000000, 0.000000000000000000 ) ) ;
#1889 = AXIS2_PLACEMENT_3D ( 'NONE', #1817, #918, #38 ) ;
#1890 = DIRECTION ( 'NONE',  ( 1.000000000000000000, 0.000000000000000000, 0.000000000000000000 ) ) ;
#1891 = CIRCLE ( 'NONE', #655, 5.500000000000000000 ) ;
#1892 = EDGE_LOOP ( 'NONE', ( #2239, #1924, #2268, #1735 ) ) ;
#1893 =( NAMED_UNIT ( * ) SI_UNIT ( $, .STERADIAN. ) SOLID_ANGLE_UNIT ( ) );
#1894 = CIRCLE ( 'NONE', #2064, 1.000000000000000000 ) ;
#1895 = CARTESIAN_POINT ( 'NONE',  ( -0.9799999999999998712, 0.4900000000000000466, -18.35857864376268722 ) ) ;
#1896 = AXIS2_PLACEMENT_3D ( 'NONE', #256, #2163, #39 ) ;
#1897 = DIRECTION ( 'NONE',  ( 0.7071067811864976127, 0.7071067811865975328, -0.000000000000000000 ) ) ;
#1898 = LINE ( 'NONE', #2777, #1712 ) ;
#1899 = AXIS2_PLACEMENT_3D ( 'NONE', #1249, #2119, #2511 ) ;
#1900 = VERTEX_POINT ( 'NONE', #2244 ) ;
#1901 = ADVANCED_FACE ( 'NONE', ( #1615 ), #1846, .T. ) ;
#1902 = SURFACE_STYLE_FILL_AREA ( #2298 ) ;
#1903 = VECTOR ( 'NONE', #1304, 1000.000000000000000 ) ;
#1904 = ORIENTED_EDGE ( 'NONE', *, *, #1814, .T. ) ;
#1905 = CARTESIAN_POINT ( 'NONE',  ( -3.783021279348000032, -3.181980515339000171, -38.50000000000000000 ) ) ;
#1906 = FACE_OUTER_BOUND ( 'NONE', #492, .T. ) ;
#1907 = EDGE_CURVE ( 'NONE', #1971, #195, #2234, .T. ) ;
#1908 = LINE ( 'NONE', #2524, #153 ) ;
#1909 = VERTEX_POINT ( 'NONE', #506 ) ;
#1910 = FILL_AREA_STYLE_COLOUR ( '', #1706 ) ;
#1911 = CARTESIAN_POINT ( 'NONE',  ( -4.800000000043906923, 5.878304635961066915E-16, -1.998127509500000176 ) ) ;
#1912 = UNCERTAINTY_MEASURE_WITH_UNIT (LENGTH_MEASURE( 1.000000000000000082E-05 ), #1019, 'distance_accuracy_value', 'NONE');
#1914 = CARTESIAN_POINT ( 'NONE',  ( -0.9949874371066099732, 0.1000000000000000056, -4.500000000000000888 ) ) ;
#1913 = CARTESIAN_POINT ( 'NONE',  ( 4.354300872168230363, -2.445960101127293964E-13, -3.251200000000004309 ) ) ;
#1915 = FACE_BOUND ( 'NONE', #2640, .T. ) ;
#1916 = ORIENTED_EDGE ( 'NONE', *, *, #764, .F. ) ;
#1917 = DIRECTION ( 'NONE',  ( -0.000000000000000000, -0.000000000000000000, 1.000000000000000000 ) ) ;
#1918 = EDGE_CURVE ( 'NONE', #2094, #2835, #1818, .T. ) ;
#1919 = ORIENTED_EDGE ( 'NONE', *, *, #2370, .F. ) ;
#1920 = CARTESIAN_POINT ( 'NONE',  ( 0.1000000000000009354, -0.9949874371066197432, -4.500000000000000888 ) ) ;
#1921 = DIRECTION ( 'NONE',  ( 1.000000000000000000, 0.000000000000000000, 0.000000000000000000 ) ) ;
#1922 = FILL_AREA_STYLE_COLOUR ( '', #2622 ) ;
#1923 = EDGE_CURVE ( 'NONE', #376, #1113, #204, .T. ) ;
#1924 = ORIENTED_EDGE ( 'NONE', *, *, #1825, .F. ) ;
#1925 = DIRECTION ( 'NONE',  ( 1.000000000000000000, 0.000000000000000000, 0.000000000000000000 ) ) ;
#1926 = LINE ( 'NONE', #355, #61 ) ;
#1928 = LINE ( 'NONE', #2077, #1600 ) ;
#1927 = FILL_AREA_STYLE_COLOUR ( '', #1038 ) ;
#1929 = AXIS2_PLACEMENT_3D ( 'NONE', #253, #2633, #1714 ) ;
#1930 = VECTOR ( 'NONE', #1018, 1000.000000000000000 ) ;
#1931 = VERTEX_POINT ( 'NONE', #1861 ) ;
#1932 = LINE ( 'NONE', #442, #850 ) ;
#1933 = VERTEX_POINT ( 'NONE', #2052 ) ;
#1935 = CARTESIAN_POINT ( 'NONE',  ( -3.181980515339000171, -3.783021279348000032, -38.50000000000000000 ) ) ;
#1934 = PLANE ( 'NONE',  #1216 ) ;
#1936 = DIRECTION ( 'NONE',  ( -0.7071067811865975328, 0.7071067811864976127, 0.000000000000000000 ) ) ;
#1937 = DIRECTION ( 'NONE',  ( 1.224646799147352468E-16, -1.000000000000000000, 0.000000000000000000 ) ) ;
#1938 = EDGE_CURVE ( 'NONE', #2054, #1614, #2069, .T. ) ;
#1939 = AXIS2_PLACEMENT_3D ( 'NONE', #2378, #415, #2162 ) ;
#1940 = ORIENTED_EDGE ( 'NONE', *, *, #1784, .T. ) ;
#1941 = CARTESIAN_POINT ( 'NONE',  ( 3.783021279348000032, -3.181980515339000171, -18.39999999999999858 ) ) ;
#1942 = CARTESIAN_POINT ( 'NONE',  ( 6.000769315822030986E-17, 0.4900000000000000466, -18.35857864376268722 ) ) ;
#1943 = EDGE_CURVE ( 'NONE', #1534, #1900, #1402, .T. ) ;
#1944 = AXIS2_PLACEMENT_3D ( 'NONE', #2731, #838, #2592 ) ;
#1945 = CARTESIAN_POINT ( 'NONE',  ( -3.181980515339000171, -3.783021279348000032, -13.90000000000000213 ) ) ;
#1946 = VERTEX_POINT ( 'NONE', #1577 ) ;
#1947 = AXIS2_PLACEMENT_3D ( 'NONE', #1344, #644, #1524 ) ;
#1948 = CARTESIAN_POINT ( 'NONE',  ( 0.000000000000000000, -0.3900000000000000688, -18.39999999999999858 ) ) ;
#1949 = MECHANICAL_DESIGN_GEOMETRIC_PRESENTATION_REPRESENTATION (  '', ( #339 ), #2669 ) ;
#1950 = ORIENTED_EDGE ( 'NONE', *, *, #356, .T. ) ;
#1952 = FACE_OUTER_BOUND ( 'NONE', #2134, .T. ) ;
#1951 = SURFACE_SIDE_STYLE ('',( #994 ) ) ;
#1953 = PLANE ( 'NONE',  #2062 ) ;
#1954 = EDGE_LOOP ( 'NONE', ( #2639, #1369, #525, #595 ) ) ;
#1955 = CARTESIAN_POINT ( 'NONE',  ( -4.329571819421297540, 0.3477122947321449331, -3.298447518968939285 ) ) ;
#1956 = EDGE_CURVE ( 'NONE', #1900, #2061, #2260, .T. ) ;
#1957 = CARTESIAN_POINT ( 'NONE',  ( 0.000000000000000000, 4.291999999999999815, -4.737099999999998978 ) ) ;
#1958 = ORIENTED_EDGE ( 'NONE', *, *, #1046, .F. ) ;
#1959 = EDGE_CURVE ( 'NONE', #28, #1594, #2178, .T. ) ;
#1960 = CARTESIAN_POINT ( 'NONE',  ( -0.1000000000000000056, 0.000000000000000000, -8.500000000000000000 ) ) ;
#1961 = ORIENTED_EDGE ( 'NONE', *, *, #478, .F. ) ;
#1962 =( LENGTH_UNIT ( ) NAMED_UNIT ( * ) SI_UNIT ( .MILLI., .METRE. ) );
#1963 = FACE_OUTER_BOUND ( 'NONE', #2253, .T. ) ;
#1964 = CARTESIAN_POINT ( 'NONE',  ( 5.493504002498398115E-17, 0.4485786437626905765, -18.40000000000000213 ) ) ;
#1965 = ORIENTED_EDGE ( 'NONE', *, *, #2581, .T. ) ;
#1966 = PLANE ( 'NONE',  #928 ) ;
#1967 = DIRECTION ( 'NONE',  ( 1.000000000000000000, 0.000000000000000000, 0.000000000000000000 ) ) ;
#1968 = CARTESIAN_POINT ( 'NONE',  ( -0.8944271910415488858, -0.1000000000000000056, -3.499999999991002753 ) ) ;
#1969 = CARTESIAN_POINT ( 'NONE',  ( 8.583999999999999631, -4.291999999999999815, -4.970999880054582043 ) ) ;
#1970 = ADVANCED_FACE ( 'NONE', ( #486 ), #1602, .T. ) ;
#1971 = VERTEX_POINT ( 'NONE', #2013 ) ;
#1972 = DIRECTION ( 'NONE',  ( -1.000000000000000000, 0.000000000000000000, 0.000000000000000000 ) ) ;
#1973 = EDGE_CURVE ( 'NONE', #1496, #2650, #51, .T. ) ;
#1974 = AXIS2_PLACEMENT_3D ( 'NONE', #628, #2819, #845 ) ;
#1975 = EDGE_LOOP ( 'NONE', ( #713, #2161, #2778, #2184 ) ) ;
#1976 = CARTESIAN_POINT ( 'NONE',  ( -0.7600994779570061644, 0.1000000000000000056, -3.633410905921263367 ) ) ;
#1977 = ORIENTED_EDGE ( 'NONE', *, *, #2249, .T. ) ;
#1978 = CARTESIAN_POINT ( 'NONE',  ( -0.8272846263220642316, -0.1000000000000000056, -3.566726817259370463 ) ) ;
#1979 = PRESENTATION_STYLE_ASSIGNMENT (( #1128 ) ) ;
#1980 = PRESENTATION_LAYER_ASSIGNMENT (  '', '', ( #2563 ) ) ;
#1981 = DIRECTION ( 'NONE',  ( 0.000000000000000000, 0.000000000000000000, 1.000000000000000000 ) ) ;
#1982 = VECTOR ( 'NONE', #875, 1000.000000000000000 ) ;
#1983 = EDGE_LOOP ( 'NONE', ( #1531, #302, #2831, #2080, #891, #480 ) ) ;
#1984 = AXIS2_PLACEMENT_3D ( 'NONE', #1668, #1028, #1483 ) ;
#1985 = STYLED_ITEM ( 'NONE', ( #2725 ), #2016 ) ;
#1986 = ORIENTED_EDGE ( 'NONE', *, *, #1166, .F. ) ;
#1987 = EDGE_CURVE ( 'NONE', #1999, #534, #524, .T. ) ;
#1988 = CARTESIAN_POINT ( 'NONE',  ( 4.228719372013819644, 0.7614195887754922065, -3.602342736574311477 ) ) ;
#1989 = CARTESIAN_POINT ( 'NONE',  ( 4.776122516674678026E-17, 0.3900000000000000688, -18.39999999999999858 ) ) ;
#1990 =( GEOMETRIC_REPRESENTATION_CONTEXT ( 3 ) GLOBAL_UNCERTAINTY_ASSIGNED_CONTEXT ( ( #1247 ) ) GLOBAL_UNIT_ASSIGNED_CONTEXT ( ( #1494, #1106, #2641 ) ) REPRESENTATION_CONTEXT ( 'NONE', 'WORKASPACE' ) );
#1991 = ORIENTED_EDGE ( 'NONE', *, *, #396, .F. ) ;
#1992 = EDGE_CURVE ( 'NONE', #420, #369, #2673, .T. ) ;
#1993 = DIRECTION ( 'NONE',  ( -0.7071067811865474617, 0.7071067811865474617, 0.000000000000000000 ) ) ;
#1994 = CARTESIAN_POINT ( 'NONE',  ( -0.1000000000000007827, -0.9949874371066198542, -3.500000000000000000 ) ) ;
#1995 =( GEOMETRIC_REPRESENTATION_CONTEXT ( 3 ) GLOBAL_UNCERTAINTY_ASSIGNED_CONTEXT ( ( #1442 ) ) GLOBAL_UNIT_ASSIGNED_CONTEXT ( ( #1864, #1062, #2818 ) ) REPRESENTATION_CONTEXT ( 'NONE', 'WORKASPACE' ) );
#1996 = CARTESIAN_POINT ( 'NONE',  ( -5.500000000000000000, 0.000000000000000000, -13.90000000000000036 ) ) ;
#1997 = ORIENTED_EDGE ( 'NONE', *, *, #2523, .T. ) ;
#1998 = B_SPLINE_CURVE_WITH_KNOTS ( 'NONE', 3,
 ( #569, #804, #1056, #1713, #1452, #2762 ),
 .UNSPECIFIED., .F., .F.,
 ( 4, 2, 4 ),
 ( 0.001044388461473539980, 0.001565564550541295036, 0.002086740639609049874 ),
 .UNSPECIFIED. ) ;
#1999 = VERTEX_POINT ( 'NONE', #2330 ) ;
#2000 = CARTESIAN_POINT ( 'NONE',  ( 0.000000000000000000, 0.000000000000000000, -18.30000000000000071 ) ) ;
#2001 = ORIENTED_EDGE ( 'NONE', *, *, #2645, .F. ) ;
#2002 = DIRECTION ( 'NONE',  ( 0.000000000000000000, -1.000000000000000000, 0.000000000000000000 ) ) ;
#2003 = CARTESIAN_POINT ( 'NONE',  ( 0.000000000000000000, 0.000000000000000000, -21.23797256770000175 ) ) ;
#2004 = CARTESIAN_POINT ( 'NONE',  ( -0.8944271910415488858, -0.1000000000000000056, -3.499999999991002753 ) ) ;
#2005 = EDGE_CURVE ( 'NONE', #2300, #1318, #1356, .T. ) ;
#2006 = CARTESIAN_POINT ( 'NONE',  ( -0.1000000000000000056, 0.6928203230275999935, -8.500000000000000000 ) ) ;
#2007 = CARTESIAN_POINT ( 'NONE',  ( 5.500000000000000000, 1.213135119235368384E-16, -5.232400000000000162 ) ) ;
#2008 = VERTEX_POINT ( 'NONE', #367 ) ;
#2009 = ORIENTED_EDGE ( 'NONE', *, *, #739, .T. ) ;
#2010 = SURFACE_STYLE_USAGE ( .BOTH. , #958 ) ;
#2011 = ORIENTED_EDGE ( 'NONE', *, *, #2791, .T. ) ;
#2012 = CARTESIAN_POINT ( 'NONE',  ( -5.500000000000000000, 0.000000000000000000, -3.251199999999999424 ) ) ;
#2013 = CARTESIAN_POINT ( 'NONE',  ( -0.9949874371066197432, -0.1000000000000009909, -4.500000000000000888 ) ) ;
#2014 = DIRECTION ( 'NONE',  ( 1.000000000000000000, 0.000000000000000000, 4.818676321845661878E-16 ) ) ;
#2015 = CARTESIAN_POINT ( 'NONE',  ( 0.000000000000000000, 0.000000000000000000, -3.062459713305543119 ) ) ;
#2016 = ADVANCED_FACE ( 'NONE', ( #2539 ), #2316, .F. ) ;
#2017 = FACE_OUTER_BOUND ( 'NONE', #1327, .T. ) ;
#2018 = AXIS2_PLACEMENT_3D ( 'NONE', #370, #2758, #1245 ) ;
#2019 = EDGE_LOOP ( 'NONE', ( #2738, #397, #1961, #518, #927, #2189, #692, #1780 ) ) ;
#2020 = EDGE_CURVE ( 'NONE', #2536, #1525, #1125, .T. ) ;
#2021 = AXIS2_PLACEMENT_3D ( 'NONE', #863, #2586, #2820 ) ;
#2022 = ORIENTED_EDGE ( 'NONE', *, *, #2791, .F. ) ;
#2023 = VECTOR ( 'NONE', #283, 1000.000000000000000 ) ;
#2024 = CARTESIAN_POINT ( 'NONE',  ( 0.000000000000000000, 0.000000000000000000, -6.485472490339816432 ) ) ;
#2025 = ORIENTED_EDGE ( 'NONE', *, *, #1424, .T. ) ;
#2026 = DIRECTION ( 'NONE',  ( 1.000000000000000000, 0.000000000000000000, 0.000000000000000000 ) ) ;
#2027 = CYLINDRICAL_SURFACE ( 'NONE', #662, 0.4899999999999999911 ) ;
#2028 = AXIS2_PLACEMENT_3D ( 'NONE', #1102, #2829, #1972 ) ;
#2029 = ORIENTED_EDGE ( 'NONE', *, *, #513, .F. ) ;
#2030 = LINE ( 'NONE', #719, #2763 ) ;
#2031 = FACE_OUTER_BOUND ( 'NONE', #17, .T. ) ;
#2032 = LINE ( 'NONE', #733, #607 ) ;
#2033 = EDGE_CURVE ( 'NONE', #2156, #221, #1908, .T. ) ;
#2034 = VERTEX_POINT ( 'NONE', #2784 ) ;
#2035 = CARTESIAN_POINT ( 'NONE',  ( 0.000000000000000000, 0.000000000000000000, -13.90000000000000036 ) ) ;
#2036 = EDGE_CURVE ( 'NONE', #1931, #69, #1228, .T. ) ;
#2037 = ORIENTED_EDGE ( 'NONE', *, *, #1943, .T. ) ;
#2038 = LINE ( 'NONE', #929, #1393 ) ;
#2039 = ORIENTED_EDGE ( 'NONE', *, *, #1463, .T. ) ;
#2040 = DIRECTION ( 'NONE',  ( 0.000000000000000000, 1.000000000000000000, 1.807003620802685758E-16 ) ) ;
#2041 = DIRECTION ( 'NONE',  ( -1.000000000000000000, -1.224646799147353207E-16, 0.000000000000000000 ) ) ;
#2042 = CARTESIAN_POINT ( 'NONE',  ( 5.500000000000000000, 0.000000000000000000, -4.241799999999999571 ) ) ;
#2043 = CARTESIAN_POINT ( 'NONE',  ( 5.500000000000000000, 1.213135119235368384E-16, -5.232400000000000162 ) ) ;
#2044 = CARTESIAN_POINT ( 'NONE',  ( 0.000000000000000000, 0.000000000000000000, -3.500000000000000000 ) ) ;
#2045 = CARTESIAN_POINT ( 'NONE',  ( -4.354300872168229475, -2.411265631607757822E-13, -5.232399999999994833 ) ) ;
#2046 = VERTEX_POINT ( 'NONE', #2147 ) ;
#2047 = EDGE_CURVE ( 'NONE', #2509, #1909, #1217, .T. ) ;
#2048 = DIRECTION ( 'NONE',  ( 0.000000000000000000, -1.000000000000000000, 0.000000000000000000 ) ) ;
#2049 = ORIENTED_EDGE ( 'NONE', *, *, #13, .T. ) ;
#2050 = SURFACE_STYLE_FILL_AREA ( #1226 ) ;
#2051 = CARTESIAN_POINT ( 'NONE',  ( 0.000000000000000000, 0.000000000000000000, -18.30000000000000071 ) ) ;
#2052 = CARTESIAN_POINT ( 'NONE',  ( -1.000000000000000000, 0.000000000000000000, -3.500000000000000000 ) ) ;
#2053 = CIRCLE ( 'NONE', #877, 4.291999999999999815 ) ;
#2054 = VERTEX_POINT ( 'NONE', #830 ) ;
#2055 = DIRECTION ( 'NONE',  ( 0.000000000000000000, 0.000000000000000000, -1.000000000000000000 ) ) ;
#2056 = CARTESIAN_POINT ( 'NONE',  ( -8.665232575867248599, 4.332616287933621635, -3.282253704606886036 ) ) ;
#2057 = PLANE ( 'NONE',  #332 ) ;
#2058 = ORIENTED_EDGE ( 'NONE', *, *, #2214, .T. ) ;
#2059 = FILL_AREA_STYLE ('',( #87 ) ) ;
#2060 = VECTOR ( 'NONE', #980, 1000.000000000000114 ) ;
#2061 = VERTEX_POINT ( 'NONE', #352 ) ;
#2062 = AXIS2_PLACEMENT_3D ( 'NONE', #1549, #1492, #2364 ) ;
#2063 = CARTESIAN_POINT ( 'NONE',  ( -0.4899999999999999911, 6.000769315822030986E-17, -18.30000000000000071 ) ) ;
#2064 = AXIS2_PLACEMENT_3D ( 'NONE', #2044, #2485, #2455 ) ;
#2065 = ADVANCED_FACE ( 'NONE', ( #1277 ), #185, .F. ) ;
#2066 = DIRECTION ( 'NONE',  ( -0.000000000000000000, -0.000000000000000000, 1.000000000000000000 ) ) ;
#2067 = SURFACE_STYLE_FILL_AREA ( #593 ) ;
#2068 = CARTESIAN_POINT ( 'NONE',  ( 5.500000000000000000, 0.000000000000000000, -3.251199999999999424 ) ) ;
#2069 = CIRCLE ( 'NONE', #793, 4.799999999999999822 ) ;
#2070 = ADVANCED_FACE ( 'NONE', ( #1874 ), #577, .F. ) ;
#2071 = ORIENTED_EDGE ( 'NONE', *, *, #495, .F. ) ;
#2072 = CONICAL_SURFACE ( 'NONE', #1349, 4.799999999931969796, 0.3490658503973700921 ) ;
#2073 = CARTESIAN_POINT ( 'NONE',  ( -8.583999999999997854, -4.292000000000000703, -3.746499999999999275 ) ) ;
#2074 = FACE_BOUND ( 'NONE', #452, .T. ) ;
#2075 = VECTOR ( 'NONE', #159, 1000.000000000000000 ) ;
#2077 = CARTESIAN_POINT ( 'NONE',  ( 3.181980515339000171, 3.783021279348000032, -13.90000000000000036 ) ) ;
#2076 = DIRECTION ( 'NONE',  ( -1.000000000000000000, 7.105427357601001859E-15, 0.000000000000000000 ) ) ;
#2078 =( GEOMETRIC_REPRESENTATION_CONTEXT ( 3 ) GLOBAL_UNCERTAINTY_ASSIGNED_CONTEXT ( ( #2518 ) ) GLOBAL_UNIT_ASSIGNED_CONTEXT ( ( #2429, #1336, #1352 ) ) REPRESENTATION_CONTEXT ( 'NONE', 'WORKASPACE' ) );
#2079 = SURFACE_STYLE_USAGE ( .BOTH. , #774 ) ;
#2080 = ORIENTED_EDGE ( 'NONE', *, *, #2005, .T. ) ;
#2081 = FACE_OUTER_BOUND ( 'NONE', #2312, .T. ) ;
#2082 = EDGE_LOOP ( 'NONE', ( #2251, #1408, #1448, #1360 ) ) ;
#2083 = DIRECTION ( 'NONE',  ( -0.000000000000000000, -0.000000000000000000, 1.000000000000000000 ) ) ;
#2084 = CARTESIAN_POINT ( 'NONE',  ( -4.205389129438561469, -0.8578847649888504678, -3.746499999999976627 ) ) ;
#2085 = ADVANCED_FACE ( 'NONE', ( #215 ), #2190, .T. ) ;
#2086 = CARTESIAN_POINT ( 'NONE',  ( -3.783021279348011134, -3.181980515339011273, -18.39999999999999858 ) ) ;
#2087 = CARTESIAN_POINT ( 'NONE',  ( -3.783021279348000032, 3.181980515339000171, -38.50000000000000000 ) ) ;
#2088 = ADVANCED_FACE ( 'NONE', ( #2821 ), #889, .T. ) ;
#2089 = SURFACE_STYLE_FILL_AREA ( #1480 ) ;
#2090 = FACE_OUTER_BOUND ( 'NONE', #2125, .T. ) ;
#2091 = ORIENTED_EDGE ( 'NONE', *, *, #2419, .T. ) ;
#2092 = FACE_OUTER_BOUND ( 'NONE', #781, .T. ) ;
#2093 = PRODUCT_DEFINITION_CONTEXT ( 'detailed design', #648, 'design' ) ;
#2094 = VERTEX_POINT ( 'NONE', #2834 ) ;
#2095 =( LENGTH_UNIT ( ) NAMED_UNIT ( * ) SI_UNIT ( .MILLI., .METRE. ) );
#2096 = DIRECTION ( 'NONE',  ( -0.000000000000000000, 0.000000000000000000, 1.000000000000000000 ) ) ;
#2097 = CARTESIAN_POINT ( 'NONE',  ( 0.000000000000000000, 0.000000000000000000, -18.39999999999999858 ) ) ;
#2098 = EDGE_LOOP ( 'NONE', ( #1824, #178, #1812, #1287, #2596, #953 ) ) ;
#2099 = AXIS2_PLACEMENT_3D ( 'NONE', #2575, #2811, #855 ) ;
#2100 = CARTESIAN_POINT ( 'NONE',  ( 6.000769315822030986E-17, 0.4900000000000001021, -18.30000000000000071 ) ) ;
#2101 = VECTOR ( 'NONE', #1259, 1000.000000000000000 ) ;
#2102 = UNCERTAINTY_MEASURE_WITH_UNIT (LENGTH_MEASURE( 1.000000000000000082E-05 ), #1865, 'distance_accuracy_value', 'NONE');
#2104 = CARTESIAN_POINT ( 'NONE',  ( 3.181980515339000171, 3.783021279348000032, -18.39999999999999858 ) ) ;
#2103 = DIRECTION ( 'NONE',  ( -1.000000000000000000, 0.000000000000000000, 0.000000000000000000 ) ) ;
#2105 = EDGE_CURVE ( 'NONE', #508, #1091, #2600, .T. ) ;
#2106 = PLANE ( 'NONE',  #890 ) ;
#2107 = ORIENTED_EDGE ( 'NONE', *, *, #2384, .T. ) ;
#2108 = EDGE_CURVE ( 'NONE', #333, #2325, #1536, .T. ) ;
#2109 = ORIENTED_EDGE ( 'NONE', *, *, #1692, .T. ) ;
#2110 = CARTESIAN_POINT ( 'NONE',  ( 5.330039300859863964E-16, -4.291999999999999815, -4.737099999999998978 ) ) ;
#2111 = MECHANICAL_DESIGN_GEOMETRIC_PRESENTATION_REPRESENTATION (  '', ( #1383 ), #2797 ) ;
#2112 = LINE ( 'NONE', #2770, #426 ) ;
#2113 = CARTESIAN_POINT ( 'NONE',  ( -4.205389129438560580, 0.8578847649888522442, -4.737100000000023847 ) ) ;
#2114 = VECTOR ( 'NONE', #2833, 1000.000000000000000 ) ;
#2115 = EDGE_LOOP ( 'NONE', ( #1315, #489, #1703, #901 ) ) ;
#2116 = VECTOR ( 'NONE', #2324, 1000.000000000000114 ) ;
#2117 = CARTESIAN_POINT ( 'NONE',  ( -0.8971572875253805979, 0.4485786437626906875, -18.39999999999999503 ) ) ;
#2118 = VECTOR ( 'NONE', #594, 1000.000000000000114 ) ;
#2120 = SURFACE_SIDE_STYLE ('',( #2089 ) ) ;
#2119 = DIRECTION ( 'NONE',  ( 0.000000000000000000, 0.000000000000000000, -1.000000000000000000 ) ) ;
#2121 = FACE_OUTER_BOUND ( 'NONE', #1631, .T. ) ;
#2122 = STYLED_ITEM ( 'NONE', ( #559 ), #2334 ) ;
#2123 = EDGE_CURVE ( 'NONE', #759, #1413, #436, .T. ) ;
#2124 = PRESENTATION_LAYER_ASSIGNMENT (  '', '', ( #339 ) ) ;
#2125 = EDGE_LOOP ( 'NONE', ( #1919, #2382, #1368, #987 ) ) ;
#2126 = DIRECTION ( 'NONE',  ( -1.000000000000000000, 0.000000000000000000, 0.000000000000000000 ) ) ;
#2127 = AXIS2_PLACEMENT_3D ( 'NONE', #2696, #746, #1637 ) ;
#2128 = ADVANCED_FACE ( 'NONE', ( #847 ), #2630, .F. ) ;
#2129 = ORIENTED_EDGE ( 'NONE', *, *, #677, .F. ) ;
#2131 = DIRECTION ( 'NONE',  ( 0.000000000000000000, 0.000000000000000000, -1.000000000000000000 ) ) ;
#2130 = CARTESIAN_POINT ( 'NONE',  ( 3.181980515339000171, -2.580939751330999954, -18.39999999999999858 ) ) ;
#2132 = FACE_OUTER_BOUND ( 'NONE', #2533, .T. ) ;
#2133 = SURFACE_STYLE_USAGE ( .BOTH. , #2771 ) ;
#2134 = EDGE_LOOP ( 'NONE', ( #2447, #2071, #1857, #916 ) ) ;
#2135 = CARTESIAN_POINT ( 'NONE',  ( -4.800000000017234925, 0.000000000000000000, -6.485472490567190995 ) ) ;
#2136 = DIRECTION ( 'NONE',  ( -0.7071067811864976127, -0.7071067811865975328, 0.000000000000000000 ) ) ;
#2138 = DIRECTION ( 'NONE',  ( -0.000000000000000000, 0.000000000000000000, 1.000000000000000000 ) ) ;
#2137 = DIRECTION ( 'NONE',  ( -0.000000000000000000, -0.000000000000000000, 1.000000000000000000 ) ) ;
#2139 = CARTESIAN_POINT ( 'NONE',  ( 8.665232575867243270, -4.332616287933621635, -3.282253704606886036 ) ) ;
#2140 = ORIENTED_EDGE ( 'NONE', *, *, #430, .F. ) ;
#2141 = EDGE_CURVE ( 'NONE', #2423, #1467, #1308, .T. ) ;
#2142 = CARTESIAN_POINT ( 'NONE',  ( -0.1000000000000000056, -0.8944271910455368069, -3.499999999987039700 ) ) ;
#2143 = ORIENTED_EDGE ( 'NONE', *, *, #1341, .F. ) ;
#2145 = CARTESIAN_POINT ( 'NONE',  ( 0.000000000000000000, 0.000000000000000000, -3.699999999980718712 ) ) ;
#2144 =( NAMED_UNIT ( * ) SI_UNIT ( $, .STERADIAN. ) SOLID_ANGLE_UNIT ( ) );
#2146 = FACE_OUTER_BOUND ( 'NONE', #876, .T. ) ;
#2147 = CARTESIAN_POINT ( 'NONE',  ( 5.500000000000000000, 6.735557395310442023E-16, -11.90000000000000036 ) ) ;
#2148 = EDGE_LOOP ( 'NONE', ( #1339, #504, #1173, #1819, #2756 ) ) ;
#2149 = CARTESIAN_POINT ( 'NONE',  ( 5.493504002498398115E-17, 0.4485786437626905765, -18.40000000000000213 ) ) ;
#2150 = CYLINDRICAL_SURFACE ( 'NONE', #1929, 1.000000000000000000 ) ;
#2151 = CIRCLE ( 'NONE', #2099, 4.799999999999999822 ) ;
#2152 = CARTESIAN_POINT ( 'NONE',  ( 8.583999999999997854, -4.291999999999998927, -3.746499999999999275 ) ) ;
#2153 = AXIS2_PLACEMENT_3D ( 'NONE', #1829, #293, #2273 ) ;
#2154 = ORIENTED_EDGE ( 'NONE', *, *, #1150, .F. ) ;
#2155 = DIRECTION ( 'NONE',  ( -0.000000000000000000, -0.000000000000000000, 1.000000000000000000 ) ) ;
#2156 = VERTEX_POINT ( 'NONE', #1550 ) ;
#2157 = LINE ( 'NONE', #2537, #2101 ) ;
#2158 = CARTESIAN_POINT ( 'NONE',  ( 4.354300872168230363, -2.445960101127293964E-13, -3.251200000000004309 ) ) ;
#2159 = PLANE ( 'NONE',  #1719 ) ;
#2160 = ADVANCED_FACE ( 'NONE', ( #413 ), #2159, .F. ) ;
#2161 = ORIENTED_EDGE ( 'NONE', *, *, #1768, .T. ) ;
#2162 = DIRECTION ( 'NONE',  ( -1.000000000000000000, 0.000000000000000000, 0.000000000000000000 ) ) ;
#2163 = DIRECTION ( 'NONE',  ( 0.7071067811864976127, 0.7071067811865975328, -0.000000000000000000 ) ) ;
#2164 = EDGE_CURVE ( 'NONE', #1113, #2282, #1669, .T. ) ;
#2165 = CIRCLE ( 'NONE', #2211, 5.500000000000000000 ) ;
#2166 = CARTESIAN_POINT ( 'NONE',  ( 0.000000000000000000, 4.291999999999999815, -3.746499999999999719 ) ) ;
#2167 = AXIS2_PLACEMENT_3D ( 'NONE', #1791, #1295, #1562 ) ;
#2168 = VERTEX_POINT ( 'NONE', #2802 ) ;
#2169 = AXIS2_PLACEMENT_3D ( 'NONE', #2547, #1917, #1001 ) ;
#2170 = CARTESIAN_POINT ( 'NONE',  ( 5.500000000000000000, 0.000000000000000000, -3.251199999999999424 ) ) ;
#2171 = VECTOR ( 'NONE', #128, 1000.000000000000000 ) ;
#2172 = ORIENTED_EDGE ( 'NONE', *, *, #972, .F. ) ;
#2173 = CARTESIAN_POINT ( 'NONE',  ( 4.214360403353825113, 0.8139071827538423287, -3.670328593174904785 ) ) ;
#2174 = AXIS2_PLACEMENT_3D ( 'NONE', #2240, #1571, #11 ) ;
#2175 = FACE_OUTER_BOUND ( 'NONE', #2828, .T. ) ;
#2176 =( BOUNDED_CURVE ( )  B_SPLINE_CURVE ( 3, ( #1194, #981, #2716, #762 ),
 .UNSPECIFIED., .F., .F. ) 
 B_SPLINE_CURVE_WITH_KNOTS ( ( 4, 4 ),
 ( 0.000000000000000000, 1.000000000000000000 ),
 .UNSPECIFIED. ) 
 CURVE ( )  GEOMETRIC_REPRESENTATION_ITEM ( )  RATIONAL_B_SPLINE_CURVE ( ( 1.000000000000000000, 0.3333333333333333703, 0.3333333333333333703, 1.000000000000000000 ) ) 
 REPRESENTATION_ITEM ( '' )  );
#2177 = EDGE_LOOP ( 'NONE', ( #2732, #2722, #2701, #723 ) ) ;
#2178 = B_SPLINE_CURVE_WITH_KNOTS ( 'NONE', 3,
 ( #68, #324, #992, #536, #277, #1162, #948, #1416 ),
 .UNSPECIFIED., .F., .F.,
 ( 4, 2, 2, 4 ),
 ( 1.022834283856302764E-18, 0.0002610971153683859167, 0.0005221942307367707491, 0.001044388461473539980 ),
 .UNSPECIFIED. ) ;
#2179 = FILL_AREA_STYLE_COLOUR ( '', #2614 ) ;
#2180 = ADVANCED_FACE ( 'NONE', ( #2175 ), #445, .T. ) ;
#2181 = DIRECTION ( 'NONE',  ( 1.000000000000000000, 1.776356839400250465E-15, 4.818676321845661878E-16 ) ) ;
#2182 = ADVANCED_FACE ( 'NONE', ( #503 ), #2438, .F. ) ;
#2183 = FACE_OUTER_BOUND ( 'NONE', #361, .T. ) ;
#2184 = ORIENTED_EDGE ( 'NONE', *, *, #170, .F. ) ;
#2185 = DIRECTION ( 'NONE',  ( 1.000000000000000000, 0.000000000000000000, 0.000000000000000000 ) ) ;
#2186 = ORIENTED_EDGE ( 'NONE', *, *, #1585, .T. ) ;
#2187 = CARTESIAN_POINT ( 'NONE',  ( 0.1000000000000000056, 0.9949874371066099732, -3.499999999999999556 ) ) ;
#2188 = CARTESIAN_POINT ( 'NONE',  ( -5.500000000000000000, 0.000000000000000000, -4.241799999999999571 ) ) ;
#2189 = ORIENTED_EDGE ( 'NONE', *, *, #1782, .F. ) ;
#2190 =( BOUNDED_SURFACE ( )  B_SPLINE_SURFACE ( 3, 3, ( 
 ( #237, #2613, #2415, #14 ),
 ( #2587, #630, #864, #1095 ),
 ( #1509, #456, #1307, #1964 ),
 ( #1120, #1726, #2425, #1989 ) ),
 .UNSPECIFIED., .F., .F., .T. ) 
 B_SPLINE_SURFACE_WITH_KNOTS ( ( 4, 4 ),
 ( 4, 4 ),
 ( 0.000000000000000000, 1.000000000000000000 ),
 ( 0.000000000000000000, 1.000000000000000000 ),
 .UNSPECIFIED. ) 
 GEOMETRIC_REPRESENTATION_ITEM ( )  RATIONAL_B_SPLINE_SURFACE ( (
 ( 1.000000000000000000, 0.3333333333333334259, 0.3333333333333334259, 1.000000000000000000),
 ( 0.8047378541243649375, 0.2682459513747884050, 0.2682459513747884050, 0.8047378541243649375),
 ( 0.8047378541243649375, 0.2682459513747884050, 0.2682459513747884050, 0.8047378541243649375),
 ( 1.000000000000000000, 0.3333333333333334259, 0.3333333333333334259, 1.000000000000000000) ) ) 
 REPRESENTATION_ITEM ( '' )  SURFACE ( )  );
#2191 = LINE ( 'NONE', #188, #2514 ) ;
#2192 = CARTESIAN_POINT ( 'NONE',  ( 3.783021279348042665, 3.181980515339042803, -38.50000000000000000 ) ) ;
#2193 = SURFACE_STYLE_FILL_AREA ( #1544 ) ;
#2194 = DIRECTION ( 'NONE',  ( 0.000000000000000000, -1.000000000000000000, 0.000000000000000000 ) ) ;
#2195 = EDGE_CURVE ( 'NONE', #202, #1539, #696, .T. ) ;
#2196 = VERTEX_POINT ( 'NONE', #91 ) ;
#2197 = PRESENTATION_LAYER_ASSIGNMENT (  '', '', ( #230 ) ) ;
#2198 = CIRCLE ( 'NONE', #1377, 4.291999999999999815 ) ;
#2199 = EDGE_CURVE ( 'NONE', #1785, #1548, #1788, .T. ) ;
#2200 = VERTEX_POINT ( 'NONE', #1799 ) ;
#2201 = LINE ( 'NONE', #427, #2252 ) ;
#2202 = DIRECTION ( 'NONE',  ( 0.000000000000000000, 0.000000000000000000, 1.000000000000000000 ) ) ;
#2203 = ORIENTED_EDGE ( 'NONE', *, *, #1396, .F. ) ;
#2204 = CARTESIAN_POINT ( 'NONE',  ( 0.1000000000000000056, 0.000000000000000000, -3.500000000000000000 ) ) ;
#2205 = SURFACE_SIDE_STYLE ('',( #1084 ) ) ;
#2206 = CARTESIAN_POINT ( 'NONE',  ( -8.825229516856104794, -4.412614758428055062, -5.421140286650980578 ) ) ;
#2207 = MECHANICAL_DESIGN_GEOMETRIC_PRESENTATION_REPRESENTATION (  '', ( #1474 ), #422 ) ;
#2208 =( LENGTH_UNIT ( ) NAMED_UNIT ( * ) SI_UNIT ( .MILLI., .METRE. ) );
#2209 = VECTOR ( 'NONE', #1472, 1000.000000000000000 ) ;
#2210 = CARTESIAN_POINT ( 'NONE',  ( 8.583999999999999631, 4.291999999999999815, -4.970999880054582043 ) ) ;
#2211 = AXIS2_PLACEMENT_3D ( 'NONE', #2794, #2561, #2577 ) ;
#2212 = ORIENTED_EDGE ( 'NONE', *, *, #2692, .T. ) ;
#2213 = COLOUR_RGB ( '',0.6470588235294117974, 0.5176470588235293491, 0.000000000000000000 ) ;
#2214 = EDGE_CURVE ( 'NONE', #2156, #651, #306, .T. ) ;
#2215 = AXIS2_PLACEMENT_3D ( 'NONE', #1659, #340, #1473 ) ;
#2216 = ORIENTED_EDGE ( 'NONE', *, *, #1015, .T. ) ;
#2217 = EDGE_CURVE ( 'NONE', #777, #2295, #24, .T. ) ;
#2218 = DIRECTION ( 'NONE',  ( 0.000000000000000000, 0.000000000000000000, 1.000000000000000000 ) ) ;
#2219 = VECTOR ( 'NONE', #2490, 1000.000000000000000 ) ;
#2220 = ORIENTED_EDGE ( 'NONE', *, *, #186, .F. ) ;
#2221 = AXIS2_PLACEMENT_3D ( 'NONE', #1761, #2155, #626 ) ;
#2222 = CARTESIAN_POINT ( 'NONE',  ( -4.354300872168229475, -2.411265631607757822E-13, -5.232399999999994833 ) ) ;
#2223 = PLANE ( 'NONE',  #1896 ) ;
#2224 = STYLED_ITEM ( 'NONE', ( #1979 ), #2595 ) ;
#2225 = CARTESIAN_POINT ( 'NONE',  ( 0.000000000000000000, 0.000000000000000000, -4.500000000000000888 ) ) ;
#2226 = CARTESIAN_POINT ( 'NONE',  ( 5.305924668944675677E-16, -4.332616287927968379, -5.201346295360965044 ) ) ;
#2227 = ORIENTED_EDGE ( 'NONE', *, *, #1543, .F. ) ;
#2228 = ORIENTED_EDGE ( 'NONE', *, *, #542, .T. ) ;
#2229 = SURFACE_STYLE_FILL_AREA ( #2241 ) ;
#2230 = EDGE_CURVE ( 'NONE', #2489, #89, #1412, .T. ) ;
#2231 = VERTEX_POINT ( 'NONE', #1400 ) ;
#2232 = FILL_AREA_STYLE_COLOUR ( '', #1518 ) ;
#2233 = DIRECTION ( 'NONE',  ( 1.000000000000000000, 0.000000000000000000, 0.000000000000000000 ) ) ;
#2234 = LINE ( 'NONE', #1634, #386 ) ;
#2235 = DIRECTION ( 'NONE',  ( 0.000000000000000000, 0.000000000000000000, -1.000000000000000000 ) ) ;
#2236 = CARTESIAN_POINT ( 'NONE',  ( -0.1000000000000000056, 0.000000000000000000, -3.500000000000000000 ) ) ;
#2237 = ORIENTED_EDGE ( 'NONE', *, *, #761, .T. ) ;
#2238 = VECTOR ( 'NONE', #240, 1000.000000000000000 ) ;
#2239 = ORIENTED_EDGE ( 'NONE', *, *, #40, .F. ) ;
#2240 = CARTESIAN_POINT ( 'NONE',  ( 0.000000000000000000, 0.000000000000000000, 0.000000000000000000 ) ) ;
#2241 = FILL_AREA_STYLE ('',( #1370 ) ) ;
#2242 = VERTEX_POINT ( 'NONE', #2476 ) ;
#2243 = CARTESIAN_POINT ( 'NONE',  ( -3.181980515339000171, -3.783021279348000032, -13.90000000000000213 ) ) ;
#2244 = CARTESIAN_POINT ( 'NONE',  ( 2.580939751330885379, 3.181980515339114302, -18.39999999999999858 ) ) ;
#2245 = ADVANCED_FACE ( 'NONE', ( #2283 ), #1359, .F. ) ;
#2246 = PLANE ( 'NONE',  #440 ) ;
#2247 = SURFACE_SIDE_STYLE ('',( #1378 ) ) ;
#2248 = LINE ( 'NONE', #1608, #556 ) ;
#2249 = EDGE_CURVE ( 'NONE', #2835, #446, #2038, .T. ) ;
#2250 =( GEOMETRIC_REPRESENTATION_CONTEXT ( 3 ) GLOBAL_UNCERTAINTY_ASSIGNED_CONTEXT ( ( #2102 ) ) GLOBAL_UNIT_ASSIGNED_CONTEXT ( ( #1865, #1475, #1893 ) ) REPRESENTATION_CONTEXT ( 'NONE', 'WORKASPACE' ) );
#2251 = ORIENTED_EDGE ( 'NONE', *, *, #2827, .T. ) ;
#2252 = VECTOR ( 'NONE', #236, 1000.000000000000000 ) ;
#2253 = EDGE_LOOP ( 'NONE', ( #2413, #2474, #1557, #1570 ) ) ;
#2254 = CONICAL_SURFACE ( 'NONE', #1343, 4.799999999931969796, 0.3490658504081197711 ) ;
#2255 = DIRECTION ( 'NONE',  ( -1.000000000000000000, 0.000000000000000000, 0.000000000000000000 ) ) ;
#2256 = AXIS2_PLACEMENT_3D ( 'NONE', #2694, #265, #1149 ) ;
#2257 = ORIENTED_EDGE ( 'NONE', *, *, #304, .F. ) ;
#2258 = CARTESIAN_POINT ( 'NONE',  ( 0.000000000000000000, 0.000000000000000000, -4.737099999999998978 ) ) ;
#2259 = DIRECTION ( 'NONE',  ( 0.7071067811865975328, -0.7071067811864976127, 0.000000000000000000 ) ) ;
#2260 = LINE ( 'NONE', #2480, #2398 ) ;
#2261 = AXIS2_PLACEMENT_3D ( 'NONE', #1233, #2137, #175 ) ;
#2262 = ORIENTED_EDGE ( 'NONE', *, *, #1150, .T. ) ;
#2263 = CARTESIAN_POINT ( 'NONE',  ( 4.176121042717841902, 0.9905942845604011060, -4.067248716646122197 ) ) ;
#2264 = ADVANCED_FACE ( 'NONE', ( #1586 ), #2072, .T. ) ;
#2265 = CARTESIAN_POINT ( 'NONE',  ( 4.205389129438561469, 0.8578847649888510229, -4.737100000000023847 ) ) ;
#2266 = CARTESIAN_POINT ( 'NONE',  ( -4.187685032327867596, -0.9446710334648971141, -3.896818226399791474 ) ) ;
#2267 = CIRCLE ( 'NONE', #1581, 1.000000000000000000 ) ;
#2268 = ORIENTED_EDGE ( 'NONE', *, *, #578, .F. ) ;
#2269 = ADVANCED_FACE ( 'NONE', ( #1813 ), #519, .T. ) ;
#2270 = DIRECTION ( 'NONE',  ( 0.7071067811865975328, -0.7071067811864976127, 0.000000000000000000 ) ) ;
#2271 = VERTEX_POINT ( 'NONE', #1174 ) ;
#2272 = ORIENTED_EDGE ( 'NONE', *, *, #2281, .F. ) ;
#2273 = DIRECTION ( 'NONE',  ( 1.000000000000000000, 0.000000000000000000, 0.000000000000000000 ) ) ;
#2274 = CARTESIAN_POINT ( 'NONE',  ( 0.000000000000000000, 0.000000000000000000, -8.500000000000000000 ) ) ;
#2275 = CARTESIAN_POINT ( 'NONE',  ( 0.4899999999999999911, 0.000000000000000000, -19.78592929112999954 ) ) ;
#2276 = CARTESIAN_POINT ( 'NONE',  ( 0.000000000000000000, 0.000000000000000000, -3.499999999974079401 ) ) ;
#2277 = CARTESIAN_POINT ( 'NONE',  ( 5.305924668951598917E-16, -4.332616287933624299, -3.282253704606886036 ) ) ;
#2278 = DIRECTION ( 'NONE',  ( 0.7071067811865975328, -0.7071067811864976127, -0.000000000000000000 ) ) ;
#2279 = ORIENTED_EDGE ( 'NONE', *, *, #94, .F. ) ;
#2280 = DIRECTION ( 'NONE',  ( 0.000000000000000000, -0.000000000000000000, -1.000000000000000000 ) ) ;
#2281 = EDGE_CURVE ( 'NONE', #1614, #2054, #848, .T. ) ;
#2282 = VERTEX_POINT ( 'NONE', #1255 ) ;
#2283 = FACE_OUTER_BOUND ( 'NONE', #1215, .T. ) ;
#2284 = ADVANCED_FACE ( 'NONE', ( #1016 ), #573, .F. ) ;
#2285 = DIRECTION ( 'NONE',  ( -2.409338160922831432E-16, 0.000000000000000000, 1.000000000000000000 ) ) ;
#2286 = AXIS2_PLACEMENT_3D ( 'NONE', #1250, #160, #1043 ) ;
#2287 = LINE ( 'NONE', #2348, #198 ) ;
#2288 = DIRECTION ( 'NONE',  ( 0.000000000000000000, 0.000000000000000000, 1.000000000000000000 ) ) ;
#2289 = ORIENTED_EDGE ( 'NONE', *, *, #794, .F. ) ;
#2290 = PRESENTATION_STYLE_ASSIGNMENT (( #1273 ) ) ;
#2291 = CARTESIAN_POINT ( 'NONE',  ( 5.256184061940440652E-16, -4.291999999999999815, -3.746499999999999719 ) ) ;
#2292 = CARTESIAN_POINT ( 'NONE',  ( 4.799999999999999822, 0.000000000000000000, -11.90000000000000036 ) ) ;
#2293 = LINE ( 'NONE', #2339, #1195 ) ;
#2294 = CARTESIAN_POINT ( 'NONE',  ( -3.783021279348000032, 3.181980515339000171, -38.50000000000000000 ) ) ;
#2295 = VERTEX_POINT ( 'NONE', #2063 ) ;
#2296 = ADVANCED_FACE ( 'NONE', ( #2081 ), #2343, .F. ) ;
#2297 = AXIS2_PLACEMENT_3D ( 'NONE', #1737, #1523, #1535 ) ;
#2298 = FILL_AREA_STYLE ('',( #2503 ) ) ;
#2299 = VECTOR ( 'NONE', #1433, 1000.000000000000000 ) ;
#2300 = VERTEX_POINT ( 'NONE', #2779 ) ;
#2301 = ADVANCED_FACE ( 'NONE', ( #2092 ), #1487, .T. ) ;
#2302 = PRESENTATION_STYLE_ASSIGNMENT (( #1037 ) ) ;
#2303 = CARTESIAN_POINT ( 'NONE',  ( -4.176118331498458680, 0.9906057143773346896, -4.416286405680177829 ) ) ;
#2304 = CIRCLE ( 'NONE', #1077, 4.291999999999999815 ) ;
#2305 = VECTOR ( 'NONE', #2389, 1000.000000000000000 ) ;
#2306 = DIRECTION ( 'NONE',  ( -2.409338160922831432E-16, 0.000000000000000000, 1.000000000000000000 ) ) ;
#2307 = DIRECTION ( 'NONE',  ( 0.7071067811864976127, 0.7071067811865975328, 0.000000000000000000 ) ) ;
#2309 = SURFACE_STYLE_USAGE ( .BOTH. , #2120 ) ;
#2308 =( NAMED_UNIT ( * ) PLANE_ANGLE_UNIT ( ) SI_UNIT ( $, .RADIAN. ) );
#2310 = CIRCLE ( 'NONE', #209, 2.375000000000000000 ) ;
#2311 = FACE_OUTER_BOUND ( 'NONE', #2365, .T. ) ;
#2312 = EDGE_LOOP ( 'NONE', ( #2494, #1202, #2526, #2154 ) ) ;
#2313 = ORIENTED_EDGE ( 'NONE', *, *, #8, .T. ) ;
#2314 = CYLINDRICAL_SURFACE ( 'NONE', #2153, 0.6999999999999999556 ) ;
#2315 = PLANE ( 'NONE',  #1477 ) ;
#2316 = CYLINDRICAL_SURFACE ( 'NONE', #1389, 0.6999999999999999556 ) ;
#2317 = EDGE_CURVE ( 'NONE', #441, #2034, #289, .T. ) ;
#2318 = ORIENTED_EDGE ( 'NONE', *, *, #1231, .F. ) ;
#2319 = CARTESIAN_POINT ( 'NONE',  ( 0.1000000000000000056, 0.6928203230241057886, -3.699999999978944132 ) ) ;
#2320 = CARTESIAN_POINT ( 'NONE',  ( 0.1000000000000000056, 0.000000000000000000, -4.500000000000000888 ) ) ;
#2321 = ADVANCED_FACE ( 'NONE', ( #2326 ), #1034, .T. ) ;
#2323 = CARTESIAN_POINT ( 'NONE',  ( -0.1000000000000000056, -0.6928203230247081956, -3.699999999978348164 ) ) ;
#2322 = DIRECTION ( 'NONE',  ( 0.000000000000000000, 0.000000000000000000, -1.000000000000000000 ) ) ;
#2324 = DIRECTION ( 'NONE',  ( 0.7071067811865975328, -0.7071067811864976127, -0.000000000000000000 ) ) ;
#2325 = VERTEX_POINT ( 'NONE', #320 ) ;
#2326 = FACE_OUTER_BOUND ( 'NONE', #2421, .T. ) ;
#2327 = UNCERTAINTY_MEASURE_WITH_UNIT (LENGTH_MEASURE( 1.000000000000000082E-05 ), #379, 'distance_accuracy_value', 'NONE');
#2328 = ORIENTED_EDGE ( 'NONE', *, *, #598, .F. ) ;
#2329 = DIRECTION ( 'NONE',  ( -1.000000000000000000, 0.000000000000000000, 0.000000000000000000 ) ) ;
#2330 = CARTESIAN_POINT ( 'NONE',  ( 2.375000000000000000, 2.908536147974963713E-16, -3.500000000000000000 ) ) ;
#2331 = ORIENTED_EDGE ( 'NONE', *, *, #582, .T. ) ;
#2332 = AXIS2_PLACEMENT_3D ( 'NONE', #2441, #1361, #49 ) ;
#2333 =( NAMED_UNIT ( * ) SI_UNIT ( $, .STERADIAN. ) SOLID_ANGLE_UNIT ( ) );
#2334 = ADVANCED_FACE ( 'NONE', ( #1673 ), #1201, .T. ) ;
#2335 = CARTESIAN_POINT ( 'NONE',  ( 4.776122516674678026E-17, 0.3900000000000000688, -18.39999999999999858 ) ) ;
#2336 = COLOUR_RGB ( '',0.6470588235294117974, 0.5176470588235293491, 0.000000000000000000 ) ;
#2337 = UNCERTAINTY_MEASURE_WITH_UNIT (LENGTH_MEASURE( 1.000000000000000082E-05 ), #1279, 'distance_accuracy_value', 'NONE');
#2339 = CARTESIAN_POINT ( 'NONE',  ( -2.580939751330999954, -3.181980515339000171, -13.90000000000000213 ) ) ;
#2338 =( NAMED_UNIT ( * ) SI_UNIT ( $, .STERADIAN. ) SOLID_ANGLE_UNIT ( ) );
#2340 = ADVANCED_FACE ( 'NONE', ( #1547 ), #1059, .T. ) ;
#2341 = DIRECTION ( 'NONE',  ( 0.000000000000000000, 0.000000000000000000, -1.000000000000000000 ) ) ;
#2342 = VERTEX_POINT ( 'NONE', #1948 ) ;
#2343 = CYLINDRICAL_SURFACE ( 'NONE', #2757, 1.000000000000000000 ) ;
#2344 = CIRCLE ( 'NONE', #2699, 4.799999999999999822 ) ;
#2345 = ORIENTED_EDGE ( 'NONE', *, *, #2123, .T. ) ;
#2347 = DIRECTION ( 'NONE',  ( 0.000000000000000000, 0.000000000000000000, 1.000000000000000000 ) ) ;
#2346 = DIRECTION ( 'NONE',  ( 1.000000000000000000, 0.000000000000000000, 0.000000000000000000 ) ) ;
#2348 = CARTESIAN_POINT ( 'NONE',  ( 4.799999999931969796, 0.000000000000000000, -1.998127509807545721 ) ) ;
#2349 = CARTESIAN_POINT ( 'NONE',  ( -4.176121042717841902, 0.9905942845604022162, -4.067248716646133744 ) ) ;
#2350 = CIRCLE ( 'NONE', #1478, 4.150000000000000355 ) ;
#2351 = ORIENTED_EDGE ( 'NONE', *, *, #1656, .F. ) ;
#2352 = AXIS2_PLACEMENT_3D ( 'NONE', #2660, #1142, #691 ) ;
#2353 = CARTESIAN_POINT ( 'NONE',  ( 0.000000000000000000, 0.000000000000000000, -4.500000000000000888 ) ) ;
#2354 = EDGE_CURVE ( 'NONE', #2509, #2835, #1272, .T. ) ;
#2355 = CARTESIAN_POINT ( 'NONE',  ( 0.1000000000000000056, -0.6928203230229520448, -3.699999999982702459 ) ) ;
#2356 = PRESENTATION_STYLE_ASSIGNMENT (( #1482 ) ) ;
#2357 = CARTESIAN_POINT ( 'NONE',  ( 0.000000000000000000, 0.000000000000000000, -3.699999999980718712 ) ) ;
#2358 = MECHANICAL_DESIGN_GEOMETRIC_PRESENTATION_REPRESENTATION (  '', ( #936 ), #1990 ) ;
#2359 = EDGE_LOOP ( 'NONE', ( #2237, #2676, #37, #1067, #635 ) ) ;
#2360 = CARTESIAN_POINT ( 'NONE',  ( 4.150000000000000355, 0.000000000000000000, -8.500000000000000000 ) ) ;
#2361 = CIRCLE ( 'NONE', #2629, 2.000000000000000888 ) ;
#2362 = ORIENTED_EDGE ( 'NONE', *, *, #2830, .F. ) ;
#2363 = FACE_OUTER_BOUND ( 'NONE', #716, .T. ) ;
#2364 = DIRECTION ( 'NONE',  ( 0.7071067811865975328, -0.7071067811864976127, 0.000000000000000000 ) ) ;
#2365 = EDGE_LOOP ( 'NONE', ( #2369, #2548 ) ) ;
#2366 = CARTESIAN_POINT ( 'NONE',  ( -0.7800000000000000266, -0.3899999999999998468, -18.40000000000000213 ) ) ;
#2367 = SURFACE_SIDE_STYLE ('',( #2530 ) ) ;
#2368 = CARTESIAN_POINT ( 'NONE',  ( 8.825229516889342207, -4.412614758444671104, -3.062459713303359532 ) ) ;
#2369 = ORIENTED_EDGE ( 'NONE', *, *, #1585, .F. ) ;
#2370 = EDGE_CURVE ( 'NONE', #2325, #1785, #389, .T. ) ;
#2371 = DIRECTION ( 'NONE',  ( 0.000000000000000000, 0.000000000000000000, -1.000000000000000000 ) ) ;
#2372 = ORIENTED_EDGE ( 'NONE', *, *, #513, .T. ) ;
#2373 = LINE ( 'NONE', #1689, #1930 ) ;
#2374 = LINE ( 'NONE', #1765, #2394 ) ;
#2375 = EDGE_CURVE ( 'NONE', #46, #1456, #1086, .T. ) ;
#2376 = DIRECTION ( 'NONE',  ( 1.000000000000000000, 0.000000000000000000, 0.000000000000000000 ) ) ;
#2377 = ORIENTED_EDGE ( 'NONE', *, *, #2461, .F. ) ;
#2378 = CARTESIAN_POINT ( 'NONE',  ( 0.000000000000000000, 0.000000000000000000, -13.90000000000000036 ) ) ;
#2379 = CARTESIAN_POINT ( 'NONE',  ( -8.825229516856106571, 4.412614758428052397, -5.421140286650980578 ) ) ;
#2380 = SURFACE_STYLE_USAGE ( .BOTH. , #854 ) ;
#2381 = CARTESIAN_POINT ( 'NONE',  ( 8.825229516889342207, 4.412614758444671992, -3.062459713303359532 ) ) ;
#2382 = ORIENTED_EDGE ( 'NONE', *, *, #2108, .F. ) ;
#2383 = CARTESIAN_POINT ( 'NONE',  ( 0.1000000000000000056, -0.6928203230275999935, -8.500000000000000000 ) ) ;
#2384 = EDGE_CURVE ( 'NONE', #1548, #333, #620, .T. ) ;
#2385 = ORIENTED_EDGE ( 'NONE', *, *, #1715, .T. ) ;
#2387 = CARTESIAN_POINT ( 'NONE',  ( -4.205389129438561469, -0.8578847649888504678, -3.746499999999976627 ) ) ;
#2386 = CARTESIAN_POINT ( 'NONE',  ( -2.375000000000000000, 0.000000000000000000, -3.500000000000000000 ) ) ;
#2388 = CARTESIAN_POINT ( 'NONE',  ( -0.1000000000000000056, 0.000000000000000000, -3.500000000000000000 ) ) ;
#2389 = DIRECTION ( 'NONE',  ( -0.000000000000000000, -0.000000000000000000, 1.000000000000000000 ) ) ;
#2390 = CONICAL_SURFACE ( 'NONE', #278, 0.9000000000582986104, 0.7853981635395568262 ) ;
#2391 = EDGE_CURVE ( 'NONE', #114, #1869, #2579, .T. ) ;
#2392 = ORIENTED_EDGE ( 'NONE', *, *, #2535, .T. ) ;
#2393 = CARTESIAN_POINT ( 'NONE',  ( -4.354300872168230363, 2.428612866367525893E-13, -3.251200000000004309 ) ) ;
#2394 = VECTOR ( 'NONE', #1936, 1000.000000000000114 ) ;
#2395 = VECTOR ( 'NONE', #581, 1000.000000000000000 ) ;
#2396 =( NAMED_UNIT ( * ) SI_UNIT ( $, .STERADIAN. ) SOLID_ANGLE_UNIT ( ) );
#2397 = DIRECTION ( 'NONE',  ( -1.000000000000000000, 0.000000000000000000, 0.000000000000000000 ) ) ;
#2398 = VECTOR ( 'NONE', #2493, 1000.000000000000114 ) ;
#2399 = ORIENTED_EDGE ( 'NONE', *, *, #1564, .F. ) ;
#2400 = DIRECTION ( 'NONE',  ( 1.000000000000000000, 0.000000000000000000, 0.000000000000000000 ) ) ;
#2401 = AXIS2_PLACEMENT_3D ( 'NONE', #2543, #358, #371 ) ;
#2402 = ORIENTED_EDGE ( 'NONE', *, *, #1938, .F. ) ;
#2403 = SHAPE_DEFINITION_REPRESENTATION ( #273, #82 ) ;
#2404 = LINE ( 'NONE', #1330, #102 ) ;
#2405 = CARTESIAN_POINT ( 'NONE',  ( 0.000000000000000000, 0.000000000000000000, -8.500000000000000000 ) ) ;
#2406 = EDGE_LOOP ( 'NONE', ( #502, #2372, #2039, #2504, #305 ) ) ;
#2407 = FACE_OUTER_BOUND ( 'NONE', #1643, .T. ) ;
#2408 = DIRECTION ( 'NONE',  ( 1.000000000000000000, 8.881784197001252323E-16, 4.818676321845661878E-16 ) ) ;
#2409 = EDGE_CURVE ( 'NONE', #441, #1614, #1932, .T. ) ;
#2410 = EDGE_CURVE ( 'NONE', #2416, #431, #2594, .T. ) ;
#2411 = ORIENTED_EDGE ( 'NONE', *, *, #1848, .T. ) ;
#2412 = CARTESIAN_POINT ( 'NONE',  ( 4.263305870160101207, -0.6451254530397775300, -3.470676862482018787 ) ) ;
#2413 = ORIENTED_EDGE ( 'NONE', *, *, #43, .T. ) ;
#2414 = LINE ( 'NONE', #1319, #1711 ) ;
#2415 = CARTESIAN_POINT ( 'NONE',  ( 0.9799999999999998712, 0.4899999999999999356, -18.30000000000000071 ) ) ;
#2416 = VERTEX_POINT ( 'NONE', #670 ) ;
#2417 = SURFACE_STYLE_USAGE ( .BOTH. , #2205 ) ;
#2418 = CARTESIAN_POINT ( 'NONE',  ( 5.403894539779287276E-16, -4.412614758428053285, -5.421140286650980578 ) ) ;
#2419 = EDGE_CURVE ( 'NONE', #2541, #2704, #2736, .T. ) ;
#2420 = CARTESIAN_POINT ( 'NONE',  ( -5.500000000000000000, 1.213135119235368137E-16, -5.232400000000000162 ) ) ;
#2421 = EDGE_LOOP ( 'NONE', ( #1885, #2392, #1431, #1777, #259 ) ) ;
#2422 = CIRCLE ( 'NONE', #45, 1.000000000000000000 ) ;
#2423 = VERTEX_POINT ( 'NONE', #2360 ) ;
#2424 = LINE ( 'NONE', #1172, #58 ) ;
#2425 = CARTESIAN_POINT ( 'NONE',  ( 0.7799999999999998046, 0.3899999999999999023, -18.40000000000000213 ) ) ;
#2426 = ORIENTED_EDGE ( 'NONE', *, *, #922, .T. ) ;
#2427 = FILL_AREA_STYLE_COLOUR ( '', #687 ) ;
#2428 = PRESENTATION_LAYER_ASSIGNMENT (  '', '', ( #743 ) ) ;
#2429 =( LENGTH_UNIT ( ) NAMED_UNIT ( * ) SI_UNIT ( .MILLI., .METRE. ) );
#2430 = AXIS2_PLACEMENT_3D ( 'NONE', #2274, #95, #309 ) ;
#2431 = CARTESIAN_POINT ( 'NONE',  ( 5.256184061940438680E-16, -4.291999999999999815, -4.970999880054582931 ) ) ;
#2432 = VECTOR ( 'NONE', #1555, 1000.000000000000000 ) ;
#2433 = ORIENTED_EDGE ( 'NONE', *, *, #2501, .F. ) ;
#2434 = PRESENTATION_LAYER_ASSIGNMENT (  '', '', ( #1985 ) ) ;
#2435 = ADVANCED_FACE ( 'NONE', ( #1720 ), #2582, .F. ) ;
#2436 = AXIS2_PLACEMENT_3D ( 'NONE', #1702, #808, #146 ) ;
#2437 = ORIENTED_EDGE ( 'NONE', *, *, #1943, .F. ) ;
#2438 = PLANE ( 'NONE',  #1256 ) ;
#2439 = AXIS2_PLACEMENT_3D ( 'NONE', #344, #1649, #2076 ) ;
#2440 = ORIENTED_EDGE ( 'NONE', *, *, #1923, .F. ) ;
#2441 = CARTESIAN_POINT ( 'NONE',  ( 5.500000000000000000, 0.000000000000000000, -4.241799999999999571 ) ) ;
#2442 = CARTESIAN_POINT ( 'NONE',  ( -3.181980515339042803, -2.580939751331042586, -38.50000000000000000 ) ) ;
#2443 = DIRECTION ( 'NONE',  ( 1.224646799147352468E-16, -1.000000000000000000, 0.000000000000000000 ) ) ;
#2444 = CARTESIAN_POINT ( 'NONE',  ( 0.000000000000000000, 0.000000000000000000, -8.500000000000000000 ) ) ;
#2445 = CARTESIAN_POINT ( 'NONE',  ( 0.000000000000000000, 0.000000000000000000, -13.90000000000000036 ) ) ;
#2446 = EDGE_LOOP ( 'NONE', ( #1206, #1031, #2462, #7, #2227 ) ) ;
#2447 = ORIENTED_EDGE ( 'NONE', *, *, #744, .T. ) ;
#2448 = EDGE_CURVE ( 'NONE', #1134, #2553, #1092, .T. ) ;
#2449 = PRESENTATION_STYLE_ASSIGNMENT (( #1347 ) ) ;
#2450 = EDGE_CURVE ( 'NONE', #1869, #2541, #1076, .T. ) ;
#2451 = CARTESIAN_POINT ( 'NONE',  ( 0.8272846263344681983, -0.1000000000000000056, -3.566726817247058534 ) ) ;
#2452 = FACE_OUTER_BOUND ( 'NONE', #840, .T. ) ;
#2453 = DIRECTION ( 'NONE',  ( 1.000000000000000000, 0.000000000000000000, 0.000000000000000000 ) ) ;
#2454 = DIRECTION ( 'NONE',  ( 0.000000000000000000, 0.000000000000000000, 1.000000000000000000 ) ) ;
#2455 = DIRECTION ( 'NONE',  ( -1.000000000000000000, 0.000000000000000000, 0.000000000000000000 ) ) ;
#2456 = ORIENTED_EDGE ( 'NONE', *, *, #1918, .T. ) ;
#2457 = STYLED_ITEM ( 'NONE', ( #2531 ), #15 ) ;
#2458 = EDGE_LOOP ( 'NONE', ( #1175, #1822, #131, #913 ) ) ;
#2459 = AXIS2_PLACEMENT_3D ( 'NONE', #322, #2066, #547 ) ;
#2460 = DIRECTION ( 'NONE',  ( 0.000000000000000000, 0.000000000000000000, -1.000000000000000000 ) ) ;
#2461 = EDGE_CURVE ( 'NONE', #2678, #2061, #2609, .T. ) ;
#2462 = ORIENTED_EDGE ( 'NONE', *, *, #60, .F. ) ;
#2463 = PRESENTATION_STYLE_ASSIGNMENT (( #768 ) ) ;
#2464 = CARTESIAN_POINT ( 'NONE',  ( -3.783021279348042665, -3.181980515339042803, -38.50000000000000000 ) ) ;
#2465 = DIRECTION ( 'NONE',  ( -0.000000000000000000, -0.000000000000000000, 1.000000000000000000 ) ) ;
#2466 = EDGE_CURVE ( 'NONE', #2650, #529, #667, .T. ) ;
#2467 = ORIENTED_EDGE ( 'NONE', *, *, #856, .F. ) ;
#2468 =( NAMED_UNIT ( * ) SI_UNIT ( $, .STERADIAN. ) SOLID_ANGLE_UNIT ( ) );
#2469 = DIRECTION ( 'NONE',  ( -0.000000000000000000, 0.000000000000000000, 1.000000000000000000 ) ) ;
#2470 = CIRCLE ( 'NONE', #1794, 4.412614758450672525 ) ;
#2471 = ORIENTED_EDGE ( 'NONE', *, *, #396, .T. ) ;
#2472 = FACE_BOUND ( 'NONE', #387, .T. ) ;
#2473 = CIRCLE ( 'NONE', #2619, 0.4899999999999999911 ) ;
#2474 = ORIENTED_EDGE ( 'NONE', *, *, #1504, .F. ) ;
#2475 = AXIS2_PLACEMENT_3D ( 'NONE', #2357, #393, #2194 ) ;
#2476 = CARTESIAN_POINT ( 'NONE',  ( 4.412614758450672525, 0.000000000000000000, -3.062459713305543119 ) ) ;
#2477 = CIRCLE ( 'NONE', #2525, 2.375000000000000000 ) ;
#2478 = VERTEX_POINT ( 'NONE', #553 ) ;
#2479 = PRESENTATION_LAYER_ASSIGNMENT (  '', '', ( #2122 ) ) ;
#2480 = CARTESIAN_POINT ( 'NONE',  ( 2.580939751330999954, 3.181980515339000171, -18.39999999999999858 ) ) ;
#2481 = ORIENTED_EDGE ( 'NONE', *, *, #1426, .F. ) ;
#2482 = CARTESIAN_POINT ( 'NONE',  ( 3.181980515339146276, 2.580939751330875165, -13.90000000000000213 ) ) ;
#2483 = CARTESIAN_POINT ( 'NONE',  ( 5.256184061940440652E-16, -4.291999999999999815, -3.512600119928970699 ) ) ;
#2484 = ADVANCED_FACE ( 'NONE', ( #2574 ), #584, .T. ) ;
#2485 = DIRECTION ( 'NONE',  ( 0.000000000000000000, 0.000000000000000000, -1.000000000000000000 ) ) ;
#2486 = VERTEX_POINT ( 'NONE', #1499 ) ;
#2487 = ADVANCED_FACE ( 'NONE', ( #2741 ), #1684, .F. ) ;
#2488 = CARTESIAN_POINT ( 'NONE',  ( -0.9949874371065999812, 0.1000000000000000056, -8.500000000000000000 ) ) ;
#2489 = VERTEX_POINT ( 'NONE', #403 ) ;
#2490 = DIRECTION ( 'NONE',  ( 0.000000000000000000, 0.000000000000000000, -1.000000000000000000 ) ) ;
#2491 = ORIENTED_EDGE ( 'NONE', *, *, #2214, .F. ) ;
#2492 = CARTESIAN_POINT ( 'NONE',  ( -0.4899999999999999911, 6.000769315822030986E-17, -13.90000000000000036 ) ) ;
#2493 = DIRECTION ( 'NONE',  ( 0.7071067811865474617, -0.7071067811865474617, 0.000000000000000000 ) ) ;
#2494 = ORIENTED_EDGE ( 'NONE', *, *, #814, .F. ) ;
#2495 = DIRECTION ( 'NONE',  ( 2.409338160922831432E-16, -0.000000000000000000, -1.000000000000000000 ) ) ;
#2496 = CARTESIAN_POINT ( 'NONE',  ( -1.061184933790319981E-15, 4.332616287933624299, -3.282253704606886036 ) ) ;
#2497 = CARTESIAN_POINT ( 'NONE',  ( -4.176118331498457792, -0.9906057143773357998, -4.067313594319827530 ) ) ;
#2498 = PRODUCT_RELATED_PRODUCT_CATEGORY ( 'part', '', ( #2691 ) ) ;
#2499 = CARTESIAN_POINT ( 'NONE',  ( 0.000000000000000000, -0.1000000000000000056, -3.500000000000000000 ) ) ;
#2500 = DIRECTION ( 'NONE',  ( 0.7071067811865975328, -0.7071067811864976127, -0.000000000000000000 ) ) ;
#2501 = EDGE_CURVE ( 'NONE', #1745, #1946, #157, .T. ) ;
#2502 = ORIENTED_EDGE ( 'NONE', *, *, #2692, .F. ) ;
#2503 = FILL_AREA_STYLE_COLOUR ( '', #560 ) ;
#2504 = ORIENTED_EDGE ( 'NONE', *, *, #546, .F. ) ;
#2505 =( NAMED_UNIT ( * ) SI_UNIT ( $, .STERADIAN. ) SOLID_ANGLE_UNIT ( ) );
#2506 = CARTESIAN_POINT ( 'NONE',  ( 0.000000000000000000, 0.000000000000000000, -13.90000000000000036 ) ) ;
#2507 = SURFACE_STYLE_FILL_AREA ( #385 ) ;
#2508 = CONICAL_SURFACE ( 'NONE', #1603, 0.9000000000582986104, 0.7853981635395568262 ) ;
#2509 = VERTEX_POINT ( 'NONE', #1221 ) ;
#2510 = CARTESIAN_POINT ( 'NONE',  ( 0.9949874371066197432, 0.1000000000000018374, -3.500000000000000000 ) ) ;
#2512 = CARTESIAN_POINT ( 'NONE',  ( 5.403894539779287276E-16, -4.412614758428053285, -5.421140286650980578 ) ) ;
#2511 = DIRECTION ( 'NONE',  ( 0.000000000000000000, 1.000000000000000000, 0.000000000000000000 ) ) ;
#2513 = CARTESIAN_POINT ( 'NONE',  ( 0.000000000000000000, 0.000000000000000000, -3.500000000000000000 ) ) ;
#2514 = VECTOR ( 'NONE', #2634, 1000.000000000000000 ) ;
#2515 = ORIENTED_EDGE ( 'NONE', *, *, #1692, .F. ) ;
#2516 = EDGE_CURVE ( 'NONE', #1587, #1745, #1042, .T. ) ;
#2517 = DIRECTION ( 'NONE',  ( -1.000000000000000000, 0.000000000000000000, 0.000000000000000000 ) ) ;
#2518 = UNCERTAINTY_MEASURE_WITH_UNIT (LENGTH_MEASURE( 1.000000000000000082E-05 ), #2429, 'distance_accuracy_value', 'NONE');
#2519 = AXIS2_PLACEMENT_3D ( 'NONE', #1436, #346, #1381 ) ;
#2520 = ORIENTED_EDGE ( 'NONE', *, *, #1526, .F. ) ;
#2521 = PRESENTATION_STYLE_ASSIGNMENT (( #1872 ) ) ;
#2522 = LINE ( 'NONE', #548, #2800 ) ;
#2523 = EDGE_CURVE ( 'NONE', #1382, #221, #1879, .T. ) ;
#2524 = CARTESIAN_POINT ( 'NONE',  ( -2.580939751330457721, 3.181980515339542404, -38.50000000000000000 ) ) ;
#2525 = AXIS2_PLACEMENT_3D ( 'NONE', #676, #2644, #1312 ) ;
#2526 = ORIENTED_EDGE ( 'NONE', *, *, #2677, .F. ) ;
#2527 = AXIS2_PLACEMENT_3D ( 'NONE', #2188, #468, #2202 ) ;
#2528 = CARTESIAN_POINT ( 'NONE',  ( 0.6928203230275999935, -0.1000000000000000056, -8.500000000000000000 ) ) ;
#2529 = LINE ( 'NONE', #2320, #1302 ) ;
#2531 = PRESENTATION_STYLE_ASSIGNMENT (( #2309 ) ) ;
#2530 = SURFACE_STYLE_FILL_AREA ( #1008 ) ;
#2532 = CARTESIAN_POINT ( 'NONE',  ( 2.865673510004806939E-17, 0.3900000000000000688, -18.39999999999999858 ) ) ;
#2533 = EDGE_LOOP ( 'NONE', ( #1411, #1837, #73, #1810 ) ) ;
#2534 = CARTESIAN_POINT ( 'NONE',  ( 0.000000000000000000, 0.000000000000000000, -13.90000000000000036 ) ) ;
#2535 = EDGE_CURVE ( 'NONE', #1834, #1496, #110, .T. ) ;
#2536 = VERTEX_POINT ( 'NONE', #139 ) ;
#2537 = CARTESIAN_POINT ( 'NONE',  ( 0.1000000000000000056, 0.000000000000000000, -4.500000000000000888 ) ) ;
#2538 = DIRECTION ( 'NONE',  ( 0.3420201433343645347, 0.000000000000000000, 0.9396926207827434041 ) ) ;
#2539 = FACE_OUTER_BOUND ( 'NONE', #1257, .T. ) ;
#2540 = EDGE_CURVE ( 'NONE', #1594, #484, #1998, .T. ) ;
#2541 = VERTEX_POINT ( 'NONE', #1913 ) ;
#2542 = FACE_OUTER_BOUND ( 'NONE', #1014, .T. ) ;
#2544 = LINE ( 'NONE', #119, #643 ) ;
#2543 = CARTESIAN_POINT ( 'NONE',  ( 0.000000000000000000, 0.000000000000000000, -8.500000000000000000 ) ) ;
#2545 = FACE_OUTER_BOUND ( 'NONE', #2177, .T. ) ;
#2546 = ORIENTED_EDGE ( 'NONE', *, *, #164, .T. ) ;
#2547 = CARTESIAN_POINT ( 'NONE',  ( 0.000000000000000000, 0.000000000000000000, 0.000000000000000000 ) ) ;
#2548 = ORIENTED_EDGE ( 'NONE', *, *, #1185, .F. ) ;
#2549 = CARTESIAN_POINT ( 'NONE',  ( -0.09999999999395614569, 0.8272846263177477955, -3.566726817255829740 ) ) ;
#2550 = LINE ( 'NONE', #656, #2114 ) ;
#2551 = DIRECTION ( 'NONE',  ( 1.000000000000000000, 0.000000000000000000, 0.000000000000000000 ) ) ;
#2552 = EDGE_CURVE ( 'NONE', #2034, #2054, #2775, .T. ) ;
#2553 = VERTEX_POINT ( 'NONE', #2355 ) ;
#2554 = VECTOR ( 'NONE', #820, 1000.000000000000000 ) ;
#2555 = CARTESIAN_POINT ( 'NONE',  ( -1.098700800499679623E-16, -0.4485786437626905765, -18.40000000000000213 ) ) ;
#2556 = ADVANCED_FACE ( 'NONE', ( #390 ), #1267, .T. ) ;
#2557 = MECHANICAL_DESIGN_GEOMETRIC_PRESENTATION_REPRESENTATION (  '', ( #5 ), #232 ) ;
#2558 = UNCERTAINTY_MEASURE_WITH_UNIT (LENGTH_MEASURE( 1.000000000000000082E-05 ), #1161, 'distance_accuracy_value', 'NONE');
#2559 = LINE ( 'NONE', #330, #1011 ) ;
#2560 = SURFACE_STYLE_FILL_AREA ( #1697 ) ;
#2561 = DIRECTION ( 'NONE',  ( -0.000000000000000000, -0.000000000000000000, 1.000000000000000000 ) ) ;
#2562 = ORIENTED_EDGE ( 'NONE', *, *, #972, .T. ) ;
#2563 = STYLED_ITEM ( 'NONE', ( #1708 ), #507 ) ;
#2564 = VERTEX_POINT ( 'NONE', #665 ) ;
#2566 = CARTESIAN_POINT ( 'NONE',  ( -4.354300872168249903, -0.1758461275746598107, -3.251199999999971890 ) ) ;
#2565 = CARTESIAN_POINT ( 'NONE',  ( 0.1000000000000000056, 0.8944271910455366958, -3.499999999987039700 ) ) ;
#2567 = CIRCLE ( 'NONE', #238, 0.6999999999999999556 ) ;
#2568 = CARTESIAN_POINT ( 'NONE',  ( 0.000000000000000000, 0.000000000000000000, -4.500000000000000888 ) ) ;
#2569 =( BOUNDED_SURFACE ( )  B_SPLINE_SURFACE ( 3, 3, ( 
 ( #2100, #1710, #1220, #785 ),
 ( #1942, #1895, #2789, #1730 ),
 ( #2149, #2117, #1280, #2555 ),
 ( #2335, #2590, #2366, #127 ) ),
 .UNSPECIFIED., .F., .F., .F. ) 
 B_SPLINE_SURFACE_WITH_KNOTS ( ( 4, 4 ),
 ( 4, 4 ),
 ( 0.000000000000000000, 1.000000000000000000 ),
 ( 0.000000000000000000, 1.000000000000000000 ),
 .UNSPECIFIED. ) 
 GEOMETRIC_REPRESENTATION_ITEM ( )  RATIONAL_B_SPLINE_SURFACE ( (
 ( 1.000000000000000000, 0.3333333333333334259, 0.3333333333333334259, 1.000000000000000000),
 ( 0.8047378541243649375, 0.2682459513747884050, 0.2682459513747884050, 0.8047378541243649375),
 ( 0.8047378541243649375, 0.2682459513747884050, 0.2682459513747884050, 0.8047378541243649375),
 ( 1.000000000000000000, 0.3333333333333334259, 0.3333333333333334259, 1.000000000000000000) ) ) 
 REPRESENTATION_ITEM ( '' )  SURFACE ( )  );
#2570 = CIRCLE ( 'NONE', #429, 5.500000000000000000 ) ;
#2571 = VERTEX_POINT ( 'NONE', #2591 ) ;
#2572 = PRESENTATION_LAYER_ASSIGNMENT (  '', '', ( #936 ) ) ;
#2573 = DIRECTION ( 'NONE',  ( -0.000000000000000000, 1.000000000000000000, 0.000000000000000000 ) ) ;
#2575 = CARTESIAN_POINT ( 'NONE',  ( 0.000000000000000000, 0.000000000000000000, 0.000000000000000000 ) ) ;
#2574 = FACE_OUTER_BOUND ( 'NONE', #843, .T. ) ;
#2576 = ADVANCED_FACE ( 'NONE', ( #418 ), #1742, .F. ) ;
#2577 = DIRECTION ( 'NONE',  ( -1.000000000000000000, 0.000000000000000000, 0.000000000000000000 ) ) ;
#2578 = AXIS2_PLACEMENT_3D ( 'NONE', #2000, #2651, #1573 ) ;
#2579 = CIRCLE ( 'NONE', #2713, 0.9906000000000003691 ) ;
#2580 = ORIENTED_EDGE ( 'NONE', *, *, #411, .T. ) ;
#2581 = EDGE_CURVE ( 'NONE', #221, #2489, #1756, .T. ) ;
#2582 = CYLINDRICAL_SURFACE ( 'NONE', #1130, 4.150000000000000355 ) ;
#2583 = AXIS2_PLACEMENT_3D ( 'NONE', #688, #2605, #649 ) ;
#2584 = ORIENTED_EDGE ( 'NONE', *, *, #677, .T. ) ;
#2585 = DIRECTION ( 'NONE',  ( 0.000000000000000000, 0.000000000000000000, -1.000000000000000000 ) ) ;
#2586 = DIRECTION ( 'NONE',  ( 0.000000000000000000, 0.000000000000000000, -1.000000000000000000 ) ) ;
#2587 = CARTESIAN_POINT ( 'NONE',  ( 0.000000000000000000, -0.4900000000000000466, -18.35857864376268722 ) ) ;
#2588 = VERTEX_POINT ( 'NONE', #1968 ) ;
#2589 = CARTESIAN_POINT ( 'NONE',  ( -2.580939751330999954, -3.181980515339000171, -18.39999999999999858 ) ) ;
#2590 = CARTESIAN_POINT ( 'NONE',  ( -0.7799999999999998046, 0.3900000000000001799, -18.40000000000000213 ) ) ;
#2591 = CARTESIAN_POINT ( 'NONE',  ( -4.412614758428053285, 0.000000000000000000, -5.421140286650980578 ) ) ;
#2592 = DIRECTION ( 'NONE',  ( 1.000000000000000000, 0.000000000000000000, 0.000000000000000000 ) ) ;
#2593 = VERTEX_POINT ( 'NONE', #32 ) ;
#2594 = LINE ( 'NONE', #1503, #1261 ) ;
#2595 = ADVANCED_FACE ( 'NONE', ( #4 ), #1071, .F. ) ;
#2596 = ORIENTED_EDGE ( 'NONE', *, *, #1046, .T. ) ;
#2598 = CARTESIAN_POINT ( 'NONE',  ( -4.228719372013818756, -0.7614195887754932057, -3.602342736574311477 ) ) ;
#2597 = LINE ( 'NONE', #2130, #1441 ) ;
#2599 = CARTESIAN_POINT ( 'NONE',  ( 0.1000000000000000056, 0.6928203230275754576, -4.500000000000000888 ) ) ;
#2600 = LINE ( 'NONE', #226, #1488 ) ;
#2601 = ORIENTED_EDGE ( 'NONE', *, *, #77, .T. ) ;
#2602 = CARTESIAN_POINT ( 'NONE',  ( 0.000000000000000000, 0.000000000000000000, -11.90000000000000036 ) ) ;
#2603 = CARTESIAN_POINT ( 'NONE',  ( 0.000000000000000000, 0.000000000000000000, 1.734723475976807094E-14 ) ) ;
#2604 = CIRCLE ( 'NONE', #1746, 2.375000000000000000 ) ;
#2605 = DIRECTION ( 'NONE',  ( 0.000000000000000000, 0.000000000000000000, 1.000000000000000000 ) ) ;
#2606 = CIRCLE ( 'NONE', #1108, 2.375000000000000000 ) ;
#2607 = DIRECTION ( 'NONE',  ( 0.000000000000000000, 1.000000000000000000, -0.000000000000000000 ) ) ;
#2608 = ORIENTED_EDGE ( 'NONE', *, *, #1114, .F. ) ;
#2609 = LINE ( 'NONE', #652, #2075 ) ;
#2610 = EDGE_LOOP ( 'NONE', ( #1293, #457, #792, #149 ) ) ;
#2611 = EDGE_CURVE ( 'NONE', #1900, #69, #1591, .T. ) ;
#2612 = FACE_OUTER_BOUND ( 'NONE', #292, .T. ) ;
#2613 = CARTESIAN_POINT ( 'NONE',  ( 0.9799999999999998712, -0.4900000000000001021, -18.30000000000000071 ) ) ;
#2614 = COLOUR_RGB ( '',0.6470588235294117974, 0.5176470588235293491, 0.000000000000000000 ) ;
#2615 = ORIENTED_EDGE ( 'NONE', *, *, #2552, .T. ) ;
#2616 = EDGE_CURVE ( 'NONE', #1394, #1834, #2361, .T. ) ;
#2617 = DIRECTION ( 'NONE',  ( 1.000000000000000000, 0.000000000000000000, 4.818676321845661878E-16 ) ) ;
#2618 = DIRECTION ( 'NONE',  ( 2.409338160922831432E-16, -0.000000000000000000, -1.000000000000000000 ) ) ;
#2619 = AXIS2_PLACEMENT_3D ( 'NONE', #2051, #1601, #2026 ) ;
#2620 = CIRCLE ( 'NONE', #1984, 1.000000000000000000 ) ;
#2621 = CARTESIAN_POINT ( 'NONE',  ( 8.665232575855936759, 4.332616287927968379, -5.201346295360965044 ) ) ;
#2622 = COLOUR_RGB ( '',0.6470588235294117974, 0.5176470588235293491, 0.000000000000000000 ) ;
#2623 = ORIENTED_EDGE ( 'NONE', *, *, #170, .T. ) ;
#2624 = AXIS2_PLACEMENT_3D ( 'NONE', #1468, #1047, #132 ) ;
#2625 = DIRECTION ( 'NONE',  ( 0.000000000000000000, 0.000000000000000000, -1.000000000000000000 ) ) ;
#2626 = ORIENTED_EDGE ( 'NONE', *, *, #814, .T. ) ;
#2627 = PRODUCT_CONTEXT ( 'NONE', #1636, 'mechanical' ) ;
#2628 = CARTESIAN_POINT ( 'NONE',  ( -3.181980515339000171, 2.580939751330999954, -38.50000000000000000 ) ) ;
#2629 = AXIS2_PLACEMENT_3D ( 'NONE', #487, #257, #509 ) ;
#2630 = PLANE ( 'NONE',  #1947 ) ;
#2631 = EDGE_CURVE ( 'NONE', #777, #807, #1725, .T. ) ;
#2632 = ORIENTED_EDGE ( 'NONE', *, *, #1136, .F. ) ;
#2633 = DIRECTION ( 'NONE',  ( 0.000000000000000000, 0.000000000000000000, -1.000000000000000000 ) ) ;
#2634 = DIRECTION ( 'NONE',  ( 1.000000000000000000, 0.000000000000000000, 0.000000000000000000 ) ) ;
#2635 = CARTESIAN_POINT ( 'NONE',  ( -8.583999999999997854, -4.292000000000000703, -4.737099999999998978 ) ) ;
#2636 = EDGE_CURVE ( 'NONE', #2295, #734, #2030, .T. ) ;
#2637 = CARTESIAN_POINT ( 'NONE',  ( -3.181980515339000171, 3.783021279348000032, -13.90000000000000213 ) ) ;
#2638 = CARTESIAN_POINT ( 'NONE',  ( -5.500000000000000000, 0.000000000000000000, -4.241799999999999571 ) ) ;
#2639 = ORIENTED_EDGE ( 'NONE', *, *, #1956, .F. ) ;
#2640 = EDGE_LOOP ( 'NONE', ( #381, #1143, #2795, #1096 ) ) ;
#2641 =( NAMED_UNIT ( * ) SI_UNIT ( $, .STERADIAN. ) SOLID_ANGLE_UNIT ( ) );
#2642 = EDGE_LOOP ( 'NONE', ( #1469, #1609, #2143, #970 ) ) ;
#2643 =( NAMED_UNIT ( * ) SI_UNIT ( $, .STERADIAN. ) SOLID_ANGLE_UNIT ( ) );
#2644 = DIRECTION ( 'NONE',  ( 0.000000000000000000, 0.000000000000000000, -1.000000000000000000 ) ) ;
#2645 = EDGE_CURVE ( 'NONE', #1134, #1587, #990, .T. ) ;
#2646 = LINE ( 'NONE', #1996, #2432 ) ;
#2647 = ORIENTED_EDGE ( 'NONE', *, *, #2516, .T. ) ;
#2648 = PRESENTATION_LAYER_ASSIGNMENT (  '', '', ( #2457 ) ) ;
#2649 = CIRCLE ( 'NONE', #1700, 4.291999999999999815 ) ;
#2650 = VERTEX_POINT ( 'NONE', #1390 ) ;
#2651 = DIRECTION ( 'NONE',  ( 0.000000000000000000, 0.000000000000000000, 1.000000000000000000 ) ) ;
#2652 = ORIENTED_EDGE ( 'NONE', *, *, #1656, .T. ) ;
#2653 = LINE ( 'NONE', #2204, #2238 ) ;
#2654 = DIRECTION ( 'NONE',  ( 0.000000000000000000, 0.000000000000000000, 1.000000000000000000 ) ) ;
#2655 = DIRECTION ( 'NONE',  ( 0.000000000000000000, 0.000000000000000000, 1.000000000000000000 ) ) ;
#2656 = MECHANICAL_DESIGN_GEOMETRIC_PRESENTATION_REPRESENTATION (  '', ( #743 ), #1158 ) ;
#2657 = CARTESIAN_POINT ( 'NONE',  ( 4.205389129438559692, -0.8578847649888583504, -3.746499999999987729 ) ) ;
#2658 = CARTESIAN_POINT ( 'NONE',  ( -2.375000000000000000, 0.000000000000000000, -3.500000000000000000 ) ) ;
#2659 = CIRCLE ( 'NONE', #469, 0.4899999999999999911 ) ;
#2660 = CARTESIAN_POINT ( 'NONE',  ( 0.000000000000000000, 0.000000000000000000, -1.998127509807545721 ) ) ;
#2661 =( BOUNDED_SURFACE ( )  B_SPLINE_SURFACE ( 3, 3, ( 
 ( #867, #2635, #879, #1512 ),
 ( #472, #1126, #663, #31 ),
 ( #1335, #1553, #647, #1755 ),
 ( #2418, #2206, #2379, #686 ) ),
 .UNSPECIFIED., .F., .F., .F. ) 
 B_SPLINE_SURFACE_WITH_KNOTS ( ( 4, 4 ),
 ( 4, 4 ),
 ( 0.000000000000000000, 1.000000000000000000 ),
 ( 0.000000000000000000, 1.000000000000000000 ),
 .UNSPECIFIED. ) 
 GEOMETRIC_REPRESENTATION_ITEM ( )  RATIONAL_B_SPLINE_SURFACE ( (
 ( 1.000000000000000000, 0.3333333333333334259, 0.3333333333333334259, 1.000000000000000000),
 ( 0.9898718353414830418, 0.3299572784471611064, 0.3299572784471611064, 0.9898718353414830418),
 ( 0.9898718353414830418, 0.3299572784471611064, 0.3299572784471611064, 0.9898718353414830418),
 ( 1.000000000000000000, 0.3333333333333334259, 0.3333333333333334259, 1.000000000000000000) ) ) 
 REPRESENTATION_ITEM ( '' )  SURFACE ( )  );
#2662 = VECTOR ( 'NONE', #2278, 1000.000000000000114 ) ;
#2663 = ADVANCED_FACE ( 'NONE', ( #705 ), #2246, .F. ) ;
#2664 = ORIENTED_EDGE ( 'NONE', *, *, #2409, .F. ) ;
#2665 = AXIS2_PLACEMENT_3D ( 'NONE', #2603, #460, #1140 ) ;
#2666 = AXIS2_PLACEMENT_3D ( 'NONE', #1559, #1752, #904 ) ;
#2667 = ORIENTED_EDGE ( 'NONE', *, *, #910, .T. ) ;
#2668 = DIRECTION ( 'NONE',  ( 0.7071067811864976127, 0.7071067811865975328, -0.000000000000000000 ) ) ;
#2669 =( GEOMETRIC_REPRESENTATION_CONTEXT ( 3 ) GLOBAL_UNCERTAINTY_ASSIGNED_CONTEXT ( ( #348 ) ) GLOBAL_UNIT_ASSIGNED_CONTEXT ( ( #2208, #1088, #461 ) ) REPRESENTATION_CONTEXT ( 'NONE', 'WORKASPACE' ) );
#2670 = EDGE_LOOP ( 'NONE', ( #247, #187, #25, #2502 ) ) ;
#2671 = SURFACE_SIDE_STYLE ('',( #471 ) ) ;
#2672 = DIRECTION ( 'NONE',  ( -0.000000000000000000, -0.000000000000000000, -1.000000000000000000 ) ) ;
#2673 = LINE ( 'NONE', #2275, #2707 ) ;
#2674 = LINE ( 'NONE', #2006, #1398 ) ;
#2675 = LINE ( 'NONE', #1210, #2662 ) ;
#2676 = ORIENTED_EDGE ( 'NONE', *, *, #1119, .F. ) ;
#2677 = EDGE_CURVE ( 'NONE', #124, #2168, #2267, .T. ) ;
#2678 = VERTEX_POINT ( 'NONE', #2482 ) ;
#2679 = EDGE_CURVE ( 'NONE', #484, #1827, #1862, .T. ) ;
#2680 = SURFACE_STYLE_FILL_AREA ( #109 ) ;
#2681 = DIRECTION ( 'NONE',  ( 1.000000000000000000, 0.000000000000000000, 0.000000000000000000 ) ) ;
#2682 = ORIENTED_EDGE ( 'NONE', *, *, #2033, .T. ) ;
#2683 = CARTESIAN_POINT ( 'NONE',  ( 4.205389129438561469, 0.8578847649888510229, -4.737100000000023847 ) ) ;
#2684 = CARTESIAN_POINT ( 'NONE',  ( -0.1000000000000000056, 0.000000000000000000, -8.500000000000000000 ) ) ;
#2685 = B_SPLINE_CURVE_WITH_KNOTS ( 'NONE', 3,
 ( #2319, #866, #432, #18 ),
 .UNSPECIFIED., .F., .F.,
 ( 4, 4 ),
 ( 4.916391185061040465E-15, 0.0002839812128169129000 ),
 .UNSPECIFIED. ) ;
#2686 = DIRECTION ( 'NONE',  ( 1.000000000000000000, 0.000000000000000000, 0.000000000000000000 ) ) ;
#2687 = VERTEX_POINT ( 'NONE', #1820 ) ;
#2688 = CARTESIAN_POINT ( 'NONE',  ( -3.181980515339000171, 2.580939751330999954, -18.39999999999999858 ) ) ;
#2689 = VERTEX_POINT ( 'NONE', #1152 ) ;
#2690 = CIRCLE ( 'NONE', #2459, 4.799999999999999822 ) ;
#2691 = PRODUCT ( 'CONBNC001', 'CONBNC001', '', ( #2627 ) ) ;
#2692 = EDGE_CURVE ( 'NONE', #2008, #2689, #2674, .T. ) ;
#2693 = ORIENTED_EDGE ( 'NONE', *, *, #835, .F. ) ;
#2694 = CARTESIAN_POINT ( 'NONE',  ( 0.000000000000000000, 0.000000000000000000, -19.78592929112999954 ) ) ;
#2695 = EDGE_CURVE ( 'NONE', #1456, #2588, #294, .T. ) ;
#2696 = CARTESIAN_POINT ( 'NONE',  ( 5.500000000000000000, 0.000000000000000000, -4.241799999999999571 ) ) ;
#2697 = LINE ( 'NONE', #747, #2060 ) ;
#2698 = CARTESIAN_POINT ( 'NONE',  ( -2.580939751330885379, -3.181980515339114302, -13.90000000000000213 ) ) ;
#2699 = AXIS2_PLACEMENT_3D ( 'NONE', #2602, #1311, #1772 ) ;
#2700 =( GEOMETRIC_REPRESENTATION_CONTEXT ( 3 ) GLOBAL_UNCERTAINTY_ASSIGNED_CONTEXT ( ( #1451 ) ) GLOBAL_UNIT_ASSIGNED_CONTEXT ( ( #765, #1397, #969 ) ) REPRESENTATION_CONTEXT ( 'NONE', 'WORKASPACE' ) );
#2701 = ORIENTED_EDGE ( 'NONE', *, *, #1407, .T. ) ;
#2702 = SURFACE_STYLE_FILL_AREA ( #2059 ) ;
#2703 = AXIS2_PLACEMENT_3D ( 'NONE', #846, #2270, #1642 ) ;
#2704 = VERTEX_POINT ( 'NONE', #2657 ) ;
#2705 = VECTOR ( 'NONE', #1610, 1000.000000000000000 ) ;
#2706 = PRESENTATION_STYLE_ASSIGNMENT (( #2010 ) ) ;
#2707 = VECTOR ( 'NONE', #310, 1000.000000000000000 ) ;
#2708 = ORIENTED_EDGE ( 'NONE', *, *, #491, .F. ) ;
#2709 = CYLINDRICAL_SURFACE ( 'NONE', #281, 0.9906000000000003691 ) ;
#2710 = VECTOR ( 'NONE', #483, 1000.000000000000114 ) ;
#2711 = DIRECTION ( 'NONE',  ( 0.000000000000000000, 0.000000000000000000, -1.000000000000000000 ) ) ;
#2712 = ADVANCED_FACE ( 'NONE', ( #937 ), #311, .F. ) ;
#2713 = AXIS2_PLACEMENT_3D ( 'NONE', #1285, #1748, #421 ) ;
#2714 = ORIENTED_EDGE ( 'NONE', *, *, #1543, .T. ) ;
#2715 = DIRECTION ( 'NONE',  ( 1.000000000000000000, 0.000000000000000000, 0.000000000000000000 ) ) ;
#2716 = CARTESIAN_POINT ( 'NONE',  ( -0.7800000000000001377, -0.3900000000000001243, -18.39999999999999503 ) ) ;
#2717 = STYLED_ITEM ( 'NONE', ( #2290 ), #2812 ) ;
#2718 = EDGE_CURVE ( 'NONE', #1869, #114, #1542, .T. ) ;
#2719 = ORIENTED_EDGE ( 'NONE', *, *, #1617, .T. ) ;
#2720 = FACE_OUTER_BOUND ( 'NONE', #606, .T. ) ;
#2721 = ORIENTED_EDGE ( 'NONE', *, *, #693, .F. ) ;
#2722 = ORIENTED_EDGE ( 'NONE', *, *, #1188, .F. ) ;
#2723 = CARTESIAN_POINT ( 'NONE',  ( 0.000000000000000000, 0.000000000000000000, -6.485472490567190995 ) ) ;
#2724 = CARTESIAN_POINT ( 'NONE',  ( 0.000000000000000000, 0.000000000000000000, -18.39999999999999858 ) ) ;
#2725 = PRESENTATION_STYLE_ASSIGNMENT (( #400 ) ) ;
#2726 = ORIENTED_EDGE ( 'NONE', *, *, #1992, .F. ) ;
#2727 = FACE_OUTER_BOUND ( 'NONE', #669, .T. ) ;
#2728 = DIRECTION ( 'NONE',  ( -0.000000000000000000, 0.000000000000000000, 1.000000000000000000 ) ) ;
#2729 = DIRECTION ( 'NONE',  ( 0.000000000000000000, 0.000000000000000000, 1.000000000000000000 ) ) ;
#2730 = ADVANCED_FACE ( 'NONE', ( #1365 ), #83, .T. ) ;
#2731 = CARTESIAN_POINT ( 'NONE',  ( 0.000000000000000000, 0.000000000000000000, -3.500000000000000000 ) ) ;
#2732 = ORIENTED_EDGE ( 'NONE', *, *, #955, .F. ) ;
#2733 = FILL_AREA_STYLE ('',( #1870 ) ) ;
#2734 = ORIENTED_EDGE ( 'NONE', *, *, #711, .F. ) ;
#2735 = DIRECTION ( 'NONE',  ( -0.000000000000000000, -0.000000000000000000, 1.000000000000000000 ) ) ;
#2736 = B_SPLINE_CURVE_WITH_KNOTS ( 'NONE', 3,
 ( #841, #860, #637, #2412, #453, #1517 ),
 .UNSPECIFIED., .F., .F.,
 ( 4, 2, 4 ),
 ( 0.001044388461473542582, 0.001565564550541304577, 0.002086740639609066788 ),
 .UNSPECIFIED. ) ;
#2737 = COLOUR_RGB ( '',0.6470588235294117974, 0.5176470588235293491, 0.000000000000000000 ) ;
#2738 = ORIENTED_EDGE ( 'NONE', *, *, #254, .F. ) ;
#2739 = CARTESIAN_POINT ( 'NONE',  ( 0.000000000000000000, 0.1000000000000000056, -4.500000000000000888 ) ) ;
#2740 = DIRECTION ( 'NONE',  ( -1.000000000000000000, 0.000000000000000000, 0.000000000000000000 ) ) ;
#2742 =( LENGTH_UNIT ( ) NAMED_UNIT ( * ) SI_UNIT ( .MILLI., .METRE. ) );
#2741 = FACE_OUTER_BOUND ( 'NONE', #1510, .T. ) ;
#2743 = B_SPLINE_CURVE_WITH_KNOTS ( 'NONE', 3,
 ( #328, #2266, #2497, #1808, #1593, #1154 ),
 .UNSPECIFIED., .F., .F.,
 ( 4, 2, 4 ),
 ( 4.848699518061080308E-19, 0.0005161399002314911175, 0.001032279800462981801 ),
 .UNSPECIFIED. ) ;
#2744 = FACE_BOUND ( 'NONE', #1196, .T. ) ;
#2745 = EDGE_CURVE ( 'NONE', #1786, #534, #2310, .T. ) ;
#2746 = VECTOR ( 'NONE', #203, 1000.000000000000114 ) ;
#2747 = EDGE_LOOP ( 'NONE', ( #1299, #1680, #2186, #2022, #797 ) ) ;
#2748 = CIRCLE ( 'NONE', #1660, 4.412614758450672525 ) ;
#2749 = SURFACE_SIDE_STYLE ('',( #1902 ) ) ;
#2750 = ADVANCED_FACE ( 'NONE', ( #1470 ), #1934, .F. ) ;
#2751 = UNCERTAINTY_MEASURE_WITH_UNIT (LENGTH_MEASURE( 1.000000000000000082E-05 ), #1513, 'distance_accuracy_value', 'NONE');
#2752 = EDGE_LOOP ( 'NONE', ( #1625, #122, #1739, #2049 ) ) ;
#2753 = CARTESIAN_POINT ( 'NONE',  ( 3.181980515339114302, -2.580939751330885379, -18.39999999999999858 ) ) ;
#2754 = DIRECTION ( 'NONE',  ( 0.000000000000000000, 0.000000000000000000, 1.000000000000000000 ) ) ;
#2755 = AXIS2_PLACEMENT_3D ( 'NONE', #1364, #2711, #718 ) ;
#2756 = ORIENTED_EDGE ( 'NONE', *, *, #219, .T. ) ;
#2757 = AXIS2_PLACEMENT_3D ( 'NONE', #588, #1440, #2517 ) ;
#2758 = DIRECTION ( 'NONE',  ( 0.000000000000000000, -1.000000000000000000, 0.000000000000000000 ) ) ;
#2759 = CARTESIAN_POINT ( 'NONE',  ( -0.7600994779490425346, -0.1000000000000000056, -3.633410905929152168 ) ) ;
#2760 = VECTOR ( 'NONE', #1301, 1000.000000000000000 ) ;
#2761 = UNCERTAINTY_MEASURE_WITH_UNIT (LENGTH_MEASURE( 1.000000000000000082E-05 ), #1579, 'distance_accuracy_value', 'NONE');
#2762 = CARTESIAN_POINT ( 'NONE',  ( 4.205389129438561469, 0.8578847649888510229, -4.737100000000023847 ) ) ;
#2763 = VECTOR ( 'NONE', #1193, 1000.000000000000000 ) ;
#2764 = CARTESIAN_POINT ( 'NONE',  ( -3.181980515339000171, -3.783021279348000032, -38.50000000000000000 ) ) ;
#2765 = ORIENTED_EDGE ( 'NONE', *, *, #2695, .T. ) ;
#2766 =( LENGTH_UNIT ( ) NAMED_UNIT ( * ) SI_UNIT ( .MILLI., .METRE. ) );
#2767 = VERTEX_POINT ( 'NONE', #2565 ) ;
#2768 = LINE ( 'NONE', #1935, #1651 ) ;
#2769 = EDGE_CURVE ( 'NONE', #490, #1786, #382, .T. ) ;
#2770 = CARTESIAN_POINT ( 'NONE',  ( 4.799999999999999822, 5.878304635907294211E-16, -13.90000000000000036 ) ) ;
#2771 = SURFACE_SIDE_STYLE ('',( #1459 ) ) ;
#2772 = VERTEX_POINT ( 'NONE', #1490 ) ;
#2773 = FACE_OUTER_BOUND ( 'NONE', #2642, .T. ) ;
#2774 = CARTESIAN_POINT ( 'NONE',  ( -4.228719372013817868, 0.7614195887754952041, -4.881257263425686332 ) ) ;
#2776 = FACE_OUTER_BOUND ( 'NONE', #2359, .T. ) ;
#2775 = LINE ( 'NONE', #600, #899 ) ;
#2777 = CARTESIAN_POINT ( 'NONE',  ( -0.1000000000000000056, 0.000000000000000000, -4.500000000000000888 ) ) ;
#2778 = ORIENTED_EDGE ( 'NONE', *, *, #2769, .T. ) ;
#2779 = CARTESIAN_POINT ( 'NONE',  ( -4.205389129438560580, 0.8578847649888522442, -4.737100000000023847 ) ) ;
#2780 = EDGE_LOOP ( 'NONE', ( #2652, #1566, #1635, #1229, #1875, #902 ) ) ;
#2782 = DIRECTION ( 'NONE',  ( -1.000000000000000000, 0.000000000000000000, 0.000000000000000000 ) ) ;
#2781 = CYLINDRICAL_SURFACE ( 'NONE', #392, 1.000000000000000000 ) ;
#2783 = DIRECTION ( 'NONE',  ( 0.7071067811865474617, -0.7071067811865474617, 0.000000000000000000 ) ) ;
#2784 = CARTESIAN_POINT ( 'NONE',  ( 4.799999999999999822, 5.878304635907294211E-16, 0.000000000000000000 ) ) ;
#2785 = EDGE_CURVE ( 'NONE', #1091, #956, #1263, .T. ) ;
#2786 = ORIENTED_EDGE ( 'NONE', *, *, #1672, .F. ) ;
#2787 = AXIS2_PLACEMENT_3D ( 'NONE', #1802, #2002, #684 ) ;
#2788 = DIRECTION ( 'NONE',  ( 1.000000000000000000, 0.000000000000000000, 4.818676321845661878E-16 ) ) ;
#2789 = CARTESIAN_POINT ( 'NONE',  ( -0.9799999999999998712, -0.4899999999999998246, -18.35857864376268722 ) ) ;
#2790 = PRESENTATION_LAYER_ASSIGNMENT (  '', '', ( #1197 ) ) ;
#2791 = EDGE_CURVE ( 'NONE', #325, #2342, #900, .T. ) ;
#2793 = CARTESIAN_POINT ( 'NONE',  ( 0.1000000000000000056, 0.9949874371065999812, -8.500000000000000000 ) ) ;
#2792 = FILL_AREA_STYLE ('',( #1927 ) ) ;
#2794 = CARTESIAN_POINT ( 'NONE',  ( 0.000000000000000000, 0.000000000000000000, -11.90000000000000036 ) ) ;
#2795 = ORIENTED_EDGE ( 'NONE', *, *, #1133, .T. ) ;
#2796 = CARTESIAN_POINT ( 'NONE',  ( 0.000000000000000000, 0.000000000000000000, -13.90000000000000036 ) ) ;
#2797 =( GEOMETRIC_REPRESENTATION_CONTEXT ( 3 ) GLOBAL_UNCERTAINTY_ASSIGNED_CONTEXT ( ( #357 ) ) GLOBAL_UNIT_ASSIGNED_CONTEXT ( ( #646, #1740, #685 ) ) REPRESENTATION_CONTEXT ( 'NONE', 'WORKASPACE' ) );
#2798 = ORIENTED_EDGE ( 'NONE', *, *, #491, .T. ) ;
#2799 = DIRECTION ( 'NONE',  ( 0.000000000000000000, 0.000000000000000000, -1.000000000000000000 ) ) ;
#2800 = VECTOR ( 'NONE', #2783, 1000.000000000000114 ) ;
#2801 = CARTESIAN_POINT ( 'NONE',  ( 0.9949874371066197432, 0.1000000000000009076, -3.500000000000000000 ) ) ;
#2802 = CARTESIAN_POINT ( 'NONE',  ( -1.000000000000000000, 0.000000000000000000, -4.500000000000000888 ) ) ;
#2803 = AXIS2_PLACEMENT_3D ( 'NONE', #233, #1112, #245 ) ;
#2804 = ORIENTED_EDGE ( 'NONE', *, *, #1396, .T. ) ;
#2805 = PRESENTATION_STYLE_ASSIGNMENT (( #2417 ) ) ;
#2806 = AXIS2_PLACEMENT_3D ( 'NONE', #2, #1541, #2408 ) ;
#2807 = EDGE_CURVE ( 'NONE', #431, #1909, #2597, .T. ) ;
#2808 = CARTESIAN_POINT ( 'NONE',  ( -4.354300872168248127, 0.1758461275746612262, -5.232400000000027696 ) ) ;
#2809 = MECHANICAL_DESIGN_GEOMETRIC_PRESENTATION_REPRESENTATION (  '', ( #1213 ), #1169 ) ;
#2811 = DIRECTION ( 'NONE',  ( -0.000000000000000000, -0.000000000000000000, 1.000000000000000000 ) ) ;
#2810 =( NAMED_UNIT ( * ) PLANE_ANGLE_UNIT ( ) SI_UNIT ( $, .RADIAN. ) );
#2812 = ADVANCED_FACE ( 'NONE', ( #639 ), #2781, .F. ) ;
#2813 = FACE_BOUND ( 'NONE', #34, .T. ) ;
#2814 = AXIS2_PLACEMENT_3D ( 'NONE', #326, #1207, #1258 ) ;
#2815 = VERTEX_POINT ( 'NONE', #2832 ) ;
#2816 = CARTESIAN_POINT ( 'NONE',  ( -0.1000000000000000056, -0.6928203230247081956, -3.699999999978348164 ) ) ;
#2817 = EDGE_LOOP ( 'NONE', ( #745, #810 ) ) ;
#2819 = DIRECTION ( 'NONE',  ( -0.7071067811865975328, 0.7071067811864976127, 0.000000000000000000 ) ) ;
#2818 =( NAMED_UNIT ( * ) SI_UNIT ( $, .STERADIAN. ) SOLID_ANGLE_UNIT ( ) );
#2820 = DIRECTION ( 'NONE',  ( 0.000000000000000000, 1.000000000000000000, 0.000000000000000000 ) ) ;
#2821 = FACE_OUTER_BOUND ( 'NONE', #1983, .T. ) ;
#2822 = ORIENTED_EDGE ( 'NONE', *, *, #2195, .T. ) ;
#2823 = FACE_OUTER_BOUND ( 'NONE', #1849, .T. ) ;
#2824 = CARTESIAN_POINT ( 'NONE',  ( -4.263305870160102096, 0.6451254530397764198, -3.470676862482017455 ) ) ;
#2825 = DIRECTION ( 'NONE',  ( 0.000000000000000000, -0.000000000000000000, -1.000000000000000000 ) ) ;
#2826 = CARTESIAN_POINT ( 'NONE',  ( 0.000000000000000000, 4.291999999999999815, -4.737099999999998978 ) ) ;
#2827 = EDGE_CURVE ( 'NONE', #610, #446, #611, .T. ) ;
#2828 = EDGE_LOOP ( 'NONE', ( #673, #1753 ) ) ;
#2829 = DIRECTION ( 'NONE',  ( 0.000000000000000000, 0.000000000000000000, -1.000000000000000000 ) ) ;
#2830 = EDGE_CURVE ( 'NONE', #625, #2196, #712, .T. ) ;
#2831 = ORIENTED_EDGE ( 'NONE', *, *, #266, .T. ) ;
#2832 = CARTESIAN_POINT ( 'NONE',  ( -3.783021279348011134, -3.181980515339011273, -13.90000000000000213 ) ) ;
#2833 = DIRECTION ( 'NONE',  ( -0.000000000000000000, -0.000000000000000000, 1.000000000000000000 ) ) ;
#2834 = CARTESIAN_POINT ( 'NONE',  ( 3.181980515339011273, -3.783021279348011134, -18.39999999999999858 ) ) ;
#2835 = VERTEX_POINT ( 'NONE', #115 ) ;
ENDSEC;
END-ISO-10303-21;
